facility_id,company_id,reporting_date,observation_date,maturity_date,product_type,limit_amount,outstanding_amount,undrawn_amount,interest_rate,term_months,revolving_flag,seniority,currency,repayment_type,industry,region,company_size,legal_form,ownership_type,years_in_business,employees_count,exporter_flag,state_related_flag,related_party_flag,current_ratio,quick_ratio,debt_to_equity,debt_to_assets,debt_to_ebitda,interest_coverage,ebitda_margin,net_profit_margin,operating_cf_to_debt,cash_to_short_term_debt,equity_to_assets,revenue_growth_yoy,collateral_type,collateral_value,effective_collateral_value,collateral_coverage,effective_collateral_coverage,origination_rating_grade,origination_rating_order,origination_pd_estimate,current_rating_date,current_rating_grade,current_rating_order,current_pd_estimate,latest_payment_date,current_dpd,current_outstanding_balance,watchlist_flag,restructuring_flag,max_dpd_observed,max_dpd_12m,default_date,default_type,dpd_at_default,writeoff_flag,default_flag,pd_ratio_current_to_origination,rating_downgrade_notches,target_default_12m
F0000001,C000001,2025-12-31,2022-08-02,2024-02-02,term_loan,3065.59,2587.73,477.86,0.1385,18,0,senior_secured,KZT,bullet,trade,Kostanay,micro,LLP,private,23.9,13,0,0,0,1.3235300745256620,0.86098717481232015580,0.82402164200499302107,0.23047523002659749980,4.2451735838784360,2.4921312994942269,0.08670579396358427228,0.02663281294729499357,0.23380744350643867561,0.83230256718505336926,0.27969560297689483957,,inventory,3541.08,1593.4860,1.3684116967380677,0.61578526353213047729,C,3,0.023595,2025-01-01,C,3,0.018474,2024-02-01,60,207.84,0,0,60,60,,,,,0,0.78296249205340114431,0,0
F0000002,C000001,2025-12-31,2022-02-13,2025-02-13,working_capital,10932.79,8813.54,2119.25,0.1268,36,0,senior_secured,KZT,amortizing,trade,Kostanay,micro,LLP,private,23.9,13,0,0,0,1.3235300745256620,0.86098717481232015580,0.82402164200499302107,0.23047523002659749980,4.2451735838784360,2.4921312994942269,0.08670579396358427228,0.02663281294729499357,0.23380744350643867561,0.83230256718505336926,0.27969560297689483957,,none,0.0,0.00,0.00000000000000000000,0.00000000000000000000,C,3,0.023595,2025-01-01,C,3,0.018474,2025-02-01,5,641.91,0,0,60,30,,,,,0,0.78296249205340114431,0,0
F0000003,C000002,2025-12-31,2023-09-14,2024-09-14,term_loan,29497.61,29072.45,425.15,0.1415,12,0,senior_unsecured,USD,amortizing,services,Atyrau,small,LLP,private,7.4,18,0,0,0,1.6888729444023559,1.1085042556703386,0.75559578885510077381,0.28115410568967719077,-335.7639607785959029,-0.03054138767712785825,-0.00080977128344527485,-0.07316124448923692531,-0.00167679032011436762,0.57546777266238593022,0.37209591402790838050,0.05848583236791227853,none,0.0,0.00,0.000000000000000000000000,0.000000000000000000000000,C,3,0.019887,2025-01-01,C,3,0.018214,2024-09-01,0,1108.05,0,0,15,15,,,,,0,0.91587469200985568462,0,0
F0000004,C000002,2025-12-31,2022-07-09,2024-01-09,leasing,136265.71,127544.16,8721.55,0.1461,18,0,senior_secured,USD,amortizing,services,Atyrau,small,LLP,private,7.4,18,0,0,0,3.0874297032993055,2.4518025955659008,0.73269346095800790871,0.25657875125699647036,14.7723741747494734,0.45685746418498389576,0.03030163003065602391,0.00127346535544366253,0.05880339068145064066,1.2344055372789045,0.35018567099195320787,,receivables,170471.04,93759.0720,1.3365648415419412,0.73511066284806768103,C,3,0.022311,2025-01-01,C,3,0.018214,2024-01-01,0,17800.24,0,0,30,30,,,,,0,0.81636860741338353279,0,0
F0000005,C000003,2025-12-31,2024-06-20,2028-06-20,term_loan,11002.46,10258.17,744.29,0.1193,48,0,senior_unsecured,USD,bullet,energy,Aktobe,micro,LLP,state_related,10.3,5,1,1,0,1.7416001711354024,1.3786612470962423,0.80206305428303841022,0.31511868191573306348,4.9587220174382554,2.0941255869387286,0.11254609128892003229,0.08042115470819636129,0.13331375010963707954,1.38491547586925223646,0.39288517309579437216,0.10249020281348991329,equipment,12545.83,7527.498,1.22300858730163372219,0.73380515238098023332,B,2,0.013653,2025-01-01,C,3,0.017588,2025-12-01,0,1490.31,0,0,60,30,,,,,0,1.2882150443126053,1,0
F0000006,C000004,2025-12-31,2022-12-15,2027-12-15,credit_line,271530.02,246563.3,24966.72,0.1452,60,1,senior_unsecured,USD,amortizing,real_estate,Other,small,LLP,private,15.5,24,0,0,0,1.9526528417227769,1.8439770247335357,0.98109158687548067122,0.29543173058883429249,2.7241874089731660,3.8525789801628274,0.13483304471838334513,0.10634144278792763048,0.18015903387755137948,1.4495947305063195,0.30112553663792679347,,none,0.0,0.00,0.000000000000000000000000,0.000000000000000000000000,C,3,0.028335,2025-01-01,C,3,0.031538,2025-12-01,0,14299.52,0,0,15,15,,,,,0,1.1130404093876831,0,0
F0000007,C000004,2025-12-31,2024-03-08,2025-03-08,leasing,119877.32,113679.25,6198.07,0.1373,12,0,senior_unsecured,KZT,amortizing,real_estate,Other,small,LLP,private,15.5,24,0,0,0,1.0153828583627731,0.72987466799306029927,1.3285446387511200,0.31234022850512153671,3.8766824177761426,2.0923457707486639,0.11678698694326910558,0.09522153717211536693,0.25776299420555695466,0.33153233580169096373,0.23509953628560997833,0.10348494350129389291,receivables,229042.75,125973.5125,2.0148158085138669,1.1081486946826268,C,3,0.025694,2025-01-01,C,3,0.031538,2025-03-01,0,6070.99,0,0,15,15,,,,,0,1.2274460963649101,0,0
F0000008,C000005,2025-12-31,2024-11-28,2027-11-28,trade_finance,61640.31,40218.02,21422.28,0.138,36,1,senior_unsecured,USD,amortizing,manufacturing,Astana,small,LLP,private,15.6,34,0,0,0,0.87838434801741280668,0.60859072227836940954,10.1621683436118626,0.57156613681303568932,249.0640459096577358,0.03230925697744919713,0.00325150956125169950,-0.00370118683425408655,0.00281157205228499807,0.13994302898887690158,0.05624450584626787075,-0.29970815915342156848,none,0.0,0.00,0.000000000000000000000000,0.000000000000000000000000,C,3,0.034615,2025-01-01,D,4,0.035354,2025-12-01,0,1296.54,0,0,30,30,,,,,0,1.0213491261014011,1,0
F0000009,C000005,2025-12-31,2022-06-13,2024-06-13,leasing,96276.58,87275.88,9000.71,0.1414,24,0,senior_secured,KZT,annuity,manufacturing,Astana,small,LLP,private,15.6,34,0,0,0,2.2149968807625618,1.5584446825823052,13.6402970081562446,0.68201482639140725357,38.3388885259769096,0.18178401834442235929,0.01957895023235355707,-0.02412232077116868486,0.02832494201621614905,0.30946696822364165003,0.04999999823930483623,,none,0.0,0.00,0.000000000000000000000000,0.000000000000000000000000,D,4,0.040895,2025-01-01,D,4,0.035354,2024-06-01,0,5133.98,0,0,60,60,,,,,0,0.86450666340628438684,0,0
F0000010,C000006,2025-12-31,2024-07-18,2029-07-18,credit_line,7102.97,5872.9,1230.07,0.1234,60,1,senior_secured,KZT,annuity,agriculture,Other,micro,IE,private,5.4,7,0,0,0,1.8082379917436697,1.30550880482542838102,2.9238860720437213,0.57042144540573377193,9.8492109318689546,0.99658701717206592613,0.09626120039482889151,0.03341824071145866276,0.05415869493847146593,0.13412035863642123939,0.19509017497628552300,-0.42849409516740710297,none,0.0,0.00,0.00000000000000000000,0.00000000000000000000,B,2,0.014318,2025-01-01,C,3,0.031167,2025-12-01,0,287.11,0,0,30,30,,,,,0,2.1767704986729990,1,0
F0000011,C000007,2025-12-31,2023-02-09,2024-08-09,overdraft,5854.63,5111.95,742.68,0.1104,18,1,senior_secured,KZT,annuity,transport,Kostanay,small,JSC,private,23.9,57,0,0,0,1.5837238531166564,1.2113291919492776,0.52673670316362206720,0.25900465246420396139,1.4045946657580076,6.9068219161138162,0.14359932521005865576,0.10439508330391851282,0.74262946422417952005,0.42886894294022322043,0.49171559701194476842,0.19716014143169154422,inventory,5164.36,2323.9620,1.0102524476960847,0.45461360146323809896,B,2,0.00587,2025-01-01,B,2,0.00973,2024-08-01,0,659.02,0,0,60,60,,,,,0,1.6575809199318569,0,0
F0000012,C000008,2025-12-31,2022-03-21,2026-03-21,overdraft,1201715.06,642850.01,558865.06,0.1349,48,1,senior_secured,KZT,amortizing,construction,Aktobe,large,JSC,foreign_owned,9.3,838,0,0,0,1.6810568451523839,1.3049963050075856,1.1218695410278531,0.40325559371074917606,30.7178141679920569,0.62906087856957644780,0.01508982745181765389,-0.00490176561938870193,0.01716528795799667801,0.30842847729584488701,0.35944963203233752594,,receivables,1225320.76,673926.4180,1.9060756645239844,1.0483416154881914,C,3,0.019321,2025-01-01,C,3,0.023111,2025-12-01,0,47291.99,0,0,60,0,,,,,0,1.1961596190673361,0,0
F0000013,C000009,2025-12-31,2024-05-22,2028-05-22,term_loan,28193.48,23840.7,4352.78,0.1089,48,0,senior_secured,KZT,amortizing,manufacturing,Atyrau,micro,LLP,foreign_owned,21.2,10,1,0,0,2.6248574034191556,1.8519139449108658,0.29316740405179432189,0.17997721090919504074,2.8492872907207220,5.1837790570574947,0.07113292763989261615,0.00647187948489948950,0.19542490431805259023,0.66825206000677262501,0.61390594050284730443,-0.21007066698209372212,inventory,21740.82,9783.3690,0.91192037146560293951,0.41036416715952132278,A,1,0.004207,2025-01-01,A,1,0.003462,2025-12-01,5,3109.28,0,0,30,30,,,,,0,0.82291419063465652484,0,0
F0000014,C000010,2025-12-31,2022-02-06,2025-02-06,credit_line,16182.06,12144.07,4037.99,0.1097,36,1,senior_secured,KZT,amortizing,construction,Aktobe,small,IE,foreign_owned,23.7,37,0,0,0,4.3586466829447023,3.9327131612887611,0.22945559410260221862,0.14751397296620989909,1.7159438338242393,6.8555074241804624,0.09430483888016817118,0.08459911066736617611,0.21758677778171193993,1.5586544413154264,0.64288680144467642372,,none,0.0,0.00,0.000000000000000000000000,0.000000000000000000000000,B,2,0.011769,2025-01-01,B,2,0.010996,2025-02-01,0,818.8,0,0,60,60,,,,,0,0.93431897357464525448,0,0
F0000015,C000010,2025-12-31,2024-09-15,2025-09-15,leasing,49273.62,47046.59,2227.04,0.103,12,0,senior_secured,KZT,annuity,construction,Aktobe,small,IE,foreign_owned,23.7,37,0,0,0,1.6042714671631204,1.1125887116799657,0.21484170610901516628,0.13495146077488559176,1.8771957045320309,5.2315478201283700,0.12302786275388241474,0.09101666519767014265,0.32755823664924948414,0.20587764016293630586,0.62814368410576856800,-0.10625685258475214906,real_estate,40083.97,30062.9775,0.85200585207131909029,0.63900438905348931772,B,2,0.010096,2025-01-01,B,2,0.010996,2025-09-01,0,2088.79,0,0,30,30,,,,,0,1.0891442155309033,0,0
F0000016,C000011,2025-12-31,2022-05-03,2023-05-03,term_loan,679707.22,609371.28,70335.93,0.1209,12,0,senior_secured,KZT,bullet,energy,Shymkent,medium,LLP,private,13.4,161,0,0,0,1.3160290075131281,1.1751760884804478,1.0885864485465771,0.30208653129233611442,5.3642686866790123,1.9879453904214385,0.07751625941228624738,0.02037808327825835325,0.09961069326480051612,1.0610849820560657,0.27750348325175831904,,none,0.0,0.00,0.000000000000000000000000,0.000000000000000000000000,C,3,0.022541,2025-01-01,C,3,0.029032,2023-05-01,0,58743.52,0,0,60,60,,,,,0,1.2879641542078878,0,0
F0000017,C000011,2025-12-31,2023-01-09,2028-01-09,term_loan,384269.47,343738.97,40530.5,0.1382,60,0,senior_unsecured,USD,bullet,energy,Shymkent,medium,LLP,private,13.4,161,0,0,0,1.2725146646548985,0.99565463872894033757,1.6870373657145521,0.43373036529306866564,7.5720940524997302,1.1356378550650982,0.10185944531821374610,0.04540126195508421932,0.05171812379969723205,0.32580783853826911584,0.25709588543070606710,0.06980479012605044584,equipment,440757.59,264454.554,1.2822450419281817,0.76934702515690903478,C,3,0.017469,2025-01-01,C,3,0.029032,2025-12-01,0,29330.24,0,0,60,60,,,,,0,1.6619153929818536,0,0
F0000018,C000011,2025-12-31,2023-10-25,2025-10-25,credit_line,703258.15,638213.59,65044.56,0.1299,24,1,senior_secured,KZT,bullet,energy,Shymkent,medium,LLP,private,13.4,161,0,0,0,1.2725146646548985,0.99565463872894033757,1.6870373657145521,0.43373036529306866564,7.5720940524997302,1.1356378550650982,0.10185944531821374610,0.04540126195508421932,0.05171812379969723205,0.32580783853826911584,0.25709588543070606710,0.06980479012605044584,real_estate,401032.69,300774.5175,0.62836751878003725994,0.47127563908502794495,C,3,0.017469,2025-01-01,C,3,0.029032,2025-10-01,0,34692.81,0,0,30,30,,,,,0,1.6619153929818536,0,0
F0000019,C000011,2025-12-31,2023-08-13,2025-08-13,working_capital,588795.09,548665.1,40129.99,0.1485,24,0,senior_secured,KZT,annuity,energy,Shymkent,medium,LLP,private,13.4,161,0,0,0,1.2725146646548985,0.99565463872894033757,1.6870373657145521,0.43373036529306866564,7.5720940524997302,1.1356378550650982,0.10185944531821374610,0.04540126195508421932,0.05171812379969723205,0.32580783853826911584,0.25709588543070606710,0.06980479012605044584,none,0.0,0.00,0.000000000000000000000000,0.000000000000000000000000,C,3,0.017469,2025-01-01,C,3,0.029032,2025-08-01,5,33554.32,0,0,30,30,,,,,0,1.6619153929818536,0,0
F0000020,C000012,2025-12-31,2022-03-09,2025-03-09,trade_finance,20247.84,14340.47,5907.37,0.1545,36,1,senior_secured,KZT,amortizing,services,Kostanay,micro,LLP,private,2.6,6,0,0,0,1.10325918403413008361,0.73828533168059299527,5.0595862482250101,0.43360759796809640277,13.0010444248800753,0.72785460889226750872,0.02964732241791878137,-0.01046120383835510749,0.06283889263809130723,0.35174398818737173025,0.08570020881059462286,,equipment,13316.27,7989.762,0.92857974668891605366,0.55714784801334963219,D,4,0.038046,2025-01-01,D,4,0.040138,2025-03-01,0,1065.76,0,0,60,30,,,,,0,1.0549860694948221,0,0
F0000021,C000013,2025-12-31,2025-02-26,2029-02-26,credit_line,14048.6,11749.73,2298.86,0.1182,48,1,senior_secured,KZT,annuity,real_estate,Astana,micro,LLP,private,8.3,11,0,0,0,1.5846071037515280,1.2073493483635169,0.68908678649814803170,0.26755904898457807330,2.8749498347082918,4.2284576680797116,0.10670336177832104701,0.06190492218145851572,0.20155409710336766303,0.58840984216632735711,0.38828062622457085340,0.16989335429768983370,receivables,7964.22,4380.3210,0.67782153292033093526,0.37280184310618201440,B,2,0.010262,2025-01-01,B,2,0.010262,2025-12-01,120,3982.1,0,0,180,180,2025-08-17,90dpd,180,0,1,1.00000000000000000000,0,1
F0000022,C000014,2025-12-31,2023-01-24,2026-01-24,working_capital,29019.03,25585.08,3433.96,0.1039,36,0,senior_secured,KZT,amortizing,real_estate,Shymkent,micro,IE,private,7.7,5,1,0,0,4.7569333528228969,4.0871620224462730,0.31864823349649017532,0.20847855916725644807,0.82104507542864875404,10.9695610930075274,0.22740048211479386670,0.16417093935546506926,0.70684108974112041209,4.3814133558518680,0.65425926539634428378,0.09373020035362672516,real_estate,58020.14,43515.1050,2.2677333821117620,1.7008000365838215,A,1,0.003659,2025-01-01,A,1,0.003186,2025-12-01,5,1537.41,0,0,30,30,,,,,0,0.87072970757037441924,0,0
F0000023,C000014,2025-12-31,2023-08-25,2024-08-25,term_loan,39112.64,32926.23,6186.41,0.1159,12,0,senior_secured,KZT,amortizing,real_estate,Shymkent,micro,IE,private,7.7,5,1,0,0,4.7569333528228969,4.0871620224462730,0.31864823349649017532,0.20847855916725644807,0.82104507542864875404,10.9695610930075274,0.22740048211479386670,0.16417093935546506926,0.70684108974112041209,4.3814133558518680,0.65425926539634428378,0.09373020035362672516,none,0.0,0.00,0.000000000000000000000000,0.000000000000000000000000,A,1,0.003659,2025-01-01,A,1,0.003186,2024-08-01,0,2142.31,0,0,30,30,,,,,0,0.87072970757037441924,0,0
F0000024,C000015,2025-12-31,2024-06-09,2025-06-09,trade_finance,937950.54,626668.97,311281.57,0.1201,12,1,senior_secured,KZT,amortizing,energy,Aktobe,medium,LLP,private,8.8,188,0,0,0,2.5944925885446612,1.9998328756578430,1.1959836407922781,0.34692370074768524834,2.5114897841135770,2.8200168410689316,0.11877802544035503642,0.04767890393544449088,0.20479379169421445006,0.20145881789931340031,0.29007395161180132224,0.17546154124184684698,real_estate,499934.81,374951.1075,0.79776538161766650102,0.59832403621324987577,C,3,0.025865,2025-01-01,C,3,0.022219,2025-06-01,0,31644.28,0,0,15,15,,,,,0,0.85903730910496810361,0,0
F0000025,C000016,2025-12-31,2024-10-10,2025-10-10,term_loan,19495.69,15665.32,3830.37,0.1078,12,0,senior_unsecured,USD,annuity,trade,Kostanay,micro,JSC,private,7.1,12,1,0,0,1.4823496512015860,1.2100716147726061,0.50807440658536200005,0.26408269526078463739,3.7811931262174991,2.4409955319698559,0.11239624396737370674,0.05732832391926688493,0.12791862422165701667,0.76547193946154259884,0.51977169453509145805,0.22435559403903248176,real_estate,13789.24,10341.9300,0.88023991849512170833,0.66017993887134128125,A,1,0.002672,2025-01-01,A,1,0.003521,2025-10-01,0,1674.38,0,0,60,60,,,,,0,1.3177395209580838,0,0
F0000026,C000016,2025-12-31,2023-12-14,2027-12-14,term_loan,22063.32,20212.74,1850.58,0.116,48,0,senior_secured,KZT,amortizing,trade,Kostanay,micro,JSC,private,7.1,12,1,0,0,5.7012287856152676,4.1647370156525484,0.18677324010409305187,0.13608232715694897759,0.72870819023367650219,21.3726254853022740,0.22170420154106907554,0.14146141762749005166,1.3159002916821077,1.0278445123876851,0.72859648995277452684,0.16906295177316830480,real_estate,25877.27,19407.9525,1.28024552831531004703,0.96018414623648253527,A,1,0.002791,2025-01-01,A,1,0.003521,2025-12-01,0,925.21,0,0,60,15,,,,,0,1.2615549982085274,0,0
F0000027,C000017,2025-12-31,2023-01-22,2028-01-22,leasing,12130.5,10272.66,1857.85,0.1636,60,0,senior_unsecured,KZT,amortizing,energy,Karaganda,micro,LLP,foreign_owned,13.7,9,1,0,0,0.57108032753455288791,0.46233207740016532939,1.28947310518352465180,0.26862408731800398170,7.0830704770752215,2.1386641933260350,0.05122262925681805877,-0.01862695137669761063,0.10978907409005956193,0.29400057628377927855,0.20832081432188690495,-0.04532987154098895638,equipment,22689.63,13613.778,2.2087395085596136,1.32524370513576814574,C,3,0.023969,2025-01-01,C,3,0.020817,2025-12-01,0,631.95,0,0,60,0,,,,,0,0.86849680837748758813,0,0
F0000028,C000017,2025-12-31,2023-02-23,2026-02-23,trade_finance,33866.58,12607.06,21259.52,0.1319,36,1,senior_secured,USD,annuity,energy,Karaganda,micro,LLP,foreign_owned,13.7,9,1,0,0,0.57108032753455288791,0.46233207740016532939,1.28947310518352465180,0.26862408731800398170,7.0830704770752215,2.1386641933260350,0.05122262925681805877,-0.01862695137669761063,0.10978907409005956193,0.29400057628377927855,0.20832081432188690495,-0.04532987154098895638,real_estate,28313.41,21235.0575,2.2458376496978677,1.6843782372734008,C,3,0.023969,2025-01-01,C,3,0.020817,2025-12-01,0,1381.56,0,0,60,60,,,,,0,0.86849680837748758813,0,0
F0000029,C000017,2025-12-31,2024-12-17,2025-12-17,credit_line,24070.06,9836.06,14234.01,0.1416,12,1,senior_unsecured,KZT,bullet,energy,Karaganda,micro,LLP,foreign_owned,13.7,9,1,0,0,1.13624993522405605345,0.75404924804076031641,0.62699272304781088055,0.27653314201570072445,15.2248418571960144,0.46138915581922709161,0.03100055850222711975,-0.02474568602690231210,0.06004183376070029797,0.19107529552089484181,0.44104681258735101457,-0.24231994990957649168,real_estate,16860.71,12645.5325,1.7141731546981210,1.2856298660235907,C,3,0.01616,2025-01-01,C,3,0.020817,2025-12-01,0,640.13,0,0,30,30,,,,,0,1.2881806930693069,0,0
F0000030,C000018,2025-12-31,2022-02-15,2024-02-15,credit_line,11492.82,6789.08,4703.74,0.1149,24,1,senior_unsecured,KZT,bullet,trade,Karaganda,micro,IE,private,22.9,8,0,0,0,1.51006734596884827607,1.28688354675286591141,0.94964795717445089148,0.40555778175420990366,2.4908188110541731,3.1660393406722328,0.11733302657227121543,0.06086912413678161752,0.25631066516825237826,0.50006813209551615109,0.42706118482147032014,,equipment,13458.51,8075.106,1.9823761098705568,1.1894256659223341,B,2,0.012936,2025-01-01,B,2,0.014659,2024-02-01,0,227.09,0,0,15,5,,,,,0,1.1331941867656153,0,0
F0000031,C000018,2025-12-31,2023-03-03,2024-03-03,working_capital,13514.88,11911.09,1603.79,0.1013,12,0,senior_secured,KZT,annuity,trade,Karaganda,micro,IE,private,22.9,8,0,0,0,1.3774371462980528,1.05495955408242654190,0.53043104587286503407,0.23766571794506901950,1.7355055595967993,4.8138587908074957,0.18152175327792672467,0.15211383336103097867,0.59720120689046073924,0.95862149563049434496,0.44806147715952753664,-0.03962779255222788241,receivables,14537.05,7995.3775,1.22046345044827971244,0.67125489774655384184,B,2,0.01287,2025-01-01,B,2,0.014659,2024-03-01,0,838.76,0,0,60,60,,,,,0,1.1390054390054390,0,0
F0000032,C000019,2025-12-31,2022-11-06,2025-11-06,leasing,17979.72,15395.02,2584.7,0.1269,36,0,senior_unsecured,USD,amortizing,agriculture,Almaty,micro,LLP,private,5.8,9,1,0,0,2.4154321413302809,1.8665686585483582,2.3138190164353619,0.56856945023373420098,13.3749363863560484,1.1563297662999681,0.03830159112077187447,-0.00355226732040701346,0.06804092280369772925,0.45940953751430155341,0.24572771085167437743,,equipment,20651.96,12391.176,1.3414701637282706,0.80488209823696234237,C,3,0.021398,2025-01-01,C,3,0.02031,2025-11-01,60,925.57,0,0,60,30,,,,,0,0.94915412655388354052,0,0
F0000033,C000019,2025-12-31,2023-08-17,2024-08-17,overdraft,7973.71,5559.09,2414.62,0.1363,12,1,senior_secured,KZT,annuity,agriculture,Almaty,micro,LLP,private,5.8,9,1,0,0,1.7530200973103035,1.19631963347162137704,0.92423729160134683807,0.36264015014960403337,6.4882482977735883,1.3959908622117722,0.05203126093108100471,0.00278030683832244987,0.11357717320723562309,0.24309095787496646096,0.39236693157153233683,-0.00264297031723837909,none,0.0,0.00,0.00000000000000000000,0.00000000000000000000,C,3,0.023712,2025-01-01,C,3,0.02031,2024-08-01,0,324.86,0,0,30,30,,,,,0,0.85652834008097165992,0,0
F0000034,C000020,2025-12-31,2024-10-12,2026-10-12,overdraft,8261.64,6347.56,1914.08,0.1248,24,1,senior_secured,USD,amortizing,transport,Almaty,small,LLP,state_related,15.2,13,0,1,0,0.73705753103864847694,0.64720599350277446553,1.4881802076257661,0.47873984949609092347,5.0042542994049477,1.9649181037351293,0.13110508307505874887,0.07165144573910190542,0.13188166518301410860,0.17360569260857154822,0.32169481024066947577,-0.01391531284201092496,real_estate,19475.97,14606.9775,3.0682608750448991,2.3011956562836744,B,2,0.006587,2025-01-01,C,3,0.015829,2025-12-01,5,461.2,0,0,15,15,,,,,0,2.4030666464247761,1,0
F0000035,C000021,2025-12-31,2023-09-02,2025-09-02,credit_line,45598.97,37478.25,8120.72,0.1139,24,1,senior_unsecured,KZT,bullet,manufacturing,Almaty,micro,IE,private,14.0,9,1,0,0,0.87705471628045375839,0.72531098786039587570,0.93351468049318430136,0.27958278042225163689,2.7857134965285297,5.3240079528476136,0.10340135308338340078,0.04877043154423762849,0.31052814648794067568,0.33710897453107769349,0.29949478702846484384,-0.11166409160141724663,guarantee,24692.99,17285.093,0.65886187321980081781,0.46120331125386057247,C,3,0.02542,2025-01-01,C,3,0.022832,2025-09-01,0,2071.36,0,0,60,60,,,,,0,0.89819040125885129819,0,0
F0000036,C000021,2025-12-31,2023-01-28,2026-01-28,leasing,29517.04,23678.86,5838.18,0.1216,36,0,senior_secured,KZT,amortizing,manufacturing,Almaty,micro,IE,private,14.0,9,1,0,0,0.87705471628045375839,0.72531098786039587570,0.93351468049318430136,0.27958278042225163689,2.7857134965285297,5.3240079528476136,0.10340135308338340078,0.04877043154423762849,0.31052814648794067568,0.33710897453107769349,0.29949478702846484384,-0.11166409160141724663,none,0.0,0.00,0.000000000000000000000000,0.000000000000000000000000,C,3,0.02542,2025-01-01,C,3,0.022832,2025-12-01,0,2047.48,0,0,30,5,,,,,0,0.89819040125885129819,0,0
F0000037,C000022,2025-12-31,2024-03-08,2025-09-08,term_loan,33636.55,27178.81,6457.73,0.1096,18,0,senior_secured,KZT,amortizing,construction,Almaty,small,LLP,private,17.1,34,0,0,0,1.2688353239951403,0.83952271935644209875,2.2551985798477248,0.43887779762332266226,7.0458027745354617,1.03016354391147636288,0.08632553352503496486,0.03333585314681909750,0.13240288091309868737,0.25015632517901450041,0.19460716299890385089,0.19660076356319996261,none,0.0,0.00,0.000000000000000000000000,0.000000000000000000000000,C,3,0.017331,2025-01-01,D,4,0.036895,2025-09-01,0,3500.3,0,0,30,30,,,,,0,2.1288442674975477,1,0
F0000038,C000022,2025-12-31,2023-03-17,2027-03-17,trade_finance,69170.35,31507.45,37662.9,0.1536,48,1,senior_unsecured,KZT,amortizing,construction,Almaty,small,LLP,private,17.1,34,0,0,0,1.3428129484493117,0.96260106849761700911,10.2313305791957288,0.51156654154846272141,4.9881261596882815,3.7822419338444561,0.13019734129952948342,0.09764503033496736824,0.09097164282673978769,0.26316399366828529990,0.05000000123040460699,0.10936846390329638826,receivables,52415.07,28828.2885,1.6635770270205935,0.91496736486132644819,C,3,0.028454,2025-01-01,D,4,0.036895,2025-12-01,30,2552.77,0,0,30,5,,,,,0,1.2966542489632389,1,0
F0000039,C000023,2025-12-31,2024-02-05,2025-08-05,credit_line,97164.3,70712.91,26451.38,0.123,18,1,senior_unsecured,KZT,amortizing,construction,Kostanay,small,LLP,private,21.6,34,0,0,0,1.4933150660097041,1.3995092537158483,1.8223112715799900,0.39958010315185247609,5.5687755837043452,1.1513155117256312,0.07679064121155891297,-0.00199085532329428248,0.18513207830154232065,0.67264293622513805815,0.21927104846660274722,-0.18916016871351754584,none,0.0,0.00,0.000000000000000000000000,0.000000000000000000000000,C,3,0.025265,2025-01-01,C,3,0.023917,2025-08-01,0,10740.78,0,0,30,30,,,,,0,0.94664555709479517119,0,0
F0000040,C000023,2025-12-31,2023-12-16,2028-12-16,term_loan,70732.38,63765.85,6966.53,0.1431,60,0,senior_secured,USD,bullet,construction,Kostanay,small,LLP,private,21.6,34,0,0,0,1.6493986212262568,1.5437686878108762,0.56508080284000572348,0.25897272170954881391,7.7339911038309301,1.4702348604859364,0.04630808878098619971,0.00708232101848907770,0.06079711747368345826,0.62047853973348098496,0.45829325719081826964,0.18226850805207661343,none,0.0,0.00,0.000000000000000000000000,0.000000000000000000000000,C,3,0.018956,2025-01-01,C,3,0.023917,2025-12-01,0,4253.91,0,0,60,60,,,,,0,1.2617113315045368,0,0
F0000041,C000023,2025-12-31,2022-03-31,2023-09-30,credit_line,140712.86,64161.66,76551.2,0.1452,18,1,senior_secured,KZT,annuity,construction,Kostanay,small,LLP,private,21.6,34,0,0,0,1.6880497023354205,1.3271181887004698,0.65619118952638542969,0.21694522432990830588,1.7899343366924248,5.3343982552362583,0.09091898489113447582,0.02549826410085045622,0.32559927963784115752,1.4175932346394992,0.33061282716473434817,,equipment,120738.26,72442.956,1.8817820486564718,1.1290692291938831,C,3,0.019754,2025-01-01,C,3,0.023917,2023-09-01,30,6696.75,0,0,30,30,,,,,0,1.2107421281765718,0,0
F0000042,C000024,2025-12-31,2024-04-27,2029-04-27,overdraft,153516.86,97373.67,56143.18,0.1045,60,1,senior_unsecured,KZT,amortizing,real_estate,Kostanay,medium,LLP,state_related,3.8,179,0,1,0,1.8934900122607125,1.6099880896337835,0.35035042764700067069,0.18090321762216935149,1.5666186262682424,4.2260253271271744,0.13203925415325882454,0.07928417962555498737,0.24751358029289445408,0.65588105529342757664,0.51634935580681045373,0.09654117250995527802,real_estate,109373.15,82029.8625,1.1232312595386412,0.84242344465398089648,B,2,0.006819,2025-01-01,B,2,0.006707,2025-12-01,15,5493.74,0,0,15,0,,,,,0,0.98357530429681771521,0,0
F0000043,C000025,2025-12-31,2024-10-02,2026-04-02,working_capital,34990.37,29223.39,5766.98,0.1288,18,0,senior_secured,EUR,bullet,manufacturing,Kostanay,micro,LLP,private,7.2,8,0,0,0,0.90087972726900573269,0.80467298965508353410,1.4927097529787716,0.43426620828026686266,7.0960299600495630,1.0433931132680380,0.05566439921865150949,-0.01278060767177919841,0.08381702268071460374,0.22403841841190665637,0.29092474770374379346,-0.02810791448954992984,inventory,67341.39,30303.6255,2.3043661259012045,1.0369647566555420,B,2,0.009349,2025-01-01,B,2,0.007098,2025-12-01,0,570.21,0,0,0,0,,,,,0,0.75922558562413092309,0,0
F0000044,C000026,2025-12-31,2023-03-30,2025-03-30,trade_finance,287248.25,205546.66,81701.59,0.1185,24,1,senior_secured,KZT,bullet,manufacturing,Almaty,medium,LLP,private,10.5,94,1,0,0,5.2077402934064679,4.1688109685859154,0.36791494995172342228,0.22017460829018054220,1.7200965516440825,7.0993363018143417,0.15436235931668321370,0.11238232823335936070,0.21716438449289464414,1.3301951365069608,0.59843887376436082034,0.07733606676103157079,equipment,202419.37,121451.622,0.98478549833891730471,0.59087129900335038283,A,1,0.003122,2025-01-01,B,2,0.006182,2025-03-01,5,14582.82,0,0,30,15,,,,,0,1.9801409352978860,1,0
F0000045,C000027,2025-12-31,2022-01-26,2023-01-26,term_loan,382957.66,315011.42,67946.23,0.1386,12,0,senior_secured,EUR,annuity,energy,Almaty,small,LLP,private,16.3,33,0,0,0,0.70579693603250750891,0.57452871062650764792,0.54373290869629599422,0.17676226831355967370,2.3260939626538884,4.2672729124166345,0.06476282655860510429,0.02023512604476339206,0.22181753311030734254,0.60145112562066081378,0.32509025200880545834,,none,0.0,0.00,0.000000000000000000000000,0.000000000000000000000000,C,3,0.018766,2025-01-01,C,3,0.015458,2023-01-01,0,28478.84,0,0,30,30,,,,,0,0.82372375572844506022,0,0
F0000046,C000028,2025-12-31,2022-07-01,2024-07-01,overdraft,2419.14,2145.38,273.76,0.1231,24,1,senior_secured,KZT,amortizing,construction,Shymkent,micro,LLP,private,6.3,8,0,0,0,1.5827504546453766,1.0890755210935470,0.45310163298744346953,0.24681448476262694545,1.7468121840786016,3.6929557268327657,0.15127566499941522952,0.08436218847860552957,0.51252545380209346358,0.84371625317307827160,0.54472212588442991866,,none,0.0,0.00,0.00000000000000000000,0.00000000000000000000,B,2,0.007074,2025-01-01,B,2,0.008717,2024-07-01,0,166.02,0,0,60,60,,,,,0,1.2322589765337857,0,0
F0000047,C000029,2025-12-31,2022-01-19,2024-01-19,leasing,736157.03,686865.78,49291.25,0.1433,24,0,senior_secured,KZT,amortizing,energy,Aktobe,medium,IE,private,12.9,146,0,0,0,1.5163509228235805,1.2359286086651235,0.68794359261311025952,0.28825687075250717531,4.1612924128070752,1.9435819857390480,0.12063305323100695480,0.05626609345145317549,0.22520486208956616139,0.28580660604544577463,0.41901236358286537588,,real_estate,1980222.3,1485166.725,2.8829829024238185,2.1622371768178639,B,2,0.010688,2025-01-01,B,2,0.006352,2024-01-01,90,83285.39,0,0,90,5,2023-11-06,90dpd,90,0,1,0.59431137724550898204,0,0
F0000048,C000030,2025-12-31,2022-05-24,2024-05-24,term_loan,478709.23,395125.29,83583.94,0.1499,24,0,senior_secured,USD,annuity,energy,Shymkent,medium,LLP,private,15.4,148,0,0,1,1.5532291423123033,1.0798886392344143,4.6741092277037252,0.49009502559471531159,12.1193134708216719,0.90524348592248457094,0.07239491287392799836,0.01679850735659876680,0.06516776160765299033,0.62960664132599800849,0.10485313922274061377,,real_estate,662687.35,497015.5125,1.6771575162905923,1.2578681372179442,C,3,0.021962,2025-01-01,C,3,0.021284,2024-05-01,0,27836.67,0,0,30,5,,,,,0,0.96912849467261633731,0,0
F0000049,C000031,2025-12-31,2025-05-24,2028-05-24,term_loan,44510.42,42968.64,1541.78,0.1112,36,0,senior_secured,KZT,bullet,transport,Karaganda,micro,LLP,private,15.2,12,0,0,0,1.4182894089690807,1.2940253654223426,0.93734168573902629877,0.37769820629855818445,2.9140363451868013,4.2859722199022367,0.16337103231785575553,0.11518895981932178641,0.12084731765986389264,1.00968301555859776321,0.40294613164544196728,-0.07330761631260705815,guarantee,93343.93,65340.751,2.1723733867304155,1.5206613707112908,B,2,0.011004,2025-01-01,B,2,0.011004,2025-12-01,0,2652.84,0,0,5,5,,,,,0,1.00000000000000000000,0,0
F0000050,C000031,2025-12-31,2023-01-23,2028-01-23,overdraft,15015.18,11010.73,4004.46,0.1256,60,1,senior_secured,KZT,amortizing,transport,Karaganda,micro,LLP,private,15.2,12,0,0,0,4.1321217154081915,3.7048004482285966,0.71312013393418765618,0.37626202259145391434,7.1017619765593055,1.32207652822222793227,0.08491924901863462700,0.04121464781966097658,0.07612389986743780239,1.11453839064575263970,0.52762782129802878055,0.03583397574434855841,inventory,23206.86,10443.0870,2.1076586202731336,0.94844637912291010678,B,2,0.014438,2025-01-01,B,2,0.011004,2025-12-01,0,965.71,0,0,30,30,,,,,0,0.76215542318880731403,0,0
F0000051,C000032,2025-12-31,2024-08-01,2029-08-01,term_loan,1746496.5,1517508.66,228987.85,0.1238,60,0,senior_secured,USD,bullet,construction,Astana,medium,LLP,private,20.5,96,0,0,0,3.0377054150359178,2.4887710999347968,0.47308191653709481713,0.28486756601311306483,1.9018469865888678,4.5596660751718818,0.17653546939810967016,0.12327406569874996518,0.50916988245314219774,0.37108456504284867361,0.60215272673770932342,0.71232326132076670572,receivables,2056532.84,1131093.0620,1.3552033633864073,0.74536184986252401354,B,2,0.009957,2025-01-01,B,2,0.005979,2025-12-01,0,59480.4,0,0,30,15,,,,,0,0.60048207291352817114,0,0
F0000052,C000032,2025-12-31,2025-06-01,2027-06-01,overdraft,895929.44,721457.48,174471.97,0.1138,24,1,senior_secured,KZT,annuity,construction,Astana,medium,LLP,private,20.5,96,0,0,0,1.8919883310889092,1.7640201079677283,0.51225796551285723950,0.23668974650990932985,1.8902227489800142,8.3250612562037963,0.16450481710628953756,0.11012603921921419439,0.47155410560777186143,0.72067374578975810973,0.46205186145410679496,-0.27183087268440602627,guarantee,1326333.84,928433.688,1.8384088830848354,1.2868862181593848,B,2,0.005979,2025-01-01,B,2,0.005979,2025-12-01,0,18349.28,0,0,15,15,,,,,0,1.00000000000000000000,0,0
F0000053,C000032,2025-12-31,2024-06-04,2026-06-04,leasing,762912.94,713077.97,49834.96,0.1162,24,0,senior_unsecured,KZT,amortizing,construction,Astana,medium,LLP,private,20.5,96,0,0,0,3.0377054150359178,2.4887710999347968,0.47308191653709481713,0.28486756601311306483,1.9018469865888678,4.5596660751718818,0.17653546939810967016,0.12327406569874996518,0.50916988245314219774,0.37108456504284867361,0.60215272673770932342,0.71232326132076670572,equipment,1253760.38,752256.228,1.7582374336988703,1.0549424602193222,B,2,0.009957,2025-01-01,B,2,0.005979,2025-12-01,0,63762.77,0,0,30,0,,,,,0,0.60048207291352817114,0,0
F0000054,C000032,2025-12-31,2024-12-26,2027-12-26,credit_line,540648.62,193055.91,347592.71,0.1172,36,1,senior_secured,USD,amortizing,construction,Astana,medium,LLP,private,20.5,96,0,0,0,3.0377054150359178,2.4887710999347968,0.47308191653709481713,0.28486756601311306483,1.9018469865888678,4.5596660751718818,0.17653546939810967016,0.12327406569874996518,0.50916988245314219774,0.37108456504284867361,0.60215272673770932342,0.71232326132076670572,none,0.0,0.00,0.000000000000000000000000,0.000000000000000000000000,B,2,0.009957,2025-01-01,B,2,0.005979,2025-12-01,0,19620.59,0,0,30,30,,,,,0,0.60048207291352817114,0,0
F0000055,C000033,2025-12-31,2022-09-30,2026-09-30,working_capital,342672.79,290968.5,51704.29,0.1086,48,0,senior_unsecured,KZT,annuity,construction,Atyrau,small,LLP,private,23.8,37,0,0,0,1.5441136774381848,1.2730940526057651,0.67903800994378931935,0.23749222466490695332,4.2651394760314875,1.7667042410709078,0.06650694458147901952,0.01639612945919545352,0.18368900520593964107,0.84318748404830434270,0.34974805708529708030,,inventory,618328.91,278248.0095,2.1250716486492524,0.95628224189216358472,C,3,0.01974,2025-01-01,C,3,0.015768,2025-12-01,0,24009.63,0,0,30,30,,,,,0,0.79878419452887537994,0,0
F0000056,C000033,2025-12-31,2024-03-29,2028-03-29,credit_line,226692.3,178858.4,47833.9,0.126,48,1,senior_secured,KZT,annuity,construction,Atyrau,small,LLP,private,23.8,37,0,0,0,1.3608839247953369,0.97545736255553130401,1.5601037190887626,0.51863203864421008995,6.4691844779203464,1.6185836501901141,0.11713691815096101738,0.10611769121138446255,0.08231584902256737584,0.20628559555215737177,0.33243433260138414696,-0.17193962709666200940,none,0.0,0.00,0.000000000000000000000000,0.000000000000000000000000,B,2,0.0112,2025-01-01,C,3,0.015768,2025-12-01,0,9443.86,0,0,15,5,,,,,0,1.4078571428571429,1,0
F0000057,C000034,2025-12-31,2024-12-10,2027-12-10,credit_line,280093.12,171282.29,108810.82,0.1259,36,1,senior_secured,KZT,annuity,manufacturing,Shymkent,small,LLP,private,12.7,55,0,0,0,0.57474146520189094920,0.43910753955959111200,5.2662909560917392,0.55017982742378024986,9.6653045786032004,1.0997421058245341,0.07480626099571837903,-0.00269189748373016269,0.04880807596599887165,0.37158880334974853128,0.10447197695891910728,-0.23397614953950478189,guarantee,106650.6,74655.42,0.62265982081393236861,0.43586187456975265802,C,3,0.019609,2025-01-01,C,3,0.022272,2025-12-01,15,16687.88,0,0,60,60,,,,,0,1.1358049875057372,0,0
F0000058,C000035,2025-12-31,2023-01-18,2024-01-18,leasing,6805276.26,6473449.46,331826.8,0.1315,12,0,senior_secured,KZT,annuity,transport,Almaty,large,IE,private,4.7,327,0,0,0,3.6642537886492088,2.7969121649044085,0.23271569797354221662,0.13888815547514907277,1.2523251532566791,5.2571501825916478,0.10987946789889151849,0.06863093446281531578,0.28777329473429316597,2.2109250782102369,0.59681472579877042717,0.14067597533245277777,none,0.0,0.00,0.000000000000000000000000,0.000000000000000000000000,B,2,0.008224,2025-01-01,B,2,0.008477,2024-01-01,0,417326.92,0,0,30,30,,,,,0,1.0307636186770428,0,0
F0000059,C000036,2025-12-31,2025-06-24,2028-06-24,credit_line,56336.79,31412.08,24924.7,0.1146,36,1,senior_unsecured,KZT,annuity,construction,Atyrau,small,IE,state_related,24.5,37,1,1,0,6.1274718680216546,4.2331160637168068,0.09585874646445933643,0.08192226271058631488,0.75723409634869899018,8.9278954312165882,0.17549344160894896539,0.14560446983567342752,0.91232867286295464685,1.41464381225105111070,0.85461437513122369981,-0.13829990474193227332,guarantee,67532.89,47273.023,2.1499018848799570,1.5049313194159699,A,1,0.004076,2025-01-01,A,1,0.004076,2025-12-01,0,1201.67,0,0,15,15,,,,,0,1.00000000000000000000,0,0
F0000060,C000037,2025-12-31,2022-12-04,2024-06-04,trade_finance,2238465.71,1920287.4,318178.31,0.1124,18,1,senior_secured,KZT,annuity,agriculture,Other,medium,LLP,private,5.4,114,1,0,0,2.5387318768714983,2.2374348410669356,1.3220377181639670,0.31839925988602312805,2.2303008422178862,3.4164523781712868,0.19605693333324671432,0.14640749805473268985,0.45521524315071945824,0.18752087782257567064,0.24083976993350301787,,real_estate,5271745.21,3953808.9075,2.7452896946571643,2.0589672709928733,B,2,0.006001,2025-01-01,B,2,0.011313,2024-06-01,0,144235.01,0,0,30,30,,,,,0,1.8851858023662723,0,0
F0000061,C000037,2025-12-31,2025-06-17,2026-12-17,credit_line,1420895.74,552083.93,868811.81,0.1132,18,1,senior_secured,EUR,annuity,agriculture,Other,medium,LLP,private,5.4,114,1,0,0,0.94365458006808168047,0.86375190946112180540,0.88588761219075410051,0.33903095284422603377,3.0740037669777574,2.7203345169373842,0.13322929677761904974,0.10730130018867723473,0.29849096497997386131,0.36819999703805594400,0.38270199083811554613,0.13470907186767968336,equipment,1660411.69,996247.014,3.0075349050641630,1.8045209430384978,B,2,0.011313,2025-01-01,B,2,0.011313,2025-12-01,0,37348.5,0,0,5,5,,,,,0,1.00000000000000000000,0,0
F0000062,C000038,2025-12-31,2025-03-18,2027-03-18,term_loan,34066.7,28587.75,5478.95,0.1043,24,0,senior_secured,KZT,amortizing,trade,Almaty,small,LLP,private,6.1,31,0,0,1,1.7934899570204501,1.2686872139099679,0.45755895540654431512,0.19521132151090195519,15.4160695439225977,0.56653365141952433748,0.01909777392693342780,-0.02512992964065281701,0.04456204806809374943,0.94593530756524244233,0.42663643494302354533,0.44177776346430537983,none,0.0,0.00,0.000000000000000000000000,0.000000000000000000000000,D,4,0.035956,2025-01-01,D,4,0.035956,2025-12-01,120,14847.23,0,0,150,150,2025-07-30,restructuring,180,0,1,1.00000000000000000000,0,1
F0000063,C000039,2025-12-31,2023-03-13,2024-03-13,overdraft,288079.06,225557.83,62521.23,0.0997,12,1,senior_secured,KZT,annuity,transport,Karaganda,medium,LLP,state_related,19.4,102,0,1,0,1.8250805684803892,1.5288877496548433,0.44482201702406524044,0.24316268536602561533,3.3399482357901282,2.7264671779748730,0.12175102861620163296,0.06986079541411143185,0.11389256425004422270,0.63427643503664350941,0.54665164056587224224,0.25905637125442295945,none,0.0,0.00,0.000000000000000000000000,0.000000000000000000000000,B,2,0.006014,2025-01-01,B,2,0.007918,2024-03-01,0,11300.02,0,0,15,15,,,,,0,1.3165946125706684,0,0
F0000064,C000040,2025-12-31,2023-02-24,2028-02-24,working_capital,63575.09,57314.21,6260.88,0.1582,60,0,senior_secured,USD,amortizing,trade,Kostanay,small,LLP,private,10.8,33,0,0,0,1.3989936574421561,1.1643473764673295,1.1260364978725157,0.33878744918404585338,4.0361953519563266,3.6755268657642541,0.08086275458499919058,0.02425499386122414979,0.11137849913165514139,0.46754471444160644338,0.30086720086261511442,0.10654651627716282697,equipment,47130.97,28278.582,0.82232608632309509282,0.49339565179385705569,C,3,0.015691,2025-01-01,C,3,0.020517,2025-12-01,0,4099.26,0,0,60,60,,,,,0,1.3075648460901154,0,0
F0000065,C000040,2025-12-31,2024-06-12,2026-06-12,credit_line,172007.15,151472.37,20534.78,0.1089,24,1,senior_secured,KZT,amortizing,trade,Kostanay,small,LLP,private,10.8,33,0,0,0,1.0814766575416197,0.94074692116894113813,1.0496279542001459,0.42948640061025986696,4.7510823725160480,3.5847034249666740,0.12038234686214669990,0.05915673024389617327,0.21697942712867645944,0.17125294544170783501,0.40917965160097501990,0.02999602472856134138,guarantee,252401.08,176680.756,1.6663176261122738,1.1664223382785917,B,2,0.014249,2025-01-01,C,3,0.020517,2025-12-01,0,11223.58,0,0,30,30,,,,,0,1.4398905186328865,1,0
F0000066,C000041,2025-12-31,2024-08-25,2027-08-25,credit_line,28473.52,23746.06,4727.46,0.1225,36,1,senior_unsecured,USD,annuity,services,Atyrau,micro,LLP,private,22.0,15,0,0,0,0.97711462300766526634,0.69857918165741813525,2.4575331298907847,0.50567220631794486409,16.8129652497448576,0.42330867478841426355,0.02714774743092621333,-0.03491099922960873810,0.04527889395476842441,0.11152854759481090086,0.20576414623570810413,0.09044598331294481032,equipment,17227.54,10336.524,0.72549046031215283714,0.43529427618729170229,D,4,0.058999,2025-01-01,D,4,0.045562,2025-12-01,0,1337.39,0,0,30,30,,,,,0,0.77225037712503601756,0,0
F0000067,C000042,2025-12-31,2023-09-02,2026-09-02,credit_line,29871.96,18250.36,11621.59,0.133,36,1,senior_secured,KZT,annuity,trade,Kostanay,small,LLP,private,7.8,22,0,0,1,2.0415799967287916,1.5723975188389016,0.80626302350608776254,0.30437739628217656810,-12.5497392771739565,-1.5604852296978547,-0.02195924779341935592,-0.04952742315549703440,-0.05383474540154446736,0.25426679404878707714,0.37751625388768475353,0.01361605758088678560,receivables,15996.37,8798.0035,0.87649613487076419314,0.48207287417892030623,C,3,0.026104,2025-01-01,C,3,0.030666,2025-12-01,5,1656.2,0,0,30,30,,,,,0,1.1747624885075084,0,0
F0000068,C000042,2025-12-31,2022-05-12,2024-05-12,term_loan,48560.09,43065.08,5495.01,0.1532,24,0,senior_secured,KZT,annuity,trade,Kostanay,small,LLP,private,7.8,22,0,0,1,2.0653295458785714,1.5934052634591044,2.3539332940019556,0.48575824461482537347,27.5292669159092582,0.59924798023374382304,0.02719976124859224875,-0.04116485836329074277,0.01559123888032878715,0.18146364716389470721,0.20636024217533405727,,real_estate,81065.55,60799.1625,1.8823963638288841,1.4117972728716631,C,3,0.025375,2025-01-01,C,3,0.030666,2024-05-01,0,3462.02,0,0,60,60,,,,,0,1.2085123152709360,0,0
F0000069,C000043,2025-12-31,2025-05-30,2030-05-30,term_loan,31414.98,29723.63,1691.34,0.1262,60,0,senior_secured,KZT,annuity,construction,Karaganda,small,LLP,private,9.2,23,0,0,0,1.3681438932701482,1.09143492759771993724,2.1784759032789596,0.46930860172494186844,2.6068949562810699,3.1617501530722004,0.13503682634920986437,0.09201868422162387438,0.41508963473519154669,0.45931690937461996696,0.21542978787075693931,-0.37038033282014246090,real_estate,66111.99,49583.9925,2.2242232863213544,1.6681674647410158,C,3,0.028365,2025-01-01,C,3,0.028365,2025-12-01,0,3115.26,0,0,0,0,,,,,0,1.00000000000000000000,0,0
F0000070,C000044,2025-12-31,2023-10-04,2026-10-04,working_capital,13619.4,11342.87,2276.53,0.1138,36,0,senior_unsecured,KZT,amortizing,construction,Shymkent,micro,LLP,private,17.5,5,0,0,0,1.6357106111127527,1.47517295250823754746,0.76031283469254523774,0.35060564714086585564,5.2347053748408274,1.6192170395991800,0.07392043129450683067,0.01628122309716502272,0.12981355555514052902,1.2720145176819308,0.46113340607046771396,0.03135026497577569304,real_estate,24362.5,18271.875,2.1478250213570287,1.61086876601777151638,B,2,0.008488,2025-01-01,B,2,0.011144,2025-12-01,0,1436.07,0,0,60,60,,,,,0,1.3129123468426013,0,0
F0000071,C000045,2025-12-31,2023-03-20,2026-03-20,term_loan,3523.31,2845.22,678.09,0.1042,36,0,senior_unsecured,USD,amortizing,real_estate,Atyrau,micro,LLP,foreign_owned,24.4,15,0,0,0,1.5967176209902494,1.44867534648273698681,0.81278659831265954137,0.36612916533028958085,6.5481174205779172,2.3142837758378941,0.08599173300236211937,0.01919778695212653767,0.10509208858232905057,0.57920878438612179078,0.45046161697347334740,0.07561693733349301433,receivables,2110.42,1160.7310,0.74174229057858443284,0.40795825981822143806,B,2,0.013772,2025-01-01,C,3,0.015801,2025-12-01,0,115.45,0,0,15,15,,,,,0,1.1473279117049085,1,0
F0000072,C000045,2025-12-31,2025-01-30,2026-01-30,term_loan,10486.1,9429.73,1056.38,0.137,12,0,senior_unsecured,USD,amortizing,real_estate,Atyrau,micro,LLP,foreign_owned,24.4,15,0,0,0,1.8233804096393235,1.5276029104882643,0.58451945857997184135,0.23636166807970614495,4.2239546420978030,2.0720626562768730,0.09053040757787042188,0.03613274278736732585,0.13928366285748836084,1.0218841781942919,0.40436920381388465811,0.25354362943734863155,real_estate,13826.1,10369.575,1.4662243775802701,1.0996682831852025,C,3,0.015801,2025-01-01,C,3,0.015801,2025-12-01,15,1281.07,0,0,30,30,,,,,0,1.00000000000000000000,0,0
F0000073,C000046,2025-12-31,2023-09-11,2025-03-11,credit_line,574098.55,393656.95,180441.61,0.1168,18,1,senior_secured,KZT,bullet,trade,Astana,small,LLP,private,2.7,30,1,0,0,3.1157484172239339,2.5891801370432198,0.35333661619575876688,0.21635317339386703676,1.3924956921817386,7.1554030161455502,0.16590936324927756324,0.12764985287526505573,0.69097612653216738377,1.4998263842375924,0.61231461296952332612,0.05833053394997464395,equipment,495917.55,297550.530,1.2597708487046907,0.75586250922281443272,A,1,0.003787,2025-01-01,A,1,0.004361,2025-03-01,0,27736.35,0,0,60,60,,,,,0,1.1515711645101664,0,0
F0000074,C000046,2025-12-31,2024-12-07,2025-12-07,term_loan,226004.12,194549.06,31455.06,0.0921,12,0,senior_secured,KZT,amortizing,trade,Astana,small,LLP,private,2.7,30,1,0,0,1.9940599090949330,1.3817749411877825,0.27150809288657286436,0.18717152931658333875,1.1291950042539882,14.0017516961738892,0.23356392284093331843,0.19312195740374180863,0.32854371287115764344,0.96829666063296111987,0.68937734903827502787,0.08659255216096114417,equipment,172640.78,103584.468,0.88738943277340944233,0.53243365966404566540,A,1,0.003941,2025-01-01,A,1,0.004361,2025-12-01,5,6240.92,0,0,15,15,,,,,0,1.1065719360568384,0,0
F0000075,C000047,2025-12-31,2024-02-11,2026-02-11,credit_line,8017.88,3801.52,4216.36,0.1334,24,1,senior_secured,USD,annuity,agriculture,Astana,micro,LLP,private,15.3,8,1,0,0,2.9618660327177619,2.1115658920199182,1.46924298374464283276,0.48238976450194879369,10.9404591573641666,1.5256008243675970,0.04313857940049571754,-0.02606292435748935454,0.07951092667816901549,0.33764655548168219681,0.32832538241733678633,-0.13860413223408148526,none,0.0,0.00,0.00000000000000000000,0.00000000000000000000,C,3,0.030949,2025-01-01,C,3,0.033012,2025-12-01,0,244.73,0,0,30,30,,,,,0,1.0666580503408834,0,0
F0000076,C000047,2025-12-31,2024-11-15,2026-11-15,credit_line,8315.12,7119.88,1195.24,0.1425,24,1,senior_unsecured,KZT,amortizing,agriculture,Astana,micro,LLP,private,15.3,8,1,0,0,2.9618660327177619,2.1115658920199182,1.46924298374464283276,0.48238976450194879369,10.9404591573641666,1.5256008243675970,0.04313857940049571754,-0.02606292435748935454,0.07951092667816901549,0.33764655548168219681,0.32832538241733678633,-0.13860413223408148526,none,0.0,0.00,0.00000000000000000000,0.00000000000000000000,C,3,0.030949,2025-01-01,C,3,0.033012,2025-12-01,0,335.44,0,0,5,5,,,,,0,1.0666580503408834,0,0
F0000077,C000047,2025-12-31,2024-04-06,2025-10-06,credit_line,6070.8,5529.1,541.69,0.1322,18,1,senior_secured,KZT,amortizing,agriculture,Astana,micro,LLP,private,15.3,8,1,0,0,2.9618660327177619,2.1115658920199182,1.46924298374464283276,0.48238976450194879369,10.9404591573641666,1.5256008243675970,0.04313857940049571754,-0.02606292435748935454,0.07951092667816901549,0.33764655548168219681,0.32832538241733678633,-0.13860413223408148526,none,0.0,0.00,0.00000000000000000000,0.00000000000000000000,C,3,0.030949,2025-01-01,C,3,0.033012,2025-10-01,0,392.94,0,0,30,30,,,,,0,1.0666580503408834,0,0
F0000078,C000048,2025-12-31,2023-07-30,2025-01-30,term_loan,16575.32,16287.62,287.7,0.1183,18,0,senior_secured,KZT,annuity,transport,Aktobe,micro,LLP,private,4.6,7,1,0,0,2.1093002958107215,1.8650353072546781,0.34947873458834927278,0.20889041998851256568,1.1412815955088567,13.1827558129014747,0.14016205176104375321,0.07532355161398850155,0.55865931026188400132,0.30871623356214176206,0.59771997353305181059,0.05239073821460839371,equipment,16840.82,10104.492,1.03396444661650996278,0.62037866796990597767,A,1,0.004141,2025-01-01,A,1,0.003774,2025-01-01,0,1093.85,0,0,60,60,,,,,0,0.91137406423569186187,0,0
F0000079,C000048,2025-12-31,2024-01-11,2027-01-11,credit_line,23895.31,15843.36,8051.96,0.0983,36,1,subordinated,KZT,annuity,transport,Aktobe,micro,LLP,private,4.6,7,1,0,0,4.1446809089255757,2.7622237368337857,0.29461863540084493059,0.20854302745914313734,1.5501784696601578,6.0861580476976326,0.13931374680976993905,0.10058536929446293567,0.40100539072083960574,1.3113542282672975,0.70784058576406352191,0.43874120704585839265,real_estate,34537.85,25903.3875,2.1799574080245604,1.6349680560184203,A,1,0.003844,2025-01-01,A,1,0.003774,2025-12-01,0,1030.08,0,0,30,15,,,,,0,0.98178980228928199792,0,0
F0000080,C000048,2025-12-31,2024-10-29,2025-10-29,term_loan,6289.71,5650.47,639.24,0.088,12,0,senior_secured,KZT,annuity,transport,Aktobe,micro,LLP,private,4.6,7,1,0,0,4.1446809089255757,2.7622237368337857,0.29461863540084493059,0.20854302745914313734,1.5501784696601578,6.0861580476976326,0.13931374680976993905,0.10058536929446293567,0.40100539072083960574,1.3113542282672975,0.70784058576406352191,0.43874120704585839265,none,0.0,0.00,0.00000000000000000000,0.00000000000000000000,A,1,0.003844,2025-01-01,A,1,0.003774,2025-10-01,0,454.66,0,0,60,60,,,,,0,0.98178980228928199792,0,0
F0000081,C000048,2025-12-31,2025-03-06,2026-03-06,leasing,14351.32,12993.25,1358.06,0.1062,12,0,senior_unsecured,KZT,bullet,transport,Aktobe,micro,LLP,private,4.6,7,1,0,0,4.7767884805598679,4.4649254188819542,0.21388570955233933669,0.15757865708403478604,1.33712518887617377269,6.5978327961045196,0.19922687622677343478,0.19054980158887045160,0.73602569629467346059,2.5876959214942796,0.73674233502483802414,-0.11215987245932827532,real_estate,20307.58,15230.6850,1.5629330613972640,1.17219979604794797299,A,1,0.003774,2025-01-01,A,1,0.003774,2025-12-01,0,1249.44,0,0,30,30,,,,,0,1.00000000000000000000,0,0
F0000082,C000049,2025-12-31,2022-08-24,2024-08-24,term_loan,295009.19,242885.94,52123.25,0.1111,24,0,senior_secured,USD,bullet,transport,Atyrau,medium,LLP,private,9.7,101,1,0,0,3.6991322937964523,2.7869747945367156,0.39159716620149433292,0.25035862372050493590,1.6109816679122522,6.9279582067734263,0.17953717619714896870,0.12330858722639648800,0.33660438791266119117,1.2871672728859989,0.63932695465851297210,,receivables,189482.18,104215.1990,0.78012823632360111088,0.42907052997798061098,A,1,0.003044,2025-01-01,B,2,0.005088,2024-08-01,0,30948.14,0,0,60,60,,,,,0,1.6714848883048620,1,0
F0000083,C000050,2025-12-31,2024-09-26,2025-09-26,term_loan,90433.8,85070.16,5363.64,0.1241,12,0,senior_secured,KZT,annuity,services,Almaty,medium,LLP,private,7.3,129,0,0,0,2.0400532338069784,1.5037472205327285,1.4607885306504394,0.45757625391968451314,6.4251009164827450,1.01506302916102510413,0.09596615027759058833,0.06799443763269052769,0.07275326528169513772,0.42484457078207754544,0.31323921588838145651,0.00466466451365146781,inventory,124341.71,55953.7695,1.4616371945227328,0.65773673753522974448,C,3,0.01994,2025-01-01,C,3,0.027794,2025-09-01,5,6023.99,0,0,60,60,,,,,0,1.3938816449348044,0,0
F0000084,C000050,2025-12-31,2022-04-15,2026-04-15,leasing,145211.66,123015.08,22196.57,0.1484,48,0,senior_unsecured,USD,annuity,services,Almaty,medium,LLP,private,7.3,129,0,0,0,1.7182203803531671,1.1363711114265215,0.73336760378978672059,0.29698454529460908406,8.1780411166049244,2.4397117380588872,0.04487861578780171542,-0.04650880850654784259,0.12222635461591925848,0.65020862034479681994,0.40496000063255733045,,none,0.0,0.00,0.000000000000000000000000,0.000000000000000000000000,C,3,0.029136,2025-01-01,C,3,0.027794,2025-12-01,60,13177.34,0,0,60,60,,,,,0,0.95394014277869302581,0,0
F0000085,C000051,2025-12-31,2024-06-13,2027-06-13,credit_line,445853.93,367924.82,77929.11,0.1273,36,1,subordinated,KZT,amortizing,real_estate,Aktobe,medium,LLP,private,7.8,331,0,0,0,2.2666531418632613,1.9776038209653964,8.2317597795328741,0.49678432125768680350,-148.3754122996872081,-0.08311788484777728936,-0.00566880358349699526,-0.04485084628655606941,-0.00366953702602086607,0.77481898929347915117,0.06034971070133410933,-0.07906033006082607525,real_estate,191381.34,143536.0050,0.52016425529541605810,0.39012319147156204357,D,4,0.050132,2025-01-01,D,4,0.046891,2025-12-01,30,43071.36,1,0,60,30,,,,,0,0.93535067422005904412,0,0
F0000086,C000052,2025-12-31,2022-04-27,2025-04-27,working_capital,63321.62,53028.52,10293.1,0.1481,36,0,subordinated,KZT,annuity,agriculture,Shymkent,small,LLP,private,21.3,57,0,0,0,2.5508603356975090,2.2284331044129359,1.6729196050717070,0.51392226643843267890,10.1197936141677004,1.08436266261237945531,0.06748333849547904712,0.01733601357372630847,0.06521129667667093358,0.74368011535694309439,0.30720081519781353768,,none,0.0,0.00,0.000000000000000000000000,0.000000000000000000000000,C,3,0.017768,2025-01-01,C,3,0.015548,2025-04-01,15,3454.77,0,0,60,0,,,,,0,0.87505628095452498874,0,0
F0000087,C000053,2025-12-31,2023-07-09,2025-07-09,overdraft,482204.55,447553.8,34650.75,0.116,24,1,senior_secured,KZT,annuity,real_estate,Aktobe,medium,JSC,private,17.3,104,0,0,0,2.6610299706616817,2.4026715594970832,0.34837876694430196366,0.20536542572415477182,2.1726799924116083,3.4807951168580837,0.14219218116108596372,0.06461444879207815457,0.48063818359030286960,0.93708880142345618608,0.58948892759870221231,-0.05682224398261553865,real_estate,467326.46,350494.8450,1.0441794036828645,0.78313455276214837188,C,3,0.018038,2025-01-01,B,2,0.01089,2025-07-01,0,29340.65,0,0,15,15,,,,,0,0.60372546845548286950,-1,0
F0000088,C000054,2025-12-31,2023-05-27,2026-05-27,term_loan,55488.31,52241.41,3246.9,0.1154,36,0,senior_unsecured,KZT,amortizing,manufacturing,Other,small,LLP,private,14.8,44,0,0,0,1.3994988426245279,1.2703784989496539,0.81882950651710001753,0.38423543593921653166,4.5400140670439223,3.0610303986267129,0.13669772260067134037,0.06709911617877581505,0.16389685979350342241,0.35049860271759537435,0.46924962141821931879,0.11468648940832394518,none,0.0,0.00,0.000000000000000000000000,0.000000000000000000000000,B,2,0.008281,2025-01-01,B,2,0.007613,2025-12-01,0,3665.13,0,0,30,30,,,,,0,0.91933341383890834440,0,0
F0000089,C000055,2025-12-31,2024-08-09,2026-02-09,credit_line,4372.97,2435.13,1937.84,0.1389,18,1,senior_secured,KZT,amortizing,energy,Almaty,micro,JSC,private,14.1,6,1,0,0,3.8995148782594916,3.5031242385360808,0.42076812180676688958,0.25847275116048467264,2.4480321455505279,7.7916926805978920,0.12274187151848808118,0.07601335373245847352,0.27591266032506409152,2.1632129417914676,0.61428786489482543897,0.17002900863963999639,receivables,5604.7,3082.585,2.3016019678620854,1.2658810823241470,B,2,0.012748,2025-01-01,C,3,0.020891,2025-12-01,0,322.56,0,0,30,30,,,,,0,1.6387668653906495,1,0
F0000090,C000056,2025-12-31,2025-02-24,2026-02-24,credit_line,8883.62,3302.32,5581.3,0.1489,12,1,senior_unsecured,KZT,bullet,transport,Other,micro,IE,private,25.0,4,0,0,0,1.1548498329485780,0.77411456772040086718,1.6691515412106567,0.36780494174628232709,6.4477550281258135,1.9813143842240256,0.08021845735883455210,0.01933973190376517990,0.07552637145337238460,0.13013258170435764688,0.22035443317477858519,0.31076657458871741898,guarantee,4187.07,2930.949,1.2679177063397854,0.88754239443784975411,B,2,0.010653,2025-01-01,B,2,0.010653,2025-12-01,0,206.05,0,0,15,15,,,,,0,1.00000000000000000000,0,0
F0000091,C000057,2025-12-31,2024-12-14,2027-12-14,overdraft,22532.57,11414.04,11118.53,0.1275,36,1,senior_secured,KZT,amortizing,services,Karaganda,small,LLP,private,12.9,50,0,0,0,1.3493601628295734,0.96904501296058069808,1.7261816090172010,0.41093109905305433250,6.7079099535273586,2.6829244010082364,0.10161085000061438634,0.04792071479613973745,0.08560318982525664485,0.17800570537386656635,0.23805785955917891580,0.06806367782055078472,none,0.0,0.00,0.000000000000000000000000,0.000000000000000000000000,C,3,0.020501,2025-01-01,C,3,0.016021,2025-12-01,0,486.73,0,0,15,15,,,,,0,0.78147407443539339544,0,0
F0000092,C000057,2025-12-31,2024-11-26,2027-11-26,credit_line,46311.17,42008.52,4302.65,0.1477,36,1,senior_secured,KZT,annuity,services,Karaganda,small,LLP,private,12.9,50,0,0,0,1.3493601628295734,0.96904501296058069808,1.7261816090172010,0.41093109905305433250,6.7079099535273586,2.6829244010082364,0.10161085000061438634,0.04792071479613973745,0.08560318982525664485,0.17800570537386656635,0.23805785955917891580,0.06806367782055078472,inventory,75849.69,34132.3605,1.8055787254585498,0.81251042645634742666,C,3,0.020501,2025-01-01,C,3,0.016021,2025-12-01,0,4811.75,0,0,30,30,,,,,0,0.78147407443539339544,0,0
F0000093,C000057,2025-12-31,2022-09-26,2025-09-26,term_loan,13670.23,11431.31,2238.92,0.1384,36,0,senior_unsecured,KZT,bullet,services,Karaganda,small,LLP,private,12.9,50,0,0,0,0.77771274324329690076,0.65298565065036339325,3.7118716728643780,0.55720415683675493366,143.2574558269568294,0.04538459261889964190,0.00643252987956515886,0.00011945891048564978,0.00664451408952041118,0.15543413435045954361,0.15011406803478513146,,equipment,11109.69,6665.814,0.97186499185132762562,0.58311899511079657537,C,3,0.024132,2025-01-01,C,3,0.016021,2025-09-01,0,563.83,0,0,30,30,,,,,0,0.66389027018067296536,0,0
F0000094,C000057,2025-12-31,2023-09-01,2027-09-01,working_capital,46452.88,39629.43,6823.45,0.1634,48,0,senior_secured,KZT,annuity,services,Karaganda,small,LLP,private,12.9,50,0,0,0,2.6789858981871310,2.0756234560412187,1.5982129001838279,0.41174603652065768263,3.8369309839459123,3.9840283005740749,0.10581050636659757181,0.06524209653538643767,0.17681758961151964388,0.29308761898787652792,0.25762902831862906046,-0.05815105362803672516,equipment,72302.85,43381.710,1.8244736298251072,1.0946841778950643,C,3,0.024835,2025-01-01,C,3,0.016021,2025-12-01,30,3951.23,0,0,30,30,,,,,0,0.64509764445339238977,0,0
F0000095,C000058,2025-12-31,2023-05-11,2025-05-11,credit_line,7602.25,4770.73,2831.52,0.1389,24,1,senior_secured,KZT,bullet,energy,Kostanay,micro,LLP,private,22.3,12,1,0,0,2.3190224668136696,2.0731205960868648,0.27585298275324291626,0.16616556652994159085,0.94096025080851627019,6.6782880519617423,0.14686070272337103077,0.06894527477229455131,1.10818498289089238021,0.55455658905347847531,0.60237001924529001787,0.08670349552117244118,real_estate,11198.66,8398.9950,2.3473682224732903,1.7605261668549677,B,2,0.008514,2025-01-01,B,2,0.009939,2025-05-01,0,425.35,0,0,30,30,,,,,0,1.1673713883016209,0,0
F0000096,C000059,2025-12-31,2023-03-04,2025-03-04,overdraft,13910.02,6110.2,7799.82,0.1195,24,1,senior_secured,KZT,annuity,real_estate,Karaganda,small,LLP,private,8.2,50,0,0,0,1.2344559804712911,1.03260230284464519316,1.6195717420660062,0.38154002170318313353,7.2491352691130180,1.01174772436342780785,0.05787268341937640769,0.00801900934994455916,0.11444843899959570749,0.37738030061013811360,0.23558080929250575799,-0.02311787617449475952,inventory,4493.45,2022.0525,0.73540145985401459854,0.33093065693430656934,C,3,0.019266,2025-01-01,C,3,0.029331,2025-03-01,0,559.8,0,0,60,60,,,,,0,1.5224229212083463,0,0
F0000097,C000060,2025-12-31,2022-08-31,2024-02-29,working_capital,2427347.83,2134127.79,293220.04,0.1252,18,0,senior_unsecured,EUR,bullet,real_estate,Shymkent,large,IE,private,9.6,509,0,0,0,3.3521775554428081,2.4360204615939378,0.29861700582585508867,0.17901989943968141730,3.1415808268597196,3.3515886843545372,0.09538600363791650868,0.06924872633007300484,0.15382505287879087305,0.69218018892223160052,0.59949666612115423548,,receivables,1974393.87,1085916.6285,0.92515259828934611268,0.50883392905914036197,B,2,0.007515,2025-01-01,B,2,0.005423,2024-02-01,0,145570.84,0,0,15,15,,,,,0,0.72162341982701264138,0,0
F0000098,C000061,2025-12-31,2022-03-27,2025-03-27,credit_line,11993.69,6462.52,5531.17,0.1592,36,1,senior_secured,KZT,bullet,transport,Kostanay,micro,LLP,private,3.9,8,0,0,1,1.09764380429883351894,0.82926332485049185508,0.67758067217136816848,0.22256024092879120009,4.2114349911610668,1.6179109531064838,0.04224376328529051239,-0.02144630038174163427,0.20606100232109581876,0.64444225736135715796,0.32846308944376601409,,none,0.0,0.00,0.00000000000000000000,0.00000000000000000000,C,3,0.026657,2025-01-01,C,3,0.033483,2025-03-01,0,454.88,0,0,30,15,,,,,0,1.2560678245864126,0,0
F0000099,C000062,2025-12-31,2022-02-01,2023-02-01,credit_line,78344.1,49350.48,28993.61,0.0988,12,1,senior_secured,KZT,amortizing,trade,Atyrau,micro,IE,private,8.1,10,1,0,0,3.6395031988898913,2.6678050928830615,0.31872124124974193356,0.19305479936304268570,1.5910525748859390,4.0116453016883856,0.18983529132866820215,0.14276230272243174165,0.44376698276020342593,0.39171283042121885150,0.60571676555366389741,,real_estate,84223.66,63167.7450,1.7066431775334303,1.2799823831500727,A,1,0.003297,2025-01-01,A,1,0.004693,2023-02-01,5,1612.03,0,0,15,15,,,,,0,1.4234152259629967,0,0
F0000100,C000063,2025-12-31,2024-08-08,2026-08-08,trade_finance,3190575.24,1362812.76,1827762.48,0.1359,24,1,subordinated,KZT,annuity,agriculture,Astana,large,LLP,private,17.2,688,0,0,0,1.3891767398145797,0.99186009321470116324,1.1822060095112629,0.36858514055312217438,6.2142092951218736,1.1345895428180498,0.04733881669177150818,-0.01317748707663250375,0.15975612812011890141,0.43341510436609130888,0.31177742084520393286,-0.00390954504973588783,equipment,2069164.07,1241498.442,1.5183040038456934,0.91098240230741602390,B,2,0.011616,2025-01-01,B,2,0.011112,2025-12-01,15,29954.72,0,0,15,15,,,,,0,0.95661157024793388430,0,0
F0000101,C000064,2025-12-31,2023-11-22,2024-11-22,credit_line,488914.2,378103.46,110810.74,0.1301,12,1,senior_secured,USD,bullet,construction,Atyrau,small,LLP,private,2.8,30,0,0,0,2.0236078271567687,1.6591577765300393,0.59288392104161993284,0.31709562294107635957,2.3896115097554337,3.5763680128655219,0.14613523648552646049,0.11338864229008571145,0.44777790863807879469,0.52310519802464790922,0.53483592940753156993,0.32399827409836656946,equipment,454490.79,272694.474,1.2020275878988254,0.72121655273929521830,B,2,0.011301,2025-01-01,B,2,0.010266,2024-11-01,0,31155.82,0,0,15,15,,,,,0,0.90841518449694717282,0,0
F0000102,C000065,2025-12-31,2024-03-06,2026-03-06,term_loan,6223.12,5421.87,801.25,0.128,24,0,senior_secured,KZT,annuity,energy,Kostanay,micro,LLP,state_related,16.1,5,0,1,0,1.67130207655775621607,1.16493690582588407026,1.5910737510600049,0.52234085790332756192,9.5594162336511794,1.1384271494553807,0.06511292913648712888,0.03705434683055108270,0.04719503019881247383,0.12642834286600831414,0.32829456054776451137,-0.28391104166217061959,real_estate,12115.6,9086.700,2.2345795823212287,1.6759346867409215,B,2,0.014463,2025-01-01,C,3,0.015176,2025-12-01,0,417.44,0,0,30,0,,,,,0,1.0492982092235359,1,0
F0000103,C000066,2025-12-31,2022-04-22,2027-04-22,term_loan,1485351.3,1188657.76,296693.54,0.1156,60,0,senior_unsecured,KZT,amortizing,construction,Karaganda,medium,LLP,private,18.2,146,0,0,0,1.5540417882811184,1.3164866652800609,0.80752357949603153476,0.28674242055394957923,2.8155395672196611,2.3836832202188625,0.14120358625002796170,0.07591786232423441021,0.22871738398014230351,0.44753924214924279752,0.35508860401686726970,,real_estate,1791724.86,1343793.6450,1.5073513338271564,1.1305135003703673,B,2,0.014157,2025-01-01,B,2,0.013913,2025-12-01,0,60665.55,0,0,30,15,,,,,0,0.98276471003743731016,0,0
F0000104,C000067,2025-12-31,2022-03-19,2024-03-19,trade_finance,691659.22,288764.06,402895.16,0.1294,24,1,subordinated,KZT,annuity,construction,Other,medium,LLP,private,4.3,204,0,0,0,2.6860161104891585,2.5038118180851625,0.19782086191455687166,0.12969961763980115588,1.0817900485151042,7.8729657026032688,0.14588493737704900786,0.08499138381133257592,0.77881145047036486064,1.7749925863840983,0.65564175782340509029,,none,0.0,0.00,0.000000000000000000000000,0.000000000000000000000000,B,2,0.007288,2025-01-01,B,2,0.007454,2024-03-01,0,15894.02,0,0,5,0,,,,,0,1.0227771679473106,0,0
F0000105,C000067,2025-12-31,2024-05-06,2027-05-06,working_capital,814994.12,667619.58,147374.53,0.1081,36,0,senior_unsecured,KZT,annuity,construction,Other,medium,LLP,private,4.3,204,0,0,0,2.0788311949862838,1.5703230158962550,0.58875339805088200754,0.29574679612284823398,3.7515956114700809,2.5051054220099293,0.11467511023398117100,0.10171399602665807699,0.24583532248372816438,1.1490854718714510,0.50232711539660416856,0.25685656061595719005,none,0.0,0.00,0.000000000000000000000000,0.000000000000000000000000,B,2,0.007587,2025-01-01,B,2,0.007454,2025-12-01,0,63450.08,0,0,30,30,,,,,0,0.98247001449848424937,0,0
F0000106,C000067,2025-12-31,2024-07-26,2027-07-26,overdraft,244706.01,153463.86,91242.15,0.1247,36,1,senior_secured,KZT,bullet,construction,Other,medium,LLP,private,4.3,204,0,0,0,2.0788311949862838,1.5703230158962550,0.58875339805088200754,0.29574679612284823398,3.7515956114700809,2.5051054220099293,0.11467511023398117100,0.10171399602665807699,0.24583532248372816438,1.1490854718714510,0.50232711539660416856,0.25685656061595719005,none,0.0,0.00,0.000000000000000000000000,0.000000000000000000000000,B,2,0.007587,2025-01-01,B,2,0.007454,2025-12-01,360,99242.21,0,0,360,360,2024-11-02,90dpd,120,0,1,0.98247001449848424937,0,1
F0000107,C000068,2025-12-31,2022-02-20,2024-02-20,working_capital,201107.4,197498.01,3609.39,0.1435,24,0,senior_unsecured,KZT,bullet,construction,Atyrau,small,LLP,private,17.1,23,0,0,0,2.1269977966054685,1.7246198090823656,0.61702937696440863189,0.28212684828233792223,12.2603298300604459,0.67374832013267377691,0.03293465155004478219,0.00073108632674135124,0.04948368134365951072,1.1853837001776706,0.45723406180482636572,,real_estate,408948.8,306711.600,2.0706476991844120,1.5529857743883090,C,3,0.018504,2025-01-01,C,3,0.028833,2024-02-01,30,16893.32,0,0,30,30,,,,,0,1.5582036316472114,0,0
F0000108,C000068,2025-12-31,2025-03-17,2026-03-17,leasing,45837.11,38568.65,7268.46,0.134,12,0,senior_secured,KZT,annuity,construction,Atyrau,small,LLP,private,17.1,23,0,0,0,0.88210168414242026034,0.58866665525634450890,1.4330567338286799,0.33640486861359477264,9.5010871695110924,1.4516841558714548,0.04529457696843524065,-0.01335492653658691856,0.05096607181815516288,0.20230620450083090603,0.23474637163514529307,-0.39537455149556936264,none,0.0,0.00,0.000000000000000000000000,0.000000000000000000000000,C,3,0.028833,2025-01-01,C,3,0.028833,2025-12-01,30,2427.48,0,0,30,30,,,,,0,1.00000000000000000000,0,0
F0000109,C000069,2025-12-31,2022-02-27,2023-08-27,term_loan,7343.75,6508.99,834.76,0.1342,18,0,senior_secured,KZT,bullet,services,Shymkent,small,LLP,private,24.2,44,0,0,0,2.0591850265547706,1.7352170212365651,0.44847307247687487247,0.23531965602315179182,1.7704833635604022,5.3178950472301798,0.14004280105662075272,0.08920832281353693691,0.60283086227531626505,1.4767751033320275,0.52471301057943862862,,none,0.0,0.00,0.00000000000000000000,0.00000000000000000000,B,2,0.007691,2025-01-01,B,2,0.008226,2023-08-01,0,401.69,0,0,15,15,,,,,0,1.0695618255103368,0,0
F0000110,C000070,2025-12-31,2023-05-10,2026-05-10,term_loan,18628.44,17616.65,1011.78,0.1157,36,0,senior_unsecured,KZT,amortizing,transport,Almaty,micro,IE,private,14.7,9,0,0,0,1.03383354977576128308,0.85258422445461414912,0.79563448636212006806,0.30951110919071172842,2.9884867904161343,5.2949837212106596,0.14453336426451054243,0.10218762594042650003,0.13558290838701457322,0.65587612998001153226,0.38901168123806387137,0.17718735191404068971,real_estate,20840.84,15630.6300,1.1830194730553198,0.88726460479148986896,B,2,0.006357,2025-01-01,B,2,0.009869,2025-12-01,0,1361.41,0,0,30,30,,,,,0,1.5524618530753500,0,0
F0000111,C000070,2025-12-31,2024-03-15,2025-03-15,working_capital,30364.44,26204.0,4160.44,0.0966,12,0,senior_unsecured,USD,bullet,transport,Almaty,micro,IE,private,14.7,9,0,0,0,1.8439012515112314,1.4596056268799415,0.77276051480238450319,0.31337787208314409379,3.1836177796304857,2.6152998159125272,0.15657557219940051893,0.07984651709449042058,0.22615116013474998450,0.78870013845245925653,0.40553038888546625996,-0.27786007951963284938,inventory,37010.38,16654.6710,1.4123942909479469,0.63557743092657609525,B,2,0.008259,2025-01-01,B,2,0.009869,2025-03-01,5,1688.88,0,0,30,30,,,,,0,1.1949388545828793,0,0
F0000112,C000070,2025-12-31,2022-02-08,2026-02-08,trade_finance,25903.48,20679.83,5223.65,0.1125,48,1,senior_unsecured,KZT,annuity,transport,Almaty,micro,IE,private,14.7,9,0,0,0,0.94196690448335140880,0.71412895177823862379,0.33958582413320164583,0.16057212405132629298,1.04207882175793239692,8.0783511286074372,0.13262542674910465510,0.10020733487313670811,0.80600253666216975451,0.39537513468151156216,0.47284695838287495739,,guarantee,25219.83,17653.881,1.21953758807495032599,0.85367631165246522820,B,2,0.011892,2025-01-01,B,2,0.009869,2025-12-01,0,1449.59,0,0,60,15,,,,,0,0.82988563740329633367,0,0
F0000113,C000070,2025-12-31,2024-05-07,2025-05-07,credit_line,22321.48,12222.2,10099.28,0.0979,12,1,senior_unsecured,KZT,amortizing,transport,Almaty,micro,IE,private,14.7,9,0,0,0,1.8439012515112314,1.4596056268799415,0.77276051480238450319,0.31337787208314409379,3.1836177796304857,2.6152998159125272,0.15657557219940051893,0.07984651709449042058,0.22615116013474998450,0.78870013845245925653,0.40553038888546625996,-0.27786007951963284938,equipment,16241.87,9745.122,1.32888268887761614112,0.79732961332656968467,B,2,0.008259,2025-01-01,B,2,0.009869,2025-05-01,5,369.15,0,0,5,5,,,,,0,1.1949388545828793,0,0
F0000114,C000071,2025-12-31,2022-08-27,2025-08-27,term_loan,36283.73,34918.08,1365.66,0.1205,36,0,senior_secured,KZT,amortizing,energy,Atyrau,micro,LLP,foreign_owned,6.9,10,1,0,0,3.9976539665772661,3.4119737502806195,0.32789082529747374602,0.21861641837558103780,2.3856650021325664,5.0812711089119165,0.14368095354099450980,0.08540854591983381668,0.37435181741102880648,0.54933468342166656294,0.66673539333479295356,,none,0.0,0.00,0.000000000000000000000000,0.000000000000000000000000,B,2,0.006269,2025-01-01,A,1,0.002809,2025-08-01,0,2928.54,0,0,60,30,,,,,0,0.44807784335619716063,-1,0
F0000115,C000071,2025-12-31,2023-08-16,2026-08-16,term_loan,20940.26,16989.88,3950.38,0.08,36,0,senior_unsecured,KZT,bullet,energy,Atyrau,micro,LLP,foreign_owned,6.9,10,1,0,0,2.6385196198583419,2.3481191589882490,0.18192454411695121099,0.13097735584466968650,0.79241180416552369857,8.7483681244969144,0.20621359958178921116,0.17958003452303346921,1.21758117903510971981,1.32199843811764252177,0.71995428918304811320,0.07184617110018137254,none,0.0,0.00,0.000000000000000000000000,0.000000000000000000000000,A,1,0.002819,2025-01-01,A,1,0.002809,2025-12-01,0,1622.5,0,0,60,60,,,,,0,0.99645264278112805960,0,0
F0000116,C000072,2025-12-31,2022-10-29,2026-10-29,term_loan,162732.58,162571.86,160.72,0.1114,48,0,senior_unsecured,KZT,annuity,agriculture,Astana,small,LLP,private,21.5,47,1,0,0,2.7489569193358091,2.1062927274705178,0.30707069030518368966,0.19050185380165387027,1.8386771169163859,5.2467989210557090,0.15859092012910006881,0.10944358650306821344,0.29829187868603698686,0.88529277571734875399,0.62038436039702350673,,receivables,222144.75,122179.6125,1.3664403544377237,0.75154219494074804828,A,1,0.001999,2025-01-01,A,1,0.00364,2025-12-01,0,16169.7,0,0,60,30,,,,,0,1.8209104552276138,0,0
F0000117,C000072,2025-12-31,2025-06-23,2026-06-23,leasing,69883.09,60803.6,9079.49,0.1159,12,0,senior_secured,KZT,amortizing,agriculture,Astana,small,LLP,private,21.5,47,1,0,0,7.1534213914041500,5.4996020382713554,0.16043015586302674766,0.13018831973588026128,1.2347142933396183,14.9578193498718304,0.17723589926895860352,0.13732043172890733613,0.73094015915928145463,0.94584267819299220793,0.81149531417917098903,0.27498618801383563206,inventory,132155.69,59470.0605,2.1734846291995869,0.97806808313981408996,A,1,0.00364,2025-01-01,A,1,0.00364,2025-12-01,0,2715.16,0,0,0,0,,,,,0,1.00000000000000000000,0,0
F0000118,C000073,2025-12-31,2023-10-30,2026-10-30,term_loan,232768.95,186325.4,46443.55,0.0955,36,0,senior_secured,KZT,annuity,manufacturing,Kostanay,small,LLP,private,14.9,27,0,0,0,1.7135133600238602,1.3155283743388098,1.6917762131016943,0.49601784735262711738,4.1408976881083951,4.2946305621254484,0.09151385060519857811,0.05102410213621580325,0.16435445516438656276,0.12693437217741905946,0.29319353441152267534,-0.11735137844211824105,equipment,337032.13,202219.278,1.8088362080532230,1.0853017248319338,C,3,0.020583,2025-01-01,B,2,0.009639,2025-12-01,0,13212.53,1,0,30,0,,,,,0,0.46829908176650634018,-1,0
F0000119,C000074,2025-12-31,2023-08-04,2025-08-04,term_loan,453107.19,424227.37,28879.82,0.1002,24,0,subordinated,KZT,annuity,trade,Aktobe,small,JSC,private,22.9,20,1,0,0,2.2291277496209359,1.9588517650572503,0.36796696628439296963,0.23189858439434659956,2.8325889335294687,2.6681329723519266,0.13493103794483105993,0.06584083359401452056,0.32843483003341500473,0.78595858571435786141,0.63021576837720173415,-0.00044112396433184841,none,0.0,0.00,0.000000000000000000000000,0.000000000000000000000000,A,1,0.003611,2025-01-01,B,2,0.005013,2025-08-01,15,15597.83,0,0,60,60,,,,,0,1.3882581002492384,1,0
F0000120,C000074,2025-12-31,2023-03-04,2028-03-04,credit_line,83944.24,33460.23,50484.02,0.1034,60,1,subordinated,KZT,amortizing,trade,Aktobe,small,JSC,private,22.9,20,1,0,0,2.2291277496209359,1.9588517650572503,0.36796696628439296963,0.23189858439434659956,2.8325889335294687,2.6681329723519266,0.13493103794483105993,0.06584083359401452056,0.32843483003341500473,0.78595858571435786141,0.63021576837720173415,-0.00044112396433184841,none,0.0,0.00,0.000000000000000000000000,0.000000000000000000000000,A,1,0.003611,2025-01-01,B,2,0.005013,2025-12-01,0,2647.78,0,0,30,15,,,,,0,1.3882581002492384,1,0
F0000121,C000074,2025-12-31,2022-11-25,2023-11-25,leasing,111007.09,94552.48,16454.61,0.1032,12,0,senior_unsecured,KZT,bullet,trade,Aktobe,small,JSC,private,22.9,20,1,0,0,1.3831853997445489,1.2899472535601787,0.29022983648015962391,0.18838489550166239402,1.3081959132093299,13.9395654376399200,0.18010018673412111414,0.11951187840964434835,0.73810848759910978269,1.1127921668643328,0.64908865947881467088,,none,0.0,0.00,0.000000000000000000000000,0.000000000000000000000000,A,1,0.004056,2025-01-01,B,2,0.005013,2023-11-01,0,2363.13,0,0,15,15,,,,,0,1.2359467455621302,1,0
F0000122,C000075,2025-12-31,2024-05-06,2026-05-06,credit_line,2393251.87,1395806.24,997445.63,0.125,24,1,senior_secured,USD,bullet,trade,Karaganda,medium,LLP,private,9.5,116,0,0,1,2.5821109953278065,2.3801429615478977,0.26843378549326257952,0.17343356826754929911,1.5906899337425843,4.4131778593901439,0.09786771421659850034,-0.00864882547422322425,0.26967157570463881534,1.8980852476659545,0.64609441001942100476,0.19461947014893054880,equipment,1607119.51,964271.706,1.1513915498758624,0.69083492992551745578,B,2,0.005684,2025-01-01,B,2,0.007688,2025-12-01,0,79966.08,0,0,60,60,,,,,0,1.3525686136523575,0,0
F0000123,C000076,2025-12-31,2024-02-25,2027-02-25,credit_line,8186.04,6632.31,1553.73,0.1546,36,1,senior_secured,KZT,bullet,manufacturing,Astana,micro,IE,private,14.6,11,0,0,0,1.9260172080052948,1.8289805627632501,1.9708750994960346,0.40569620455365932582,-12.0846418423807387,-1.6061532414786995,-0.03931647687336809388,-0.09167002958477092515,-0.05304811510726620243,0.54762178777612936571,0.20584572033884767874,-0.29237648893893255943,none,0.0,0.00,0.00000000000000000000,0.00000000000000000000,C,3,0.030791,2025-01-01,D,4,0.040748,2025-12-01,0,184.44,0,0,15,15,,,,,0,1.3233737130979832,1,0
F0000124,C000076,2025-12-31,2025-01-21,2028-01-21,working_capital,9374.96,7622.43,1752.54,0.1686,36,0,senior_secured,KZT,amortizing,manufacturing,Astana,micro,IE,private,14.6,11,0,0,0,0.97236800682789643424,0.65412227251421895441,2.7059148242501834,0.41786192679441098912,42.6409785183370089,0.15655609830950615074,0.01562143133294459451,-0.00590381138426322297,0.01368346347644446403,0.60345752898892484835,0.15442538066962315038,-0.16218601257686829031,none,0.0,0.00,0.00000000000000000000,0.00000000000000000000,D,4,0.040748,2025-01-01,D,4,0.040748,2025-12-01,0,842.42,0,0,60,60,,,,,0,1.00000000000000000000,0,0
F0000125,C000077,2025-12-31,2022-03-16,2023-03-16,credit_line,148718.88,80958.29,67760.59,0.0983,12,1,senior_secured,KZT,annuity,energy,Atyrau,small,LLP,private,18.1,29,0,0,0,3.7915660325337745,3.5608058249993734,0.64035185261222027216,0.34618109769562730957,3.9283162121945535,1.6635488236324797,0.12314355499828185389,0.06885670595240210955,0.24309771170771122623,0.92023306761718490678,0.54061075373395569845,,real_estate,146330.09,109747.5675,1.8074750590705411,1.3556062943029059,B,2,0.011071,2025-01-01,B,2,0.005917,2023-03-01,0,12561.29,0,0,60,60,,,,,0,0.53445939842832625779,0,0
F0000126,C000078,2025-12-31,2024-09-27,2026-09-27,term_loan,23780.06,21991.9,1788.17,0.1181,24,0,senior_secured,KZT,bullet,transport,Astana,micro,LLP,private,20.6,6,0,0,0,2.2858813387749030,1.8364512085339890,0.45227844070339978971,0.20953277425877624084,2.0198665091220301,5.5356865218942754,0.14694472010428822223,0.10175882350652740145,0.17672627989304495896,0.93800555727076258104,0.46328269358341134191,0.29849344216640003092,real_estate,42002.57,31501.9275,1.9099109217484619,1.4324331913113465,B,2,0.007119,2025-01-01,B,2,0.007798,2025-12-01,30,2590.42,0,0,60,60,,,,,0,1.0953785644051131,0,0
F0000127,C000078,2025-12-31,2022-05-12,2023-11-12,working_capital,18169.43,15465.66,2703.77,0.1095,18,0,senior_unsecured,EUR,amortizing,transport,Astana,micro,LLP,private,20.6,6,0,0,0,3.4281248660499125,3.0618935654821210,0.31425831554977167497,0.19318103524527778426,1.53111815307644341043,5.3227678571428571,0.15822890075287816177,0.10461029507117455946,0.65623861273658714338,1.2872536369123187,0.61472052030611140448,,none,0.0,0.00,0.000000000000000000000000,0.000000000000000000000000,B,2,0.007829,2025-01-01,B,2,0.007798,2023-11-01,30,1151.83,0,0,30,15,,,,,0,0.99604036275386383957,0,0
F0000128,C000079,2025-12-31,2024-02-04,2028-02-04,credit_line,270086.13,215342.93,54743.2,0.1359,48,1,senior_unsecured,KZT,bullet,energy,Karaganda,medium,LLP,foreign_owned,12.5,74,0,0,0,3.0829413119676944,2.1480246960296027,1.1355532757811182,0.41684747743432923650,2.3388031164906264,2.8872465957408042,0.13384292040734447990,0.05304974088785526403,0.30967318038193727417,1.8485262634932504,0.36708755663409139590,-0.05727700231435611985,equipment,341303.95,204782.370,1.5849322287943235,0.95095933727659412826,C,3,0.024285,2025-01-01,B,2,0.013685,2025-12-01,0,15055.53,0,0,30,15,,,,,0,0.56351657401688284950,-1,0
F0000129,C000079,2025-12-31,2024-04-04,2027-04-04,working_capital,128233.55,108240.66,19992.89,0.1454,36,0,senior_unsecured,KZT,annuity,energy,Karaganda,medium,LLP,foreign_owned,12.5,74,0,0,0,3.0829413119676944,2.1480246960296027,1.1355532757811182,0.41684747743432923650,2.3388031164906264,2.8872465957408042,0.13384292040734447990,0.05304974088785526403,0.30967318038193727417,1.8485262634932504,0.36708755663409139590,-0.05727700231435611985,equipment,67081.78,40249.068,0.61974659060652438742,0.37184795436391463245,C,3,0.024285,2025-01-01,B,2,0.013685,2025-12-01,0,10137.94,0,0,60,15,,,,,0,0.56351657401688284950,-1,0
F0000130,C000080,2025-12-31,2024-02-12,2025-02-12,credit_line,19866.54,7922.6,11943.94,0.1044,12,1,senior_secured,KZT,bullet,trade,Kostanay,micro,LLP,private,9.9,15,0,0,0,3.5395757994392751,2.6624825528466177,0.34516961043294230638,0.18961422998467999908,2.5805687830687831,5.2306273062730627,0.08955452399159478671,0.05385398614619548996,0.36585661733925877326,0.87540154849155563976,0.54933639652357874898,-0.25804196567353101319,none,0.0,0.00,0.00000000000000000000,0.00000000000000000000,B,2,0.011932,2025-01-01,B,2,0.011078,2025-02-01,0,274.98,0,1,30,30,,,,,0,0.92842775729131746564,0,0
F0000131,C000081,2025-12-31,2024-09-25,2026-03-25,leasing,54699.41,54593.74,105.67,0.1412,18,0,senior_secured,USD,annuity,trade,Other,small,JSC,private,3.4,47,0,0,0,1.00942077950802733274,0.65725586029319902900,1.1522906478295583,0.32414406671072713566,3.7565953506345099,2.8961714636496584,0.08724744833129763957,0.03742986227723515099,0.29068992438034184961,0.23980314852915034462,0.28130408532021087056,-0.13266724096134553381,none,0.0,0.00,0.000000000000000000000000,0.000000000000000000000000,C,3,0.021708,2025-01-01,C,3,0.021327,2025-12-01,0,2247.47,0,0,30,30,,,,,0,0.98244886677722498618,0,0
F0000132,C000081,2025-12-31,2022-08-30,2023-08-30,overdraft,46095.49,22280.47,23815.02,0.1598,12,1,senior_secured,KZT,annuity,trade,Other,small,JSC,private,3.4,47,0,0,0,1.3527009379168606,1.2035100982736529,1.1198163534720699,0.33262252846647574746,7.1622597874655709,2.6575332868418755,0.05835560623060781046,0.02271482866803648358,0.06247463418725175339,0.32793204078196761653,0.29703310496864600309,,real_estate,20993.13,15744.8475,0.94222114704043496389,0.70666586028032622292,C,3,0.030639,2025-01-01,C,3,0.021327,2023-08-01,0,805.77,0,0,5,5,,,,,0,0.69607363164594144718,0,0
F0000133,C000082,2025-12-31,2023-11-07,2024-11-07,term_loan,131682.04,113856.07,17825.97,0.1387,12,0,senior_secured,KZT,annuity,real_estate,Other,small,LLP,foreign_owned,15.5,46,0,0,0,1.7329501482045673,1.4673809087211110,0.63191711466753119366,0.23351728463514120742,5.3109708021569863,2.7361954951383970,0.05199745685641537441,-0.01143788952999838399,0.15296930177318643528,0.96070792932728828568,0.36953783845212201836,0.03364029743182889533,none,0.0,0.00,0.000000000000000000000000,0.000000000000000000000000,C,3,0.017563,2025-01-01,B,2,0.013383,2024-11-01,180,26964.87,0,0,180,180,2024-08-30,90dpd,120,0,1,0.76199965837271536753,-1,1
F0000134,C000083,2025-12-31,2023-10-02,2027-10-02,term_loan,66492.28,56609.65,9882.63,0.1354,48,0,subordinated,KZT,annuity,trade,Other,small,LLP,private,22.1,49,0,0,0,1.3072037610177410,1.0847160126589594,0.73235364107693218586,0.27592365786566898404,2.1782347669410009,7.7086060677304391,0.16794659203494441530,0.14165602989944536458,0.42809527502276620574,0.39039036852278504275,0.37676286754022404470,0.14298690918988465163,receivables,109986.81,60492.7455,1.9428986047431842,1.0685942326087513,B,2,0.011849,2025-01-01,B,2,0.008295,2025-12-01,0,2980.74,0,0,15,15,,,,,0,0.70005907671533462739,0,0
F0000135,C000083,2025-12-31,2023-10-11,2024-10-11,credit_line,150347.28,92773.22,57574.06,0.1403,12,1,senior_unsecured,KZT,annuity,trade,Other,small,LLP,private,22.1,49,0,0,0,1.3072037610177410,1.0847160126589594,0.73235364107693218586,0.27592365786566898404,2.1782347669410009,7.7086060677304391,0.16794659203494441530,0.14165602989944536458,0.42809527502276620574,0.39039036852278504275,0.37676286754022404470,0.14298690918988465163,equipment,142656.69,85594.014,1.5376925582619640,0.92261553495717837540,B,2,0.011849,2025-01-01,B,2,0.008295,2024-10-01,5,12908.31,0,0,60,60,,,,,0,0.70005907671533462739,0,0
F0000136,C000084,2025-12-31,2022-11-29,2024-11-29,working_capital,53465.78,42989.22,10476.55,0.1072,24,0,senior_secured,KZT,amortizing,trade,Aktobe,small,IE,private,6.0,43,1,0,0,2.5162388851650000,1.9102439317120846,0.36276977858378182874,0.20937018310931980256,0.87329030568141837964,9.0317061068617744,0.24642631124099230744,0.20545102935689890539,1.11650246990240873409,0.86954434807242637022,0.57714339911852848330,,equipment,53017.94,31810.764,1.2332845304008772,0.73997071824052634591,A,1,0.004609,2025-01-01,A,1,0.002477,2024-11-01,0,2617.37,0,0,30,15,,,,,0,0.53742677370362334563,0,0
F0000137,C000085,2025-12-31,2022-10-05,2027-10-05,credit_line,552169.06,288193.05,263976.01,0.1219,60,1,senior_secured,KZT,bullet,agriculture,Astana,medium,IE,private,10.9,129,0,0,0,2.9499760675926137,2.3621845790418557,0.75784919815570910160,0.35178219721748192250,3.0487384630178968,6.3159550044337502,0.16677141398377154010,0.10759180098648220094,0.25352671218537691302,0.80858209391141523491,0.46418495668211302894,,equipment,483797.05,290278.230,1.6787255973036130,1.0072353583821678,B,2,0.010598,2025-01-01,B,2,0.014338,2025-12-01,30,23428.62,0,0,60,60,,,,,0,1.3528967729760332,0,0
F0000138,C000085,2025-12-31,2022-05-13,2027-05-13,leasing,256654.67,233616.0,23038.66,0.1024,60,0,senior_unsecured,KZT,amortizing,agriculture,Astana,medium,IE,private,10.9,129,0,0,0,2.9499760675926137,2.3621845790418557,0.75784919815570910160,0.35178219721748192250,3.0487384630178968,6.3159550044337502,0.16677141398377154010,0.10759180098648220094,0.25352671218537691302,0.80858209391141523491,0.46418495668211302894,,real_estate,430416.47,322812.3525,1.8424100660913636,1.3818075495685227,B,2,0.010598,2025-01-01,B,2,0.014338,2025-12-01,0,20959.63,0,0,60,30,,,,,0,1.3528967729760332,0,0
F0000139,C000085,2025-12-31,2024-12-27,2025-12-27,leasing,414614.49,358065.24,56549.26,0.1248,12,0,senior_secured,KZT,bullet,agriculture,Astana,medium,IE,private,10.9,129,0,0,0,3.0218555646204068,2.8456991911906780,0.54176896167634052052,0.29579905638746884936,3.1261413239922652,3.3070933397663723,0.10562035846795337465,0.04715024132957545501,0.15021609990673308825,1.3142818547323452,0.54598745463787359735,0.23390321948617529487,real_estate,799997.8,599998.350,2.2342235733354067,1.6756676800015550,B,2,0.014531,2025-01-01,B,2,0.014338,2025-12-01,30,24216.39,0,0,30,30,,,,,0,0.98671805106324409882,0,0
F0000140,C000086,2025-12-31,2022-12-15,2025-12-15,term_loan,19580.18,17502.21,2077.97,0.0966,36,0,senior_unsecured,KZT,amortizing,energy,Kostanay,small,IE,private,9.2,33,0,0,0,0.59484896514656570666,0.39776397757113693836,0.91572265157547986754,0.28284613878322093182,2.1872664601728520,6.5169342274605433,0.11002873816675284448,0.07783485796815457168,0.26508944384169400824,0.16287564291586549894,0.30887751689508894688,,real_estate,17314.25,12985.6875,0.98926078478089338432,0.74194558858567003824,C,3,0.024875,2025-01-01,C,3,0.031251,2025-12-01,0,1711.76,0,0,60,30,,,,,0,1.2563216080402010,0,0
F0000141,C000087,2025-12-31,2024-10-16,2025-10-16,working_capital,1603542.45,1461887.08,141655.37,0.0864,12,0,senior_unsecured,KZT,annuity,services,Kostanay,medium,LLP,private,23.7,121,0,0,0,1.6281984081440739,1.5356691352075380,0.80505989135359448337,0.31759013523780225426,3.1151815747606257,4.1696765530103017,0.17926036965719937182,0.12429666355219739483,0.12829476763305171317,0.77173955449789282008,0.39449255719822199203,0.05825193251220915143,real_estate,4263369.17,3197526.8775,2.9163464321745015,2.1872598241308761,A,1,0.004341,2025-01-01,B,2,0.006541,2025-10-01,0,48487.32,0,0,15,15,,,,,0,1.5067956692006450,1,0
F0000142,C000088,2025-12-31,2022-08-10,2024-08-10,credit_line,8260717.68,4747529.25,3513188.43,0.1144,24,1,senior_secured,KZT,amortizing,trade,Other,large,LLP,private,18.5,1509,0,0,0,1.0876845335061889,0.72747410262909584500,1.0325315362867705,0.30972063435531107529,4.2608201613746653,2.5461100626580816,0.12518466405114210387,0.08597545690601539522,0.24730523235696159313,0.32432481148074337054,0.29996239676043242116,,none,0.0,0.00,0.000000000000000000000000,0.000000000000000000000000,C,3,0.024738,2025-01-01,B,2,0.009162,2024-08-01,0,403089.66,0,0,60,60,,,,,0,0.37036138733931603202,-1,0
F0000143,C000088,2025-12-31,2023-04-07,2026-04-07,credit_line,2236117.46,1546758.01,689359.45,0.1461,36,1,senior_secured,KZT,amortizing,trade,Other,large,LLP,private,18.5,1509,0,0,0,1.3338861887037496,0.87197186911661279439,0.74777500393300272263,0.33123662517368614495,4.5711680847671635,3.3903269617375249,0.12626104568888882136,0.03946228376771761366,0.16077513931027647188,0.33008654621651112176,0.44296295467421569080,0.04931495436534308790,real_estate,1290964.83,968223.6225,0.83462624512285538447,0.62596968384214153835,B,2,0.011149,2025-01-01,B,2,0.009162,2025-12-01,0,185430.85,0,0,60,60,,,,,0,0.82177773791371423446,0,0
F0000144,C000089,2025-12-31,2023-02-25,2025-02-25,term_loan,142055.85,135379.22,6676.63,0.1287,24,0,senior_secured,KZT,annuity,real_estate,Atyrau,small,IE,private,7.6,43,0,0,0,1.4356876639227201,0.97150521684350364907,1.6807611619115182,0.53213266613449944044,10.7528889096839338,1.07992562207892418022,0.08880823205159922736,0.03552908334185938435,0.08406788937407553682,0.47680151258167043426,0.31660219083674482641,0.13964008758974407857,none,0.0,0.00,0.000000000000000000000000,0.000000000000000000000000,C,3,0.02005,2025-01-01,C,3,0.031579,2025-02-01,5,9186.48,1,0,30,15,,,,,0,1.5750124688279302,0,0
F0000145,C000090,2025-12-31,2023-08-13,2028-08-13,credit_line,74944.15,56443.7,18500.46,0.1252,60,1,senior_secured,KZT,amortizing,real_estate,Astana,small,LLP,private,6.0,30,1,0,0,1.9046038538342420,1.5122785091138562,0.29873086554385225830,0.17752790568432289600,1.1115640618162556,10.0030658864310601,0.18710160521401196104,0.11144638977669671844,0.61374902577065724819,0.48607213415823175483,0.59427372983747690743,0.11456027299244178999,none,0.0,0.00,0.000000000000000000000000,0.000000000000000000000000,A,1,0.003677,2025-01-01,B,2,0.005159,2025-12-01,5,3156.16,0,0,30,30,,,,,0,1.4030459613815611,1,0
F0000146,C000091,2025-12-31,2024-04-21,2028-04-21,term_loan,34644.52,28055.96,6588.55,0.1474,48,0,senior_secured,KZT,annuity,real_estate,Aktobe,micro,LLP,private,15.6,9,0,0,0,5.1290191073671525,3.8444139188498284,0.31583077941922703126,0.20945473316250749297,1.2799852441558470,5.6079912199611495,0.13217836880717521932,0.07234340921781576415,0.34877093729647052950,0.69754986952486033030,0.66318657588620187517,0.19451056500199555989,receivables,29333.17,16133.2435,1.04552366056980406302,0.57503801331339223466,B,2,0.007128,2025-01-01,B,2,0.005198,2025-12-01,0,2115.63,0,0,30,30,,,,,0,0.72923681257014590348,0,0
F0000147,C000091,2025-12-31,2023-08-13,2025-08-13,overdraft,28820.85,24983.33,3837.52,0.1334,24,1,senior_secured,USD,amortizing,real_estate,Aktobe,micro,LLP,private,15.6,9,0,0,0,1.7656261811323752,1.4116125411754758,0.66077300243030272737,0.29035840632185630920,1.9425321535586846,4.4710801950552560,0.11547968593407165419,0.02997209426472302993,0.43025901418057469035,1.5847342997509079,0.43942232090888556921,0.19370379106817158920,none,0.0,0.00,0.000000000000000000000000,0.000000000000000000000000,B,2,0.006882,2025-01-01,B,2,0.005198,2025-08-01,0,1393.02,0,0,60,60,,,,,0,0.75530369078756175530,0,0
F0000148,C000091,2025-12-31,2023-09-16,2024-09-16,credit_line,25687.86,18837.24,6850.61,0.1255,12,1,senior_secured,KZT,annuity,real_estate,Aktobe,micro,LLP,private,15.6,9,0,0,0,1.7656261811323752,1.4116125411754758,0.66077300243030272737,0.29035840632185630920,1.9425321535586846,4.4710801950552560,0.11547968593407165419,0.02997209426472302993,0.43025901418057469035,1.5847342997509079,0.43942232090888556921,0.19370379106817158920,equipment,32958.13,19774.878,1.7496262722139761,1.04977576332838568708,B,2,0.006882,2025-01-01,B,2,0.005198,2024-09-01,60,851.77,0,0,60,60,,,,,0,0.75530369078756175530,0,0
F0000149,C000092,2025-12-31,2023-11-06,2026-11-06,overdraft,656293.24,326393.99,329899.24,0.1071,36,1,senior_secured,USD,annuity,energy,Karaganda,medium,JSC,private,6.7,98,1,0,0,3.1950661302806564,2.9759028336599413,0.12220065044177742928,0.08804489624394559156,0.85379150794947195369,13.7633444094829177,0.17182807158208256804,0.10836459805913741049,0.69083589517514159922,1.4088742979686587,0.72049449757957412345,0.25288145556959811719,receivables,251500.11,138325.0605,0.77054148576694074545,0.42379781717181741000,A,1,0.003797,2025-01-01,B,2,0.005649,2025-12-01,0,15443.46,0,0,30,15,,,,,0,1.4877534895970503,1,0
F0000150,C000092,2025-12-31,2025-02-21,2027-02-21,working_capital,1106396.86,1050092.68,56304.18,0.1206,24,0,senior_secured,KZT,amortizing,energy,Karaganda,medium,JSC,private,6.7,98,1,0,0,1.1306446405562223,0.90811033224832807947,0.55237052108539462737,0.29573726434246369067,1.4149182651948325,6.7297475543825023,0.22937462098779570007,0.14980892733783929206,0.77083247743964447765,0.29167500553292188456,0.53539653738462937067,0.10063902595302955102,inventory,1749176.51,787129.4295,1.6657353615682760,0.74958091270572422236,B,2,0.005649,2025-01-01,B,2,0.005649,2025-12-01,0,70388.28,0,0,30,30,,,,,0,1.00000000000000000000,0,0
F0000151,C000092,2025-12-31,2025-06-25,2029-06-25,term_loan,304924.26,244557.36,60366.9,0.1072,48,0,senior_unsecured,KZT,amortizing,energy,Karaganda,medium,JSC,private,6.7,98,1,0,0,1.1306446405562223,0.90811033224832807947,0.55237052108539462737,0.29573726434246369067,1.4149182651948325,6.7297475543825023,0.22937462098779570007,0.14980892733783929206,0.77083247743964447765,0.29167500553292188456,0.53539653738462937067,0.10063902595302955102,none,0.0,0.00,0.000000000000000000000000,0.000000000000000000000000,B,2,0.005649,2025-01-01,B,2,0.005649,2025-12-01,0,27882.85,0,0,30,30,,,,,0,1.00000000000000000000,0,0
F0000152,C000092,2025-12-31,2022-10-17,2023-10-17,working_capital,808860.99,787032.07,21828.91,0.1174,12,0,senior_secured,KZT,annuity,energy,Karaganda,medium,JSC,private,6.7,98,1,0,0,3.2128209162718322,2.5425698802652378,0.32826139037474192461,0.19649530221840327005,1.2904942586250256,13.9481620256202365,0.14625587054856340320,0.11629064148698972924,0.40450041369820719210,0.95914242963406861055,0.59859401068790026883,,none,0.0,0.00,0.000000000000000000000000,0.000000000000000000000000,A,1,0.003813,2025-01-01,B,2,0.005649,2023-10-01,0,45263.8,0,0,0,0,,,,,0,1.4815106215578285,1,0
F0000153,C000093,2025-12-31,2022-07-28,2023-07-28,working_capital,38231.81,36816.55,1415.26,0.1485,12,0,senior_secured,KZT,bullet,construction,Kostanay,small,LLP,private,5.8,59,0,0,0,1.5494127369904629,1.3135640235769110,1.3545886006277059,0.46241051557063642997,7.7823137379749033,0.82785642942294680543,0.07504585624855770521,0.04655113490509499496,0.08478150923756466100,0.15169264570146083478,0.34136601722202517041,,equipment,65808.04,39484.824,1.7874580861052978,1.07247485166317865199,C,3,0.01998,2025-01-01,C,3,0.021185,2023-07-01,0,2138.64,0,0,15,15,,,,,0,1.0603103103103103,0,0
F0000154,C000094,2025-12-31,2022-09-25,2024-09-25,leasing,42330.23,35203.16,7127.07,0.1365,24,0,senior_unsecured,KZT,annuity,energy,Karaganda,small,LLP,foreign_owned,16.7,28,0,0,0,2.0389105952654562,1.5866465788797707,0.98607467553890815271,0.36055919394528961314,1.9671141233424054,5.5883823572301201,0.15827300130861323754,0.13584494807695987628,0.37345764490049852071,0.97538342123045462873,0.36565100279878631573,,real_estate,28846.3,21634.725,0.81942359719979683642,0.61456769789984762732,B,2,0.010352,2025-01-01,B,2,0.013622,2024-09-01,0,2834.47,0,0,30,30,,,,,0,1.3158809891808346,0,0
F0000155,C000094,2025-12-31,2024-06-07,2026-06-07,term_loan,42510.34,38844.89,3665.45,0.125,24,0,senior_secured,EUR,annuity,energy,Karaganda,small,LLP,foreign_owned,16.7,28,0,0,0,2.3916938698403873,2.2469347031591010,0.62237541484583462342,0.27718605001195149977,4.6733234921161058,2.8070033084281612,0.04635640709248936977,0.00123485822857716438,0.19609688284067121053,0.32612469529304638533,0.44536792970945327969,0.28047142356242036401,receivables,61656.52,33911.0860,1.5872491851566577,0.87298705183616171908,B,2,0.011726,2025-01-01,B,2,0.013622,2025-12-01,0,3114.54,0,0,60,15,,,,,0,1.1616919665700154,0,0
F0000156,C000095,2025-12-31,2023-01-22,2028-01-22,overdraft,13684.51,7281.9,6402.61,0.1593,60,1,senior_secured,KZT,annuity,manufacturing,Shymkent,micro,IE,private,4.4,10,0,0,0,1.2744242170678694,1.1999312904136521,0.85549910904602078805,0.36028185000177406529,36.4109607001212757,0.25272698957580898482,0.01494438312795848235,0.00427684938761778823,0.01772569410061735841,0.27846253693083072645,0.42113644092923658954,0.07794056661526281491,none,0.0,0.00,0.00000000000000000000,0.00000000000000000000,C,3,0.019945,2025-01-01,D,4,0.036843,2025-12-01,0,483.57,0,0,15,5,,,,,0,1.8472298821759840,1,0
F0000157,C000095,2025-12-31,2025-03-04,2028-03-04,leasing,17097.61,14253.0,2844.61,0.1441,36,0,senior_unsecured,KZT,bullet,manufacturing,Shymkent,micro,IE,private,4.4,10,0,0,0,1.06566400455054345010,0.73714537757097871633,0.97599188596761066707,0.31035829104030644942,4.1039856014250746,1.8075616143082363,0.10033017928114504998,0.03969789720515610655,0.19535432271977109910,0.22724652826944976835,0.31799269594604603169,-0.02457797649826315151,none,0.0,0.00,0.000000000000000000000000,0.000000000000000000000000,D,4,0.036843,2025-01-01,D,4,0.036843,2025-12-01,0,1358.3,0,0,30,30,,,,,0,1.00000000000000000000,0,0
F0000158,C000096,2025-12-31,2024-04-14,2025-04-14,credit_line,511175.9,451537.97,59637.93,0.08,12,1,senior_unsecured,USD,bullet,real_estate,Almaty,medium,LLP,private,19.1,203,1,0,0,4.4126807452279845,3.6853576013102490,0.09862104799971675400,0.07647562189257174812,0.48559964742583239219,28.2048677817350847,0.19596674319922958522,0.13594291775856217712,1.3737057464772626,1.5196891676781739,0.77544929245521089000,0.13769149523694892607,none,0.0,0.00,0.000000000000000000000000,0.000000000000000000000000,A,1,0.003982,2025-01-01,A,1,0.003244,2025-04-01,0,53214.66,0,0,60,60,,,,,0,0.81466599698643897539,0,0
F0000159,C000097,2025-12-31,2023-09-22,2027-09-22,term_loan,78728.45,68927.52,9800.94,0.1244,48,0,senior_secured,KZT,amortizing,transport,Kostanay,small,LLP,private,20.3,40,0,0,0,2.0360157977506356,1.5737212022930851,0.68973380104313648353,0.33169897900223268689,2.6731120109595198,3.8801497750523592,0.09730451232187976253,0.07358301305268228790,0.27890594472460678610,0.88440388865612054642,0.48090869042604449233,-0.00270988140064693606,real_estate,100936.16,75702.1200,1.4643811354303767,1.0982858515727825,A,1,0.004618,2025-01-01,B,2,0.00655,2025-12-01,0,3206.56,0,0,15,15,,,,,0,1.4183629276743179,1,0
F0000160,C000098,2025-12-31,2024-11-09,2026-11-09,trade_finance,42125.6,17851.77,24273.82,0.1335,24,1,senior_secured,KZT,bullet,real_estate,Kostanay,small,LLP,private,9.6,36,0,0,0,2.6229925235754630,1.8444814106759354,0.38186688281412236818,0.22289042257483637765,1.4166249036582961,4.4328881190557538,0.13058757456805405344,0.11156884992350968168,0.40084079290521202527,1.16700848519981867271,0.58368618124795750551,0.17997118888679168054,real_estate,30733.85,23050.3875,1.7216135990996971,1.2912101993247728,B,2,0.00868,2025-01-01,B,2,0.008381,2025-12-01,0,1355.39,0,0,60,60,,,,,0,0.96555299539170506912,0,0
F0000161,C000099,2025-12-31,2025-01-04,2028-01-04,term_loan,12216.82,11712.11,504.71,0.1031,36,0,senior_unsecured,KZT,amortizing,services,Almaty,micro,LLP,private,10.7,8,1,0,1,3.8171053469035868,3.4181755211385655,0.25487599729972055933,0.17398453063255430342,1.4753352384698436,6.8790137772992076,0.17277697037509233892,0.12904194231093846967,0.37293523540713787768,1.6766941205571748,0.68262422698029814199,0.14156848299046066186,none,0.0,0.00,0.000000000000000000000000,0.000000000000000000000000,B,2,0.006277,2025-01-01,B,2,0.006277,2025-12-01,0,1092.58,0,0,60,60,,,,,0,1.00000000000000000000,0,0
F0000162,C000100,2025-12-31,2024-07-01,2027-07-01,working_capital,2203341.32,1823282.41,380058.91,0.1412,36,0,senior_secured,KZT,annuity,services,Karaganda,large,LLP,private,22.6,588,1,0,0,4.7068643186740010,3.3476562566223314,0.54523165457862751215,0.30673042423918219356,1.7179368355950686,10.8529383610697359,0.20313398704860212125,0.17900676938026305723,0.27523104217048109673,0.55642330959688449397,0.56256899551482074310,0.26294471277869363590,none,0.0,0.00,0.000000000000000000000000,0.000000000000000000000000,A,1,0.004032,2025-01-01,A,1,0.003838,2025-12-01,15,122651.81,0,0,15,0,,,,,0,0.95188492063492063492,0,0
F0000163,C000101,2025-12-31,2025-02-10,2026-02-10,working_capital,5126.49,4954.65,171.84,0.0955,12,0,senior_secured,KZT,bullet,transport,Karaganda,micro,JSC,private,6.0,7,1,0,0,3.3616704428363142,2.3000080175554770,0.15789883274948190051,0.11016612643772553149,0.35133406376441502453,34.2627367354263877,0.24499945724633512948,0.20963622520638604415,1.2273967797383099,1.0108341212109518,0.69770070189506837801,0.35355779312830885561,inventory,10052.08,4523.4360,2.0288173735783557,0.91296781811026005873,A,1,0.002121,2025-01-01,A,1,0.002121,2025-12-01,0,326.82,0,0,30,30,,,,,0,1.00000000000000000000,0,0
F0000164,C000102,2025-12-31,2022-09-11,2023-09-11,term_loan,23662.01,22432.0,1230.01,0.1018,12,0,senior_unsecured,KZT,amortizing,real_estate,Karaganda,micro,IE,foreign_owned,21.2,7,0,0,0,3.6114331379427038,2.3957271833985466,0.45376331387995794414,0.19920152741824237156,2.5784013041743048,2.4257027717066703,0.13124049983833856432,0.12987991600352334929,0.40171859062346526300,1.1834990489223849,0.43899874962333487361,,inventory,23386.94,10524.1230,1.04257043509272467903,0.46915669579172610556,B,2,0.008788,2025-01-01,B,2,0.009488,2023-09-01,0,2161.71,0,0,30,30,,,,,0,1.0796540737369140,0,0
F0000165,C000103,2025-12-31,2022-02-01,2026-02-01,overdraft,274405.36,153872.95,120532.41,0.1185,48,1,senior_secured,KZT,bullet,services,Other,medium,LLP,private,6.7,235,0,0,0,3.7164568329188474,2.8299225845061680,0.22397774945401720756,0.15050996514783052515,1.4580708315283858,8.3430500945304547,0.14931263425769308267,0.12095621979173068510,0.44172435387321762345,1.5724925143838554,0.67198623753798512400,,none,0.0,0.00,0.000000000000000000000000,0.000000000000000000000000,B,2,0.008027,2025-01-01,B,2,0.006452,2025-12-01,0,10314.92,0,0,60,5,,,,,0,0.80378721813878161206,0,0
F0000166,C000103,2025-12-31,2023-01-24,2024-01-24,overdraft,134471.28,80680.78,53790.5,0.0999,12,1,subordinated,KZT,bullet,services,Other,medium,LLP,private,6.7,235,0,0,0,2.9761200428412965,2.4488637123588179,0.32289830940757628463,0.21437689584516863104,2.3990763214945601,6.7921505708875961,0.14763293241829314701,0.11737137049901113163,0.24121435418566061659,0.37910804776784998002,0.66391458115246058085,0.23552733224500169776,none,0.0,0.00,0.000000000000000000000000,0.000000000000000000000000,B,2,0.011462,2025-01-01,B,2,0.006452,2024-01-01,0,3919.47,0,0,15,15,,,,,0,0.56290350724131914151,0,0
F0000167,C000103,2025-12-31,2024-08-27,2026-02-27,term_loan,1614803.91,1597343.17,17460.74,0.0998,18,0,senior_secured,KZT,amortizing,services,Other,medium,LLP,private,6.7,235,0,0,0,2.7898498307594917,2.3307104496497315,0.52907768550981528089,0.28285886015550970760,1.5006720637002637,9.2660917088344413,0.16659120146253376066,0.16052391270352410424,0.70672319111834200821,0.70148593471862893649,0.53462632785759814476,0.34126985291226170317,receivables,2468234.99,1357529.2445,1.5452127234500273,0.84986699789751503429,B,2,0.005177,2025-01-01,B,2,0.006452,2025-12-01,0,104915.07,0,0,60,60,,,,,0,1.2462816302878115,0,0
F0000168,C000104,2025-12-31,2025-02-25,2028-02-25,credit_line,1033532.25,569547.56,463984.69,0.1049,36,1,senior_secured,KZT,amortizing,construction,Astana,medium,LLP,private,25.8,135,0,0,0,1.1677820714804787,0.99469894798498201293,1.3626965434168755,0.32978181864987747265,4.5569185317737440,1.5124791553335873,0.09203302476996583226,0.06003802340379687620,0.15867548368811710274,0.64071671058363665445,0.24200679178577087890,0.03832371515210510104,none,0.0,0.00,0.000000000000000000000000,0.000000000000000000000000,C,3,0.021522,2025-01-01,C,3,0.021522,2025-12-01,0,25150.29,0,0,15,15,,,,,0,1.00000000000000000000,0,0
F0000169,C000105,2025-12-31,2022-04-16,2025-04-16,working_capital,6677.01,5378.6,1298.41,0.1231,36,0,senior_secured,KZT,amortizing,real_estate,Shymkent,micro,IE,state_related,6.9,6,0,1,0,3.4822917412465974,2.2950768120641900,0.54710006361419505324,0.30474633991598659228,5.6430978995305384,1.2252585940808694,0.09143095889163557672,0.03076141579110412387,0.13664002602350767122,0.66190901111122433086,0.55702121089660141383,,none,0.0,0.00,0.00000000000000000000,0.00000000000000000000,B,2,0.010855,2025-01-01,C,3,0.017452,2025-04-01,0,471.49,0,0,30,15,,,,,0,1.6077383694150161,1,0
F0000170,C000105,2025-12-31,2022-03-23,2025-03-23,credit_line,25300.81,16145.78,9155.03,0.1432,36,1,senior_secured,KZT,annuity,real_estate,Shymkent,micro,IE,state_related,6.9,6,0,1,0,3.4822917412465974,2.2950768120641900,0.54710006361419505324,0.30474633991598659228,5.6430978995305384,1.2252585940808694,0.09143095889163557672,0.03076141579110412387,0.13664002602350767122,0.66190901111122433086,0.55702121089660141383,,equipment,15456.94,9274.164,0.95733622036222468038,0.57440173221733480823,B,2,0.010855,2025-01-01,C,3,0.017452,2025-03-01,30,1268.5,0,0,60,15,,,,,0,1.6077383694150161,1,0
F0000171,C000105,2025-12-31,2025-01-13,2027-01-13,working_capital,19650.45,18895.73,754.72,0.1097,24,0,senior_secured,KZT,amortizing,real_estate,Shymkent,micro,IE,state_related,6.9,6,0,1,0,3.5296527517427614,3.0607670866680793,0.46195520621419579636,0.28607062676940450988,1.6395837330019212,6.9852981161390561,0.12989297561028459784,0.08247125762235034733,0.53070132301420688673,1.3625104227216420,0.61926053201955149537,0.25526456142386879220,real_estate,28748.97,21561.7275,1.5214532595459397,1.1410899446594548,C,3,0.017452,2025-01-01,C,3,0.017452,2025-12-01,0,2616.75,0,0,60,60,,,,,0,1.00000000000000000000,0,0
F0000172,C000105,2025-12-31,2022-05-03,2023-05-03,leasing,18943.13,16054.95,2888.18,0.1288,12,0,senior_secured,USD,amortizing,real_estate,Shymkent,micro,IE,state_related,6.9,6,0,1,0,3.4822917412465974,2.2950768120641900,0.54710006361419505324,0.30474633991598659228,5.6430978995305384,1.2252585940808694,0.09143095889163557672,0.03076141579110412387,0.13664002602350767122,0.66190901111122433086,0.55702121089660141383,,receivables,14226.17,7824.3935,0.88609245123778024846,0.48735084818077913665,B,2,0.010855,2025-01-01,C,3,0.017452,2023-05-01,0,997.58,0,0,30,30,,,,,0,1.6077383694150161,1,0
F0000173,C000106,2025-12-31,2024-06-29,2025-06-29,term_loan,208127.83,199339.69,8788.14,0.1134,12,0,senior_secured,USD,annuity,transport,Astana,small,LLP,foreign_owned,7.1,29,0,0,0,2.2301555030286590,2.0163724603115392,1.8298266108103424,0.46811510019822484357,6.6390230589647282,1.4944275646734464,0.11761018968981824225,0.10812219264832693452,0.12270380917081080234,0.41979841662552238676,0.25582484014204992027,0.72937629998678749671,real_estate,246606.3,184954.725,1.2371158999996438,0.92783692499973286805,C,3,0.028197,2025-01-01,C,3,0.033463,2025-06-01,60,35177.3,0,0,60,60,,,,,0,1.1867574564670000,0,0
F0000174,C000106,2025-12-31,2024-12-12,2026-06-12,overdraft,70696.59,53364.22,17332.36,0.1163,18,1,senior_secured,KZT,amortizing,transport,Astana,small,LLP,foreign_owned,7.1,29,0,0,0,2.2301555030286590,2.0163724603115392,1.8298266108103424,0.46811510019822484357,6.6390230589647282,1.4944275646734464,0.11761018968981824225,0.10812219264832693452,0.12270380917081080234,0.41979841662552238676,0.25582484014204992027,0.72937629998678749671,receivables,71876.66,39532.1630,1.3469073472825050,0.74079904100537776060,C,3,0.028197,2025-01-01,C,3,0.033463,2025-12-01,60,8264.11,0,0,60,60,,,,,0,1.1867574564670000,0,0
F0000175,C000107,2025-12-31,2024-12-21,2026-12-21,working_capital,302507.29,291428.44,11078.85,0.1216,24,0,senior_unsecured,USD,bullet,manufacturing,Astana,medium,LLP,private,7.3,206,0,0,0,3.3754828298725315,2.7174699527800650,0.54407695638402094166,0.31732808381141450455,2.3411556534663888,2.6736864490338043,0.12148972247606823128,0.06943203236620945629,0.29319608729010967775,0.62011160802729928611,0.58324117588144585740,0.01721402984616642971,none,0.0,0.00,0.000000000000000000000000,0.000000000000000000000000,B,2,0.014629,2025-01-01,B,2,0.012099,2025-12-01,0,30961.01,0,0,60,60,,,,,0,0.82705584797320391004,0,0
F0000176,C000107,2025-12-31,2023-07-13,2024-07-13,term_loan,589115.6,497759.66,91355.94,0.1159,12,0,senior_secured,KZT,bullet,manufacturing,Astana,medium,LLP,private,7.3,206,0,0,0,2.0163913013675174,1.7904443259468389,0.77104075050372737597,0.37608605287478119623,6.3055182691284916,1.02717047988997365257,0.10308986863731031561,0.04741185804692507615,0.13046336673748464813,0.48298784615019818924,0.48776417151633169845,0.06608421435387846162,real_estate,1047529.19,785646.8925,2.1044879169195832,1.5783659376896874,C,3,0.017085,2025-01-01,B,2,0.012099,2024-07-01,0,22271.7,0,0,0,0,,,,,0,0.70816505706760316067,-1,0
F0000177,C000107,2025-12-31,2023-07-06,2025-07-06,term_loan,451913.47,440563.73,11349.74,0.1138,24,0,senior_secured,KZT,annuity,manufacturing,Astana,medium,LLP,private,7.3,206,0,0,0,2.0163913013675174,1.7904443259468389,0.77104075050372737597,0.37608605287478119623,6.3055182691284916,1.02717047988997365257,0.10308986863731031561,0.04741185804692507615,0.13046336673748464813,0.48298784615019818924,0.48776417151633169845,0.06608421435387846162,real_estate,301355.84,226016.8800,0.68402326265033210973,0.51301744698774908230,C,3,0.017085,2025-01-01,B,2,0.012099,2025-07-01,0,32462.29,0,0,30,30,,,,,0,0.70816505706760316067,-1,0
F0000178,C000108,2025-12-31,2024-02-11,2028-02-11,leasing,136903.54,126933.24,9970.3,0.1579,48,0,senior_unsecured,KZT,amortizing,transport,Other,medium,LLP,private,10.0,177,0,0,0,4.5875702302850620,4.0396975332749702,0.34643967465498055501,0.23075248577093264877,6.9053137215357158,1.2763472362107239,0.05717488800605693317,0.01279256242445945254,0.05574558795368838746,1.6792289272592028,0.66606830179233704852,0.45329428991292282865,none,0.0,0.00,0.000000000000000000000000,0.000000000000000000000000,B,2,0.012178,2025-01-01,B,2,0.013245,2025-12-01,120,62174.64,0,0,360,360,2025-01-24,90dpd,360,1,1,1.0876170142880604,0,1
F0000179,C000108,2025-12-31,2023-06-24,2025-06-24,credit_line,446985.32,262552.24,184433.08,0.1239,24,1,senior_secured,KZT,annuity,transport,Other,medium,LLP,private,10.0,177,0,0,0,3.4121926855148364,2.4123296769662608,0.60552796827616826851,0.32541640172426420018,3.9043927037974637,3.4753149671067981,0.13720040528329330623,0.11271569227501221971,0.08966661898223073555,0.44663206631501384810,0.53740936632649276077,-0.05174901354421748724,equipment,581452.42,348871.452,2.2146161083980849,1.3287696650388509,B,2,0.008668,2025-01-01,B,2,0.013245,2025-06-01,0,16383.07,0,0,60,30,,,,,0,1.5280341485925242,0,0
F0000180,C000109,2025-12-31,2024-10-05,2028-10-05,credit_line,165238.38,63048.93,102189.45,0.1324,48,1,senior_secured,KZT,amortizing,energy,Other,small,LLP,private,14.7,43,1,0,0,0.95114053880925199063,0.73026380118340712576,2.0062996586460003,0.35746262640933824414,7.1737180927533853,2.0625429720685361,0.08496757540268986840,0.03939209308415498167,0.06745569736071510992,0.24872627104762557652,0.17817010777471821621,0.15887893425747444249,none,0.0,0.00,0.000000000000000000000000,0.000000000000000000000000,D,4,0.042195,2025-01-01,C,3,0.027093,2025-12-01,0,8127.39,0,0,60,60,,,,,0,0.64209029505865623889,-1,0
F0000181,C000109,2025-12-31,2022-06-05,2023-06-05,term_loan,28314.48,26024.32,2290.16,0.1599,12,0,senior_secured,KZT,bullet,energy,Other,small,LLP,private,14.7,43,1,0,0,1.0268773403600622,0.84263836266621771862,2.2386505621888773,0.36691918039814328479,-70.5791161637216445,-0.13027719923560861443,-0.00679822914836595421,-0.06999018062420922468,-0.00896301417014542731,0.64836696224359203069,0.16390194458905727819,,none,0.0,0.00,0.000000000000000000000000,0.000000000000000000000000,D,4,0.043794,2025-01-01,C,3,0.027093,2023-06-01,0,1196.71,0,0,30,30,,,,,0,0.61864638991642690780,-1,0
F0000182,C000109,2025-12-31,2024-05-29,2028-05-29,leasing,78767.26,78191.58,575.68,0.1715,48,0,senior_secured,KZT,amortizing,energy,Other,small,LLP,private,14.7,43,1,0,0,0.95114053880925199063,0.73026380118340712576,2.0062996586460003,0.35746262640933824414,7.1737180927533853,2.0625429720685361,0.08496757540268986840,0.03939209308415498167,0.06745569736071510992,0.24872627104762557652,0.17817010777471821621,0.15887893425747444249,none,0.0,0.00,0.000000000000000000000000,0.000000000000000000000000,D,4,0.042195,2025-01-01,C,3,0.027093,2025-12-01,0,5012.43,0,0,30,30,,,,,0,0.64209029505865623889,-1,0
F0000183,C000110,2025-12-31,2024-08-13,2026-08-13,working_capital,302571.68,257576.41,44995.27,0.1423,24,0,senior_secured,KZT,bullet,real_estate,Almaty,small,LLP,private,9.1,32,0,0,0,2.4773771141719583,2.2542904484087746,0.15852788581854597711,0.11799408525322925561,0.79723396338518861704,17.4216756535330946,0.15647626304477950384,0.10337329925309137028,1.1259778140430273,0.92533164952186209235,0.74431122728961087694,0.05727968000078975008,none,0.0,0.00,0.000000000000000000000000,0.000000000000000000000000,B,2,0.006051,2025-01-01,B,2,0.005659,2025-12-01,0,22375.08,0,0,30,30,,,,,0,0.93521731945133035862,0,0
F0000184,C000110,2025-12-31,2025-06-20,2027-06-20,term_loan,92993.55,92347.82,645.73,0.1035,24,0,subordinated,KZT,bullet,real_estate,Almaty,small,LLP,private,9.1,32,0,0,0,2.5082201545050581,2.0481393938736509,0.57618531997020221539,0.28361817958637953636,3.6953629161587709,1.7850678349338768,0.10082091855402428996,0.06939401984786572047,0.12333832450403467303,0.29734570289129206835,0.49223430336796332838,0.49698781125592805579,none,0.0,0.00,0.000000000000000000000000,0.000000000000000000000000,B,2,0.005659,2025-01-01,B,2,0.005659,2025-12-01,0,14253.63,0,0,30,30,,,,,0,1.00000000000000000000,0,0
F0000185,C000110,2025-12-31,2024-01-23,2025-01-23,leasing,319764.32,267888.01,51876.31,0.1206,12,0,senior_unsecured,KZT,amortizing,real_estate,Almaty,small,LLP,private,9.1,32,0,0,0,2.4773771141719583,2.2542904484087746,0.15852788581854597711,0.11799408525322925561,0.79723396338518861704,17.4216756535330946,0.15647626304477950384,0.10337329925309137028,1.1259778140430273,0.92533164952186209235,0.74431122728961087694,0.05727968000078975008,equipment,607047.66,364228.596,2.2660501304257701,1.3596300782554620,B,2,0.006051,2025-01-01,B,2,0.005659,2025-01-01,0,34770.76,0,0,30,30,,,,,0,0.93521731945133035862,0,0
F0000186,C000110,2025-12-31,2024-06-02,2025-12-02,term_loan,194765.03,171406.23,23358.8,0.1341,18,0,senior_unsecured,USD,amortizing,real_estate,Almaty,small,LLP,private,9.1,32,0,0,0,2.4773771141719583,2.2542904484087746,0.15852788581854597711,0.11799408525322925561,0.79723396338518861704,17.4216756535330946,0.15647626304477950384,0.10337329925309137028,1.1259778140430273,0.92533164952186209235,0.74431122728961087694,0.05727968000078975008,equipment,231218.85,138731.310,1.3489524272250781,0.80937145633504686498,B,2,0.006051,2025-01-01,B,2,0.005659,2025-12-01,0,12370.57,0,0,30,30,,,,,0,0.93521731945133035862,0,0
F0000187,C000111,2025-12-31,2023-09-23,2024-09-23,credit_line,457135.18,232609.18,224526.0,0.1317,12,1,subordinated,KZT,bullet,real_estate,Atyrau,medium,LLP,private,19.3,171,0,0,0,1.9241894440748568,1.6946233399356264,0.75302388952019162260,0.31064549502990634135,4.8118333388449387,1.5907721755491400,0.06970258946928461171,0.02659193341492219154,0.13481113644444087476,1.00826696023199107546,0.41253073023731297775,-0.04044531589034500665,inventory,458065.19,206129.3355,1.9692481182384977,0.88616165320732397578,B,2,0.006237,2025-01-01,B,2,0.008431,2024-09-01,0,3840.84,0,0,15,15,,,,,0,1.3517716851050184,0,0
F0000188,C000112,2025-12-31,2025-03-15,2030-03-15,overdraft,855903.95,496069.65,359834.3,0.1146,60,1,senior_unsecured,USD,annuity,agriculture,Astana,medium,LLP,foreign_owned,7.3,112,1,0,0,6.7120544711522884,5.7856071888591327,0.33869103678050352420,0.22328756387697616527,1.4244907853378332,4.9355247182069603,0.17366061016917629516,0.10932059954538626242,0.70457729234026457325,2.6387705665467795,0.65926623272786158782,0.07722844884597499713,real_estate,578491.28,433868.4600,1.1661493098801751,0.87461198241013131926,A,1,0.004127,2025-01-01,A,1,0.004127,2025-12-01,0,42674.33,0,0,0,0,,,,,0,1.00000000000000000000,0,0
F0000189,C000112,2025-12-31,2022-11-01,2025-11-01,term_loan,807334.59,684651.93,122682.66,0.0912,36,0,senior_secured,EUR,bullet,agriculture,Astana,medium,LLP,foreign_owned,7.3,112,1,0,0,3.5547961402645021,3.3469158770503792,0.15694425220350341061,0.11560809775017097789,0.79260434830712760622,9.3893508735390637,0.19036689654714314495,0.14390961315834115583,0.53641520617705740758,3.1708037677528754,0.73661887024869522126,,none,0.0,0.00,0.000000000000000000000000,0.000000000000000000000000,A,1,0.004123,2025-01-01,A,1,0.004127,2025-11-01,15,49466.03,0,0,60,30,,,,,0,1.00097016735386854232,0,0
F0000190,C000113,2025-12-31,2022-08-25,2024-08-25,term_loan,308262.44,277933.44,30329.0,0.1115,24,0,subordinated,KZT,annuity,real_estate,Astana,medium,LLP,foreign_owned,12.7,128,0,0,0,1.7020274635991355,1.2540474520220727,0.56442367682335043232,0.31054184432531405117,4.8814348069267460,3.7806827242943196,0.10030382222476906401,0.06504401751689408488,0.08358363171957250202,0.40523916315960880488,0.55019280210405732467,,real_estate,389816.78,292362.5850,1.4025544389332928,1.0519158291999696,B,2,0.012207,2025-01-01,B,2,0.013276,2024-08-01,0,23983.97,0,0,30,30,,,,,0,1.0875727041861227,0,0
F0000191,C000113,2025-12-31,2024-09-12,2026-03-12,credit_line,218289.48,106664.08,111625.4,0.1429,18,1,senior_secured,KZT,annuity,real_estate,Astana,medium,LLP,foreign_owned,12.7,128,0,0,0,1.6548204163188197,1.5203157313562203,0.79897367855837591764,0.38616429439782859536,3.1384875616860565,3.7284071424503218,0.11048259900343981935,0.04946579743285061734,0.16805450769050314740,0.24827116287941258558,0.48332542705862622487,0.21728537175825802730,inventory,192694.57,86712.5565,1.8065554027185159,0.81294993122333216581,C,3,0.016871,2025-01-01,B,2,0.013276,2025-12-01,0,10084.5,0,0,30,30,,,,,0,0.78691245332226898228,-1,0
F0000192,C000114,2025-12-31,2025-04-28,2026-04-28,overdraft,12254.71,4967.39,7287.32,0.1432,12,1,senior_unsecured,KZT,annuity,agriculture,Shymkent,small,LLP,private,15.0,49,1,0,1,1.6334907729446480,1.1456263878540583,0.90741131465433910461,0.35798271570299696563,1.9023057823996760,7.9133264211509975,0.20821565891608135885,0.16844132006463261354,0.50157403926790222850,0.35333007180477136290,0.39450986550610028373,-0.03591849550105646452,real_estate,12973.45,9730.0875,2.6117236617217492,1.9587927462913119,B,2,0.007319,2025-01-01,B,2,0.007319,2025-12-01,0,262.95,0,0,5,5,,,,,0,1.00000000000000000000,0,0
F0000193,C000115,2025-12-31,2024-01-10,2027-01-10,working_capital,12129.63,11921.74,207.9,0.1638,36,0,senior_secured,KZT,bullet,services,Astana,micro,LLP,private,13.9,11,0,0,0,0.78838055866812596773,0.74789561076919980123,1.7911306233142181,0.43482971291913088600,4.1391456071041003,1.5357509318705163,0.11410830192142617693,0.06279910240748453469,0.16940096714384122665,0.20873180354066268821,0.24276828683468313391,0.29721874824142845984,real_estate,20877.97,15658.4775,1.7512519145695175,1.31343893592713815265,C,3,0.027426,2025-01-01,C,3,0.022265,2025-12-01,0,1205.7,0,0,60,30,,,,,0,0.81182089987603004448,0,0
F0000194,C000116,2025-12-31,2023-04-09,2028-04-09,credit_line,1408263.37,1088359.96,319903.41,0.1365,60,1,senior_secured,KZT,annuity,services,Karaganda,medium,LLP,state_related,12.4,99,0,1,1,1.5465760159628912,1.2207251782004318,0.65118279873369220281,0.23635830227364083487,78.3016154493826540,0.18660330827098179391,0.00374797730751732271,-0.01795803670122921163,0.00841232455510856404,0.46008427413547092827,0.36296766857673394278,-0.04920163207765919880,real_estate,733595.12,550196.3400,0.67403721834823838981,0.50552791376117879235,C,3,0.019795,2025-01-01,C,3,0.019627,2025-12-01,0,77934.87,0,0,60,60,,,,,0,0.99151300833543824198,0,0
F0000195,C000117,2025-12-31,2023-06-19,2028-06-19,term_loan,280575.82,239637.49,40938.33,0.0958,60,0,senior_secured,KZT,amortizing,construction,Other,medium,LLP,foreign_owned,25.1,104,0,0,0,2.3457823984986435,2.1134706403657290,0.46490363056298776587,0.24070275473372076760,2.3673114245995111,4.7523159078272383,0.12339644973227055129,0.09444028947164999947,0.22217258954784642776,2.1975117640401764,0.51774763393917828494,0.21601967116091450123,none,0.0,0.00,0.000000000000000000000000,0.000000000000000000000000,B,2,0.007558,2025-01-01,B,2,0.009125,2025-12-01,30,12531.33,0,0,30,15,,,,,0,1.2073299814765811,0,0
F0000196,C000117,2025-12-31,2022-03-31,2025-03-31,credit_line,218664.48,192013.6,26650.88,0.1389,36,1,senior_secured,KZT,bullet,construction,Other,medium,LLP,foreign_owned,25.1,104,0,0,0,5.0595760368995907,4.1768352895152196,0.31313954439852062253,0.16914734475503469711,1.6750036367819047,4.2329869128556691,0.14382992486905628581,0.09059466901410479281,0.27755754207094903013,5.0253812475051329,0.54016603070664046916,,receivables,238356.65,131096.1575,1.2413529562489324,0.68274412593691280201,B,2,0.00807,2025-01-01,B,2,0.009125,2025-03-01,0,16387.83,0,0,60,60,,,,,0,1.1307311028500620,0,0
F0000197,C000118,2025-12-31,2024-08-31,2026-02-28,term_loan,688441.88,656944.54,31497.34,0.1145,18,0,senior_secured,KZT,bullet,manufacturing,Aktobe,medium,LLP,private,22.6,145,0,0,0,1.5221617862062081,1.3430956631685665,0.73683043823149957421,0.31643950575810789911,3.9094855104127485,2.6377106854773553,0.13655960875239116511,0.09550570387156452380,0.23948794089251750408,0.20746536377117641609,0.42946041496006710286,-0.11122734282553067876,equipment,1310651.91,786391.146,1.9950723846490908,1.1970434307894545,B,2,0.010047,2025-01-01,B,2,0.01042,2025-12-01,150,264880.07,0,0,180,120,2025-05-20,restructuring,150,0,1,1.0371255101025182,0,1
F0000198,C000119,2025-12-31,2024-09-03,2027-09-03,credit_line,24167.71,15405.65,8762.05,0.1292,36,1,senior_secured,KZT,amortizing,trade,Atyrau,micro,LLP,private,20.1,15,0,0,0,1.4786369035897371,1.09362632685601031629,0.68721419435054230895,0.21179499342299578143,3.2328672479424242,4.5973843920185574,0.07325453232825193749,-0.02250495368509409453,0.30496225619229374335,1.4031336493116187,0.30819356637875395377,0.07674644817942890279,real_estate,30415.59,22811.6925,1.9743139692255763,1.4807354769191822,C,3,0.017787,2025-01-01,B,2,0.013248,2025-12-01,0,1632.27,0,0,30,5,,,,,0,0.74481362793051104739,-1,0
F0000199,C000119,2025-12-31,2025-06-18,2026-06-18,term_loan,38630.0,35454.74,3175.26,0.1295,12,0,senior_unsecured,KZT,annuity,trade,Atyrau,micro,LLP,private,20.1,15,0,0,0,3.3683028278454235,2.4557021969273604,0.51989767340845791523,0.24098813343418798599,1.9822685634202270,8.3959089895514781,0.18385673489852418634,0.16835157936040808319,0.24062222539102023785,2.6480934945337955,0.46352993244664035290,0.01650814726637685411,guarantee,54254.86,37978.402,1.5302568852570912,1.07117981967996380738,B,2,0.013248,2025-01-01,B,2,0.013248,2025-12-01,0,5310.27,0,0,30,30,,,,,0,1.00000000000000000000,0,0
F0000200,C000119,2025-12-31,2025-02-22,2027-02-22,credit_line,38590.87,21801.88,16788.99,0.1087,24,1,senior_secured,KZT,bullet,trade,Atyrau,micro,LLP,private,20.1,15,0,0,0,3.3683028278454235,2.4557021969273604,0.51989767340845791523,0.24098813343418798599,1.9822685634202270,8.3959089895514781,0.18385673489852418634,0.16835157936040808319,0.24062222539102023785,2.6480934945337955,0.46352993244664035290,0.01650814726637685411,receivables,14230.59,7826.8245,0.65272306791891341481,0.35899768735540237814,B,2,0.013248,2025-01-01,B,2,0.013248,2025-12-01,0,1455.94,0,0,30,30,,,,,0,1.00000000000000000000,0,0
F0000201,C000119,2025-12-31,2023-02-13,2026-02-13,leasing,38707.91,33394.58,5313.33,0.1319,36,0,subordinated,KZT,bullet,trade,Atyrau,micro,LLP,private,20.1,15,0,0,0,0.84431692613619186308,0.55292909961679967091,0.34021881103032313616,0.17007724254057736114,1.48830618328334807063,6.3329292229534696,0.10469593713070963114,0.04042951112373454671,0.36636354114795698055,0.50487328072333423857,0.49990546385578503387,0.09419970663627346612,none,0.0,0.00,0.000000000000000000000000,0.000000000000000000000000,B,2,0.011852,2025-01-01,B,2,0.013248,2025-12-01,0,2822.73,0,0,30,15,,,,,0,1.1177860276746541,0,0
F0000202,C000120,2025-12-31,2022-12-12,2024-06-12,working_capital,16146.45,14266.51,1879.94,0.1295,18,0,senior_secured,USD,bullet,construction,Karaganda,micro,LLP,state_related,23.3,4,0,1,0,0.65162054013956143441,0.49021179617067142024,4.8577873908206761,0.57097548396660121916,4.3920366066638369,1.6586714952904401,0.15547229476898841047,0.10673860811489472467,0.22811956987223762289,0.06218729923400049419,0.11753817901654614195,,real_estate,9178.87,6884.1525,0.64338580353569303214,0.48253935265176977411,C,3,0.025734,2025-01-01,C,3,0.025976,2024-06-01,180,2942.67,0,0,180,30,2024-03-27,writeoff,90,1,1,1.0094039014533302,0,0
F0000203,C000121,2025-12-31,2022-05-21,2023-11-21,term_loan,694569.95,562513.8,132056.15,0.1269,18,0,senior_secured,KZT,amortizing,agriculture,Almaty,medium,LLP,private,15.4,154,0,0,0,2.3904170299400297,1.8667463784258255,0.42397724551106186097,0.25219703530965224339,2.2580106494759612,6.6904063018552716,0.13739260290728427259,0.11268162903743034295,0.23656293429649577509,1.1007634095522541,0.59483625118997629669,,real_estate,831340.51,623505.3825,1.4779024265715792,1.1084268199286844,B,2,0.009367,2025-01-01,B,2,0.010987,2023-11-01,0,66321.34,0,0,60,60,,,,,0,1.1729475819365859,0,0
F0000204,C000122,2025-12-31,2024-01-15,2027-01-15,term_loan,26588.89,25695.01,893.88,0.1505,36,0,senior_secured,KZT,amortizing,agriculture,Almaty,micro,IE,private,10.0,5,1,0,0,2.2637494215434470,1.8879483558747988,1.4668589747254347,0.48008880652366066284,7.2302456990646429,1.2631518339077163,0.10046992625198758587,0.06104511545151089833,0.13441196698762035763,0.21815390124674088736,0.32729036314722976542,-0.14017362994961269115,real_estate,22769.51,17077.1325,0.88614520873897305352,0.66460890655422979014,B,2,0.013161,2025-01-01,B,2,0.011541,2025-12-01,0,2478.09,0,0,60,5,,,,,0,0.87690904946432641897,0,0
F0000205,C000122,2025-12-31,2023-11-15,2024-11-15,leasing,14360.94,12648.43,1712.51,0.1361,12,0,senior_unsecured,USD,amortizing,agriculture,Almaty,micro,IE,private,10.0,5,1,0,0,2.2793160852324697,1.5035916211878436,0.90525029015957711284,0.41936639282078804632,6.6059162580471269,1.1765430517694555,0.05525034498173819820,0.00916591097874580291,0.05553284428692152633,0.16116042911108382755,0.46326015841084384270,0.12058947695417117219,none,0.0,0.00,0.000000000000000000000000,0.000000000000000000000000,B,2,0.012535,2025-01-01,B,2,0.011541,2024-11-01,0,1292.83,0,0,30,30,,,,,0,0.92070203430394894296,0,0
F0000206,C000122,2025-12-31,2024-06-24,2025-06-24,term_loan,12259.28,11486.18,773.1,0.1257,12,0,senior_secured,KZT,amortizing,agriculture,Almaty,micro,IE,private,10.0,5,1,0,0,2.2637494215434470,1.8879483558747988,1.4668589747254347,0.48008880652366066284,7.2302456990646429,1.2631518339077163,0.10046992625198758587,0.06104511545151089833,0.13441196698762035763,0.21815390124674088736,0.32729036314722976542,-0.14017362994961269115,receivables,8856.77,4871.2235,0.77108055071398846266,0.42409430289269365446,B,2,0.013161,2025-01-01,B,2,0.011541,2025-06-01,90,3304.01,0,0,360,360,2025-03-25,90dpd,150,0,1,0.87690904946432641897,0,1
F0000207,C000122,2025-12-31,2023-05-28,2027-05-28,term_loan,10158.86,8538.02,1620.84,0.1171,48,0,senior_secured,KZT,amortizing,agriculture,Almaty,micro,IE,private,10.0,5,1,0,0,2.2793160852324697,1.5035916211878436,0.90525029015957711284,0.41936639282078804632,6.6059162580471269,1.1765430517694555,0.05525034498173819820,0.00916591097874580291,0.05553284428692152633,0.16116042911108382755,0.46326015841084384270,0.12058947695417117219,none,0.0,0.00,0.00000000000000000000,0.00000000000000000000,B,2,0.012535,2025-01-01,B,2,0.011541,2025-12-01,0,977.39,0,0,30,30,,,,,0,0.92070203430394894296,0,0
F0000208,C000123,2025-12-31,2024-01-30,2025-07-30,leasing,3692364.47,3051539.49,640824.98,0.1452,18,0,subordinated,KZT,amortizing,construction,Shymkent,large,LLP,foreign_owned,10.3,481,0,0,1,1.7538799938488719,1.3382443961343433,0.43951491239348550329,0.24169510524584316461,3.8204151151223463,3.8150220453046972,0.05461808728585722254,0.01127821525752391905,0.16656250886354014196,0.56831774756900832424,0.54991332132426088107,-0.11822837211228986862,none,0.0,0.00,0.000000000000000000000000,0.000000000000000000000000,C,3,0.016438,2025-01-01,B,2,0.012382,2025-07-01,0,354783.89,0,0,60,60,,,,,0,0.75325465385083343472,-1,0
F0000209,C000124,2025-12-31,2024-05-24,2025-05-24,leasing,147189.34,125187.7,22001.64,0.122,12,0,senior_unsecured,KZT,amortizing,agriculture,Astana,small,JSC,foreign_owned,14.7,31,0,0,0,2.2151000789345747,1.6513291516576864,0.25564250852065482996,0.17358663873310388981,0.91509233858623823307,21.0043541105301665,0.15128537488038877104,0.12260134367297031499,1.1242748676204022,0.43972178390989581279,0.67902102720557064929,0.21976872070488071509,real_estate,150175.43,112631.5725,1.1996021174604214,0.89970158809531607338,B,2,0.007652,2025-01-01,B,2,0.006356,2025-05-01,0,7104.97,0,0,15,15,,,,,0,0.83063251437532671197,0,0
F0000210,C000124,2025-12-31,2022-12-30,2024-06-30,credit_line,86752.22,81184.58,5567.65,0.1105,18,1,senior_unsecured,KZT,annuity,agriculture,Astana,small,JSC,foreign_owned,14.7,31,0,0,0,1.1578779585678509,1.06153424321596327629,0.55747462289695906309,0.24082653642199339389,2.2133305824462109,5.8860480776200496,0.11393049692731515222,0.06202543964182124304,0.17887578981116781984,0.74168277119982132499,0.43199551428999597068,,real_estate,147764.33,110823.2475,1.8201033989459575,1.3650775492094681,B,2,0.006991,2025-01-01,B,2,0.006356,2024-06-01,0,7607.77,0,0,60,60,,,,,0,0.90916893148333571735,0,0
F0000211,C000124,2025-12-31,2022-03-24,2024-03-24,working_capital,138410.88,123640.62,14770.26,0.1022,24,0,senior_secured,KZT,annuity,agriculture,Astana,small,JSC,foreign_owned,14.7,31,0,0,0,1.1578779585678509,1.06153424321596327629,0.55747462289695906309,0.24082653642199339389,2.2133305824462109,5.8860480776200496,0.11393049692731515222,0.06202543964182124304,0.17887578981116781984,0.74168277119982132499,0.43199551428999597068,,none,0.0,0.00,0.000000000000000000000000,0.000000000000000000000000,B,2,0.006991,2025-01-01,B,2,0.006356,2024-03-01,0,4109.49,0,0,30,15,,,,,0,0.90916893148333571735,0,0
F0000212,C000124,2025-12-31,2024-02-29,2028-02-29,credit_line,191037.26,180390.63,10646.62,0.0858,48,1,senior_secured,KZT,amortizing,agriculture,Astana,small,JSC,foreign_owned,14.7,31,0,0,0,2.2151000789345747,1.6513291516576864,0.25564250852065482996,0.17358663873310388981,0.91509233858623823307,21.0043541105301665,0.15128537488038877104,0.12260134367297031499,1.1242748676204022,0.43972178390989581279,0.67902102720557064929,0.21976872070488071509,inventory,194819.93,87668.9685,1.0799891879084850,0.48599513455881827122,B,2,0.007652,2025-01-01,B,2,0.006356,2025-12-01,0,12662.99,0,0,5,5,,,,,0,0.83063251437532671197,0,0
F0000213,C000125,2025-12-31,2022-10-09,2027-10-09,credit_line,320374.21,117041.63,203332.58,0.1285,60,1,senior_unsecured,KZT,bullet,transport,Kostanay,medium,IE,foreign_owned,5.5,121,0,0,0,1.8739623568649304,1.5911120069529149,1.1967161659278185,0.39108006964719595740,4.8016215247335138,1.4227129487275235,0.11272118695462320351,0.05121060998160767497,0.13054706405182961015,0.41890444079792132190,0.32679434002965116189,,real_estate,142325.78,106744.3350,1.2160269811690080,0.91202023587675598845,B,2,0.009105,2025-01-01,C,3,0.017694,2025-12-01,0,6793.01,0,0,30,30,,,,,0,1.9433278418451400,1,0
F0000214,C000126,2025-12-31,2023-06-10,2024-06-10,credit_line,1022045.77,596372.81,425672.96,0.1141,12,1,senior_secured,KZT,amortizing,construction,Kostanay,medium,LLP,private,12.4,116,0,0,0,2.0817223380596261,1.6950430077139024,0.35238589820864240998,0.17233256903274600208,1.3689430754688731,6.2294183521647072,0.13196368595144222365,0.07538566555544363677,0.70894121009440404379,1.6058604664697281,0.48904502112258326036,0.26279746596707269321,real_estate,740244.93,555183.6975,1.2412452707225200,0.93093395304189002178,B,2,0.006826,2025-01-01,B,2,0.008425,2024-06-01,0,51127.73,0,0,30,30,,,,,0,1.2342513917374744,0,0
F0000215,C000127,2025-12-31,2025-06-11,2028-06-11,leasing,97679.22,90356.97,7322.24,0.1448,36,0,senior_secured,KZT,amortizing,manufacturing,Kostanay,small,LLP,private,24.1,35,0,0,0,2.1654229081673427,1.9098699298872778,0.47792403921201068297,0.22678154546524501806,4.0682418916118406,3.5779643871817086,0.09778259205452452362,0.05694716148439392334,0.23693607588766346655,1.8913867125238718,0.47451378641500605940,0.13858683963946944287,none,0.0,0.00,0.000000000000000000000000,0.000000000000000000000000,B,2,0.005198,2025-01-01,B,2,0.005198,2025-12-01,0,6546.06,0,0,30,30,,,,,0,1.00000000000000000000,0,0
F0000216,C000128,2025-12-31,2025-02-14,2027-02-14,credit_line,198141.98,72613.83,125528.15,0.1578,24,1,senior_unsecured,KZT,annuity,manufacturing,Atyrau,small,IE,private,7.6,29,1,0,0,0.92376435800225502579,0.65174868209943351351,5.6329756834208593,0.36996598318799696402,9.2686174842868440,1.2938948691145412,0.06430105067689807956,0.00745305871005187782,0.10542181192983830816,0.46802784675975073079,0.06567860469855955415,0.62801155674160558554,none,0.0,0.00,0.000000000000000000000000,0.000000000000000000000000,C,3,0.018188,2025-01-01,C,3,0.018188,2025-12-01,0,2406.94,0,0,15,15,,,,,0,1.00000000000000000000,0,0
F0000217,C000128,2025-12-31,2024-02-23,2026-02-23,overdraft,92751.13,43504.86,49246.27,0.1489,24,1,senior_secured,EUR,annuity,manufacturing,Atyrau,small,IE,private,7.6,29,1,0,0,1.9533584122301711,1.4143198479091372,2.3854887528812772,0.46989633971432789880,8.0556686785787069,0.98903020272422822599,0.07430175645581240122,0.05793866823673086520,0.12835643054672024147,0.81724974577084016711,0.19698115916361817844,0.07041749436099781508,none,0.0,0.00,0.000000000000000000000000,0.000000000000000000000000,C,3,0.027648,2025-01-01,C,3,0.018188,2025-12-01,0,2287.7,0,0,30,30,,,,,0,0.65784143518518518519,0,0
F0000218,C000129,2025-12-31,2025-02-24,2026-08-24,credit_line,100920.24,58091.73,42828.5,0.1299,18,1,senior_unsecured,EUR,annuity,transport,Aktobe,small,LLP,private,12.2,21,1,0,0,3.4497123332981985,2.7844945628185406,0.34371191735759610571,0.23244955435621843610,1.0838511549967366,10.6611185110914320,0.15563134588014554121,0.06798773349524284851,0.72763046762848517227,0.60801145120285928808,0.67629180897553551769,0.30089832203213684118,receivables,49044.21,26974.3155,0.84425459527543765696,0.46434002740149071133,A,1,0.002182,2025-01-01,A,1,0.002182,2025-12-01,0,6032.07,0,0,60,60,,,,,0,1.00000000000000000000,0,0
F0000219,C000129,2025-12-31,2022-02-10,2024-02-10,working_capital,90331.95,89177.51,1154.44,0.1047,24,0,senior_secured,KZT,bullet,transport,Aktobe,small,LLP,private,12.2,21,1,0,0,2.2709511515876870,1.8883241255206956,0.56152296939708366185,0.28179652502464506286,2.3662339394971567,6.8301657838920181,0.14839274409579939450,0.07714670436310363831,0.25567223009698481021,0.59947552843763182155,0.50184327335213833114,,real_estate,119511.66,89633.7450,1.3401547094104780,1.00511603205785853406,A,1,0.002535,2025-01-01,A,1,0.002182,2024-02-01,0,8043.46,0,0,30,30,,,,,0,0.86074950690335305720,0,0
F0000220,C000130,2025-12-31,2022-09-06,2025-09-06,working_capital,25121.6,20611.66,4509.95,0.1463,36,0,senior_secured,KZT,annuity,manufacturing,Atyrau,small,LLP,private,10.8,46,0,0,0,2.2786985932293832,1.8597861151294532,1.0877149041260378,0.42519765838356158518,6.7118999029987409,1.03696166745428844444,0.08952293382259971803,0.04925775657032340090,0.13476699739398010651,0.35249096054354191881,0.39090910381999535319,,inventory,40375.49,18168.9705,1.9588664862509861,0.88148991881294374155,C,3,0.025574,2025-01-01,C,3,0.015453,2025-09-01,0,1380.5,0,0,60,60,,,,,0,0.60424650035191991867,0,0
F0000221,C000131,2025-12-31,2024-06-07,2027-06-07,term_loan,244575.64,217211.6,27364.04,0.1173,36,0,senior_secured,EUR,amortizing,services,Karaganda,small,LLP,private,12.4,46,0,0,0,1.0058086911678845,0.83065054552411054771,0.33507353061788287094,0.16600415808333257934,2.1665920460210987,3.6585880115513557,0.13370510429075239365,0.07285684865488215958,0.37640081679020282143,0.43976307151385817056,0.49542605701267212869,0.52416733127053819967,receivables,262321.94,144277.0670,1.2076792399669263,0.66422358198180944296,B,2,0.006328,2025-01-01,B,2,0.008131,2025-12-01,15,18746.82,0,0,30,30,,,,,0,1.2849241466498104,0,0
F0000222,C000132,2025-12-31,2024-03-15,2025-03-15,term_loan,698889.61,685668.13,13221.48,0.0814,12,0,senior_secured,USD,amortizing,manufacturing,Atyrau,small,LLP,private,12.7,47,0,0,0,1.3606889654595670,1.2423374653937250,0.57516852593605270220,0.28707120346231444507,2.2457452199496138,5.3496936899909227,0.10035914846705621419,0.00300656173205514782,0.30030272975441842545,0.16711572323217497981,0.49910798403845736852,0.31071307368271251024,real_estate,714738.96,536054.2200,1.0423978142312083,0.78179836067340624392,B,2,0.009661,2025-01-01,B,2,0.009372,2025-03-01,5,100033.63,0,0,30,30,,,,,0,0.97008591243142531829,0,0
F0000223,C000132,2025-12-31,2022-12-22,2027-12-22,credit_line,487408.36,398596.29,88812.07,0.1221,60,1,senior_secured,KZT,annuity,manufacturing,Atyrau,small,LLP,private,12.7,47,0,0,0,1.6753728425647424,1.3546052330798269,0.37692008283551235065,0.18305963963801105905,2.0236907019153244,7.0985383434780768,0.12561793200692743826,0.06268344083272917934,0.47284574452486860439,0.97596038763099228074,0.48567228962935931522,,real_estate,456338.88,342254.1600,1.1448648455809762,0.85864863418573213514,B,2,0.009125,2025-01-01,B,2,0.009372,2025-12-01,0,36138.58,0,0,60,60,,,,,0,1.0270684931506849,0,0
F0000224,C000133,2025-12-31,2025-03-18,2027-03-18,term_loan,7100884.72,6060113.48,1040771.24,0.1278,24,0,senior_unsecured,KZT,amortizing,agriculture,Kostanay,large,LLP,private,23.8,350,0,0,0,1.4776811074748179,1.3556339388787393,0.40617263462090069961,0.23186602318834201860,3.4458243926357241,2.0942795862760934,0.11683140517430247373,0.07345543069803224174,0.29258119999667863169,0.50817108425550670399,0.57085584656571723659,0.32437451480365717673,none,0.0,0.00,0.000000000000000000000000,0.000000000000000000000000,B,2,0.011761,2025-01-01,B,2,0.011761,2025-12-01,0,561854.61,0,0,30,30,,,,,0,1.00000000000000000000,0,0
F0000225,C000134,2025-12-31,2023-03-23,2026-03-23,term_loan,272678.85,271842.82,836.03,0.1281,36,0,senior_unsecured,USD,bullet,agriculture,Kostanay,small,IE,private,12.6,39,1,0,0,2.0852254438946002,1.8923677005867730,0.28390714882826848723,0.19282838340861672953,2.0900994907600153,8.6630737481959725,0.15957363710010154968,0.10159244673113881565,0.33600897481197565299,0.20573115474649890901,0.67919523761360428142,0.08235743146949948687,none,0.0,0.00,0.000000000000000000000000,0.000000000000000000000000,A,1,0.003976,2025-01-01,A,1,0.003176,2025-12-01,0,23626.9,0,0,60,60,,,,,0,0.79879275653923541247,0,0
F0000226,C000134,2025-12-31,2025-06-22,2028-06-22,trade_finance,151676.13,67638.94,84037.19,0.0855,36,1,senior_unsecured,KZT,bullet,agriculture,Kostanay,small,IE,private,12.6,39,1,0,0,1.1084992165994660,0.89073823365075287955,0.50112260392919721717,0.24723789046757629063,5.1980550145239015,1.6158952301252392,0.08091428337554871881,0.05042363664195687316,0.20064289606360541450,0.41658118047678273085,0.49336806707387743925,-0.22789667454200405215,none,0.0,0.00,0.000000000000000000000000,0.000000000000000000000000,A,1,0.003176,2025-01-01,A,1,0.003176,2025-12-01,0,2523.31,0,0,0,0,,,,,0,1.00000000000000000000,0,0
F0000227,C000135,2025-12-31,2024-05-25,2028-05-25,credit_line,4532.79,1911.88,2620.91,0.11,48,1,subordinated,KZT,annuity,construction,Aktobe,micro,IE,private,6.9,10,1,0,0,3.6357359608613862,2.6002849051692832,0.18215342012224143731,0.12179015779041162878,0.90044542837119490916,7.0150877120196929,0.17156792365115868877,0.12525368750569692382,1.2046385004072125,3.2477229500973289,0.66861307192958224923,-0.17348815430847718219,real_estate,3093.61,2320.2075,1.6180984162185911,1.2135738121639433,A,1,0.004506,2025-01-01,A,1,0.003506,2025-12-01,0,93.99,0,0,30,30,,,,,0,0.77807367953839325344,0,0
F0000228,C000136,2025-12-31,2024-02-06,2027-02-06,term_loan,48622.91,46040.3,2582.61,0.1316,36,0,senior_secured,KZT,annuity,services,Almaty,small,LLP,private,18.7,24,0,0,0,1.5496670076669759,1.0626318009481636,0.73372141322993810485,0.29528157133257389644,10.6391584390962298,0.62047157877600106607,0.04195070354272793993,-0.00174065975971359070,0.05304536852792685825,0.27688965063201681165,0.40244371502353407710,-0.24253717419191647867,none,0.0,0.00,0.000000000000000000000000,0.000000000000000000000000,C,3,0.028167,2025-01-01,C,3,0.01517,2025-12-01,30,2796.83,0,0,30,0,,,,,0,0.53857350800582241630,0,0
F0000229,C000137,2025-12-31,2024-11-25,2026-11-25,working_capital,69316.01,57806.62,11509.39,0.1309,24,0,senior_unsecured,KZT,amortizing,construction,Atyrau,small,LLP,private,11.5,35,0,0,0,0.48308633150739468442,0.35146376437777156712,5.8925752577302450,0.45017656092239240453,10.8684608882046634,0.78408445350847436846,0.05902401216359399788,0.02350561260844674764,0.04349887353587804944,0.22593907211166296227,0.07639725268367560106,0.35468790199495655151,receivables,87199.24,47959.5820,1.5084646014591408,0.82965553080252746139,D,4,0.055967,2025-01-01,C,3,0.030793,2025-12-01,0,3472.1,0,0,0,0,,,,,0,0.55019922454303428806,-1,0
F0000230,C000138,2025-12-31,2024-01-14,2028-01-14,credit_line,8073.42,4109.46,3963.96,0.1179,48,1,senior_unsecured,USD,annuity,manufacturing,Shymkent,micro,LLP,private,25.3,8,1,0,0,3.5139473425232288,2.4486686813068118,0.31531293574353409722,0.20158412582864109691,1.3540494807644121,6.3559718048623832,0.22931206687329693185,0.19497003167553058169,0.29061261323006979427,3.0047665219794659,0.63931448087687548097,0.08897965868029260683,guarantee,3236.99,2265.893,0.78769230020489310031,0.55138461014342517022,A,1,0.003366,2025-01-01,A,1,0.003216,2025-12-01,0,408.0,0,0,60,60,,,,,0,0.95543672014260249554,0,0
F0000231,C000139,2025-12-31,2024-12-17,2028-12-17,term_loan,12236.97,10453.77,1783.2,0.1304,48,0,senior_secured,KZT,annuity,real_estate,Atyrau,micro,IE,state_related,17.7,15,0,1,0,0.65483889855216860926,0.56349486447991516873,0.95130813097113752358,0.34063383549351189425,8.6756087886177192,0.90889282133633629320,0.04647706037383899712,-0.00388909430354076590,0.12014774602067766656,0.19491572878172507847,0.35806887842509846982,-0.07027122926098149289,real_estate,17269.39,12952.0425,1.65197722926752740877,1.23898292195064555658,C,3,0.022421,2025-01-01,C,3,0.016628,2025-12-01,0,1152.05,0,0,30,30,,,,,0,0.74162615405200481691,0,0
F0000232,C000140,2025-12-31,2022-04-07,2023-10-07,credit_line,102279.03,95999.63,6279.41,0.123,18,1,senior_secured,EUR,amortizing,energy,Aktobe,small,LLP,private,15.5,69,1,0,0,2.0660090207027220,1.4816914483408464,0.25837090158793285192,0.18325408327183443963,1.1206697790506736,9.6820882386874517,0.18693136149938985696,0.09249529863007162128,0.47191462467709727277,0.38952930378194226619,0.70926749934131621101,,equipment,87523.73,52514.238,0.91170903471190461880,0.54702542082714277128,A,1,0.002543,2025-01-01,A,1,0.00332,2023-10-01,0,12902.28,0,0,60,30,,,,,0,1.3055446323240267,0,0
F0000233,C000141,2025-12-31,2022-05-05,2026-05-05,term_loan,97972.18,94391.14,3581.04,0.1286,48,0,senior_unsecured,KZT,bullet,services,Other,small,IE,private,2.4,20,0,0,0,1.2731785727963670,1.1401826981637061,1.8812302797933758,0.36875610181773736641,25.8007201810436635,0.46466285963123880405,0.02333727724620128495,0.00503997580528285498,0.03847828916862527830,0.17372801966406313749,0.19601858729290682934,,inventory,113346.15,51005.7675,1.2008134449907057,0.54036605024581756296,C,3,0.02627,2025-01-01,C,3,0.016565,2025-12-01,150,63657.83,0,0,360,180,2023-02-23,90dpd,180,0,1,0.63056718690521507423,0,1
F0000234,C000141,2025-12-31,2022-06-13,2023-06-13,term_loan,75150.53,67608.74,7541.79,0.0854,12,0,senior_secured,KZT,bullet,services,Other,small,IE,private,2.4,20,0,0,0,1.2731785727963670,1.1401826981637061,1.8812302797933758,0.36875610181773736641,25.8007201810436635,0.46466285963123880405,0.02333727724620128495,0.00503997580528285498,0.03847828916862527830,0.17372801966406313749,0.19601858729290682934,,guarantee,147087.57,102961.299,2.1755703478573924,1.5228992435001747,C,3,0.02627,2025-01-01,C,3,0.016565,2023-06-01,0,4350.98,0,0,30,30,,,,,0,0.63056718690521507423,0,0
F0000235,C000141,2025-12-31,2022-08-11,2025-08-11,credit_line,78268.97,48124.38,30144.59,0.1354,36,1,senior_secured,KZT,amortizing,services,Other,small,IE,private,2.4,20,0,0,0,1.2731785727963670,1.1401826981637061,1.8812302797933758,0.36875610181773736641,25.8007201810436635,0.46466285963123880405,0.02333727724620128495,0.00503997580528285498,0.03847828916862527830,0.17372801966406313749,0.19601858729290682934,,none,0.0,0.00,0.000000000000000000000000,0.000000000000000000000000,C,3,0.02627,2025-01-01,C,3,0.016565,2025-08-01,0,2762.73,0,0,60,15,,,,,0,0.63056718690521507423,0,0
F0000236,C000142,2025-12-31,2023-02-01,2027-02-01,term_loan,1595379.36,1375981.68,219397.68,0.1298,48,0,senior_unsecured,KZT,amortizing,energy,Shymkent,large,IE,private,20.8,1436,0,0,0,1.9744924623622177,1.4253875581310088,1.5829904560788321,0.36587362067531276442,6.6668179316711758,1.3878077891807256,0.06055682462545088662,0.03254389544045979305,0.08855698490306001798,0.34311997316475425536,0.23112812794942867509,0.08795373713445577510,equipment,2767970.31,1660782.186,2.0116331127315590,1.2069798676389354,C,3,0.022128,2025-01-01,C,3,0.028165,2025-12-01,0,68377.86,0,0,30,0,,,,,0,1.2728217642805495,0,0
F0000237,C000143,2025-12-31,2023-02-28,2026-02-28,leasing,8443.15,7774.38,668.77,0.1309,36,0,senior_secured,KZT,annuity,real_estate,Other,micro,LLP,private,19.4,6,0,0,0,1.6581985045344614,1.4510205985970254,0.25637387614835584254,0.15095372237447074934,1.8023493760489451,4.5646561224793733,0.11657449183145149806,0.04175982532219608168,0.23928871150282793512,0.34956800219863692145,0.58880305841738093281,0.02141897795881731998,none,0.0,0.00,0.00000000000000000000,0.00000000000000000000,C,3,0.015577,2025-01-01,B,2,0.012272,2025-12-01,0,817.38,0,0,60,30,,,,,0,0.78782820825576169994,-1,0
F0000238,C000144,2025-12-31,2025-05-10,2028-05-10,credit_line,34344.46,21758.05,12586.41,0.0871,36,1,senior_secured,KZT,annuity,agriculture,Kostanay,micro,LLP,private,16.2,11,1,0,0,3.0244327799704996,2.7797741152562923,0.34912760719869598483,0.22650609360292054659,1.5221876130927104,4.4684707421948028,0.16390531212116259531,0.11854854221852327258,0.32058474035106042824,0.24095591479727956002,0.64877737804908417489,0.00976303151262880215,guarantee,30340.09,21238.063,1.3944305670774725,0.97610139695423073299,A,1,0.0049,2025-01-01,A,1,0.0049,2025-12-01,0,883.54,0,0,15,15,,,,,0,1.00000000000000000000,0,0
F0000239,C000144,2025-12-31,2023-12-24,2026-12-24,trade_finance,33617.02,24538.02,9079.0,0.1235,36,1,senior_secured,KZT,annuity,agriculture,Kostanay,micro,LLP,private,16.2,11,1,0,0,4.1903993565527936,3.6234438945523156,0.57368450054362474094,0.33484616901925765851,3.0114583533598178,2.1295500900713127,0.16044048302719776029,0.09514252801880782104,0.31754121946590692111,1.1168927443910481,0.58367651331342691875,0.08549098007905795234,none,0.0,0.00,0.000000000000000000000000,0.000000000000000000000000,A,1,0.002572,2025-01-01,A,1,0.0049,2025-12-01,0,2064.04,0,0,30,30,,,,,0,1.9051321928460342,0,0
F0000240,C000145,2025-12-31,2025-05-02,2029-05-02,overdraft,122592.25,56708.82,65883.43,0.1186,48,1,senior_secured,KZT,amortizing,real_estate,Shymkent,medium,IE,private,2.2,197,0,0,0,0.88739654282846461020,0.58762980986310551884,1.7253891676717431,0.31032732659491574815,10.3722911415253997,0.84807333884103360168,0.03892702656941699813,0.00467207211125325049,0.09840160879311497041,0.37249837328936427866,0.17985932241227320299,-0.33720946143995301302,real_estate,45141.4,33856.050,0.79602079535423237514,0.59701559651567428136,C,3,0.020102,2025-01-01,C,3,0.020102,2025-12-01,0,2587.97,0,0,60,60,,,,,0,1.00000000000000000000,0,0
F0000241,C000145,2025-12-31,2024-08-04,2026-02-04,working_capital,1050563.16,1032154.77,18408.39,0.1469,18,0,senior_unsecured,USD,annuity,real_estate,Shymkent,medium,IE,private,2.2,197,0,0,0,1.3012144889342199,0.90713396774341636253,1.1017238541178646,0.24673031570517871996,3.6145397205928588,2.3419916904704406,0.05536647087696536852,0.01251840496621828115,0.13934990373516232915,0.38056878321634768994,0.22394932703234637117,0.15362544115009214959,inventory,1648311.66,741740.2470,1.5969617230950742,0.71863277539278339042,C,3,0.030466,2025-01-01,C,3,0.020102,2025-12-01,30,76071.25,0,0,30,15,,,,,0,0.65981750147705639073,0,0
F0000242,C000145,2025-12-31,2023-02-17,2028-02-17,credit_line,848134.63,611095.27,237039.36,0.1173,60,1,senior_unsecured,KZT,bullet,real_estate,Shymkent,medium,IE,private,2.2,197,0,0,0,1.5395480443595930,1.2117443702796012,2.3802154821548434,0.43114348863585304478,3.8465403546252768,2.2246858211425818,0.12339902846925078729,0.09116831834524170387,0.15473573390564844525,0.77673588752765150732,0.18113632646634691318,0.00196541273095786786,inventory,924772.1,416147.445,1.5133026639201446,0.68098619876406505323,C,3,0.018436,2025-01-01,C,3,0.020102,2025-12-01,0,39442.13,0,0,60,5,,,,,0,1.0903666738988935,0,0
F0000243,C000145,2025-12-31,2022-01-29,2023-01-29,leasing,766020.99,731915.08,34105.91,0.1381,12,0,senior_secured,USD,annuity,real_estate,Shymkent,medium,IE,private,2.2,197,0,0,0,1.0899669703301894,0.99529571943961092478,1.6276050325180177,0.42242435256094191124,2.9419396379919717,3.6213156383810468,0.13150307278593934536,0.04239185471885804070,0.33196104940113853322,0.83146288204126511219,0.25953738414498643941,,real_estate,1008011.48,756008.6100,1.3772246364974472,1.0329184773730854,C,3,0.017075,2025-01-01,C,3,0.020102,2023-01-01,0,22369.34,0,0,15,15,,,,,0,1.1772767203513909,0,0
F0000244,C000146,2025-12-31,2022-05-22,2026-05-22,leasing,434893.41,402366.94,32526.47,0.1617,48,0,senior_secured,EUR,bullet,manufacturing,Karaganda,medium,LLP,private,5.5,99,0,0,0,1.6586272010739698,1.1013443594422425,7.9873941671458872,0.69469478177261924005,-32.5896738950863309,-0.49784457414782526890,-0.02259039967528311216,-0.05279734812170012485,-0.02409152491957349181,0.26111881619529587998,0.08697389501948825741,,guarantee,600347.77,420243.439,1.4920404991523409,1.0444283494066386,D,4,0.03895,2025-01-01,D,4,0.037889,2025-12-01,0,15962.47,0,0,15,15,,,,,0,0.97275994865211810013,0,0
F0000245,C000147,2025-12-31,2022-09-21,2024-09-21,credit_line,26271.43,21996.39,4275.04,0.1105,24,1,senior_secured,KZT,bullet,agriculture,Aktobe,micro,LLP,private,25.2,10,1,0,0,3.8610183998594693,3.4248579071530382,0.34441699856927419667,0.20555807776220553648,1.8909764411555400,4.2606936876307087,0.15503208303963267164,0.07491335117348170691,0.40760986230106586214,0.62412403487812271536,0.59682907236316526329,,real_estate,44827.95,33620.9625,2.0379685030134490,1.5284763772600868,B,2,0.007671,2025-01-01,B,2,0.010379,2024-09-01,15,1709.34,0,0,60,60,,,,,0,1.3530178594707339,0,0
F0000246,C000148,2025-12-31,2023-01-03,2024-01-03,working_capital,19646.91,16603.83,3043.08,0.1114,12,0,senior_secured,KZT,amortizing,transport,Kostanay,micro,IE,private,20.4,8,0,0,0,1.3957532161586293,1.2358312256773193,1.00417923033061764905,0.39316541905139616793,1.9026488512488913,5.7404189482605139,0.19637440847764800644,0.14591116916460502848,0.42018253375815871041,0.49660592162978553579,0.39152912864165665713,0.13630753475995234672,equipment,39677.2,23806.32,2.3896414261046999,1.4337848556628200,B,2,0.007214,2025-01-01,B,2,0.009965,2024-01-01,0,721.32,0,0,0,0,,,,,0,1.3813418353202107,0,0
F0000247,C000148,2025-12-31,2024-08-25,2026-02-25,term_loan,35406.61,31928.86,3477.75,0.1179,18,0,senior_secured,KZT,annuity,transport,Kostanay,micro,IE,private,20.4,8,0,0,0,1.6363172915398382,1.5246874871264378,0.22821378096893453908,0.16670686578386040835,1.14232238818435455288,6.7681722633410468,0.14209550567839827744,0.13973730987480933243,0.65115948312053723660,0.77574980843083568967,0.73048553455478342991,0.21201266828721017203,none,0.0,0.00,0.000000000000000000000000,0.000000000000000000000000,B,2,0.007394,2025-01-01,B,2,0.009965,2025-12-01,0,5281.41,0,0,30,30,,,,,0,1.3477143629970246,0,0
F0000248,C000148,2025-12-31,2023-10-28,2025-04-28,working_capital,61364.31,51477.29,9887.02,0.1015,18,0,senior_secured,EUR,annuity,transport,Kostanay,micro,IE,private,20.4,8,0,0,0,1.3957532161586293,1.2358312256773193,1.00417923033061764905,0.39316541905139616793,1.9026488512488913,5.7404189482605139,0.19637440847764800644,0.14591116916460502848,0.42018253375815871041,0.49660592162978553579,0.39152912864165665713,0.13630753475995234672,none,0.0,0.00,0.000000000000000000000000,0.000000000000000000000000,B,2,0.007214,2025-01-01,B,2,0.009965,2025-04-01,0,2897.79,0,0,30,30,,,,,0,1.3813418353202107,0,0
F0000249,C000149,2025-12-31,2022-09-23,2023-09-23,term_loan,19534.62,17894.54,1640.08,0.08,12,0,senior_unsecured,KZT,amortizing,energy,Atyrau,micro,LLP,private,6.3,10,1,0,0,4.2515245135714575,3.7340027203592088,0.12780354435431950987,0.09793342134701410566,0.54903671134434910054,17.1589080731736997,0.13018103522998813683,0.09656255144940507178,0.68078452646973134877,1.9462092713568966,0.76628094973255057097,,equipment,35509.68,21305.808,1.9843862988375225,1.1906317793025135,A,1,0.004083,2025-01-01,A,1,0.004891,2023-09-01,0,1710.31,0,0,60,60,,,,,0,1.1978937056086211,0,0
F0000250,C000150,2025-12-31,2022-02-01,2023-08-01,working_capital,193314.04,185806.02,7508.01,0.1227,18,0,senior_secured,KZT,bullet,real_estate,Kostanay,small,LLP,private,24.6,38,0,0,0,1.8056215756675810,1.6999995687531510,2.0062997929929121,0.44263396245673222783,8.3913688909767469,1.5265431847295211,0.07943608691064962621,0.07373000496976174469,0.12870699686761667285,0.31566020073381467861,0.22062204462296725764,,receivables,225794.45,124186.9475,1.2152160086094089,0.66836880473517488831,C,3,0.018888,2025-01-01,C,3,0.026822,2023-08-01,0,14963.6,0,0,30,30,,,,,0,1.4200550614146548,0,0
F0000251,C000151,2025-12-31,2022-08-06,2025-08-06,credit_line,87844.37,74532.21,13312.16,0.1342,36,1,senior_secured,KZT,amortizing,agriculture,Shymkent,small,LLP,private,5.5,53,1,0,0,1.4867304487158285,1.2792298709092719,1.6706392272122316,0.35211726732317274865,3.2190682292826618,6.1340222660752691,0.08421001482366891333,0.04364249826938771605,0.30790427225289995277,0.34989219549048255103,0.21076798723967775678,,none,0.0,0.00,0.000000000000000000000000,0.000000000000000000000000,C,3,0.020669,2025-01-01,D,4,0.035314,2025-08-01,0,5106.92,0,0,60,5,,,,,0,1.7085490347863951,1,0
F0000252,C000151,2025-12-31,2024-01-20,2026-01-20,working_capital,83910.45,70817.66,13092.78,0.1371,24,0,senior_unsecured,KZT,amortizing,agriculture,Shymkent,small,LLP,private,5.5,53,1,0,0,1.8913758066507522,1.2926272989024673,1.1837840734919545,0.31480693412043763162,4.0300777880189278,1.9255512868661537,0.09594351815941015819,0.07438075118355941713,0.08775578279875217002,0.62096602588916529078,0.26593273314770371677,-0.17209826208990218915,real_estate,159364.93,119523.6975,2.2503557728397126,1.6877668296297844,C,3,0.027406,2025-01-01,D,4,0.035314,2025-12-01,0,6727.05,0,0,60,30,,,,,0,1.2885499525651317,1,0
F0000253,C000151,2025-12-31,2023-11-11,2028-11-11,term_loan,84473.46,83083.56,1389.91,0.1559,60,0,senior_unsecured,KZT,amortizing,agriculture,Shymkent,small,LLP,private,5.5,53,1,0,0,0.65846789356829646199,0.45827084582163681317,5.3541350686302799,0.33961147011643478048,3.5470714861445749,2.4611206310691711,0.13811515962105992704,0.08794523145370397740,0.20331359572707313184,0.21489779054977428704,0.06342975396833158142,0.06255104487056879993,none,0.0,0.00,0.000000000000000000000000,0.000000000000000000000000,C,3,0.020731,2025-01-01,D,4,0.035314,2025-12-01,0,8179.76,0,0,60,60,,,,,0,1.7034392938112006,1,0
F0000254,C000152,2025-12-31,2024-10-30,2029-10-30,trade_finance,4372.26,2727.05,1645.2,0.1128,60,1,senior_secured,KZT,annuity,services,Aktobe,micro,LLP,private,19.2,8,0,0,0,1.10887809512468846290,1.03689149834220329792,1.5258700570910137,0.36766101818044886529,7.1040407715166013,1.1432309878024542,0.07343606518928744020,0.04274181422017697910,0.15121869645274427066,0.21569613885045906175,0.24095172224650251339,-0.10326698447124970981,guarantee,4593.16,3215.212,1.6842962175244312,1.1790073522671018,C,3,0.019761,2025-01-01,B,2,0.014308,2025-12-01,0,99.76,0,0,15,15,,,,,0,0.72405242649663478569,-1,0
F0000255,C000153,2025-12-31,2022-03-11,2025-03-11,working_capital,6557.62,6247.82,309.8,0.1349,36,0,senior_unsecured,USD,amortizing,construction,Karaganda,micro,IE,state_related,4.0,8,0,1,0,1.19461697573402747708,0.90451801029736221052,0.95226394354008714818,0.25595182907252198762,7.4319105601453045,0.90380993616902590693,0.05982962191482713466,-0.01045507481186474624,0.04728093122396157732,0.35995448022311610401,0.26878244294434662274,,none,0.0,0.00,0.00000000000000000000,0.00000000000000000000,C,3,0.028362,2025-01-01,C,3,0.025606,2025-03-01,150,3906.44,0,0,180,120,2023-01-24,90dpd,360,0,1,0.90282772724067414146,0,1
F0000256,C000154,2025-12-31,2023-07-29,2024-07-29,leasing,40614.01,39173.08,1440.93,0.1242,12,0,senior_secured,USD,annuity,real_estate,Other,small,LLP,private,19.0,51,0,0,0,0.87814722781860435738,0.62652560201768541206,0.76489444263107725537,0.29221803073175476128,1.1345106931323074,6.8316831569245851,0.20399124303277630359,0.16762750734633112734,0.45886805539266757660,0.53835374644623199536,0.38203706870530490338,0.01532445565862025289,receivables,87443.54,48093.9470,2.2322355045863128,1.2277295275224721,B,2,0.007229,2025-01-01,B,2,0.007,2024-07-01,0,3203.62,0,0,30,30,,,,,0,0.96832203624291049938,0,0
F0000257,C000155,2025-12-31,2025-02-02,2029-02-02,credit_line,3811807.15,2188174.96,1623632.19,0.1546,48,1,senior_secured,KZT,annuity,transport,Shymkent,large,LLP,private,15.6,735,0,0,0,2.0989177505057842,1.4972644658971918,1.3522335794504843,0.44128398140970123176,8.4247506332706962,0.77961321975803763513,0.08860997388424173411,0.01310846861710634858,0.11295758284377256072,1.0178101715930257,0.32633709746287220682,0.38875387237283941706,none,0.0,0.00,0.000000000000000000000000,0.000000000000000000000000,C,3,0.02156,2025-01-01,C,3,0.02156,2025-12-01,0,66954.2,0,0,15,15,,,,,0,1.00000000000000000000,0,0
F0000258,C000155,2025-12-31,2023-06-08,2025-06-08,term_loan,2967651.91,2497360.01,470291.9,0.1289,24,0,subordinated,KZT,bullet,transport,Shymkent,large,LLP,private,15.6,735,0,0,0,1.0113967317810188,0.74964675702307047245,0.82069064331772315432,0.23802522995085174498,1.7630298235791468,4.6804869047361218,0.10385005014255365102,0.09718475095918118120,0.32176704199749547440,0.50883238736445300356,0.29003039316813847677,-0.03937086157307980117,none,0.0,0.00,0.000000000000000000000000,0.000000000000000000000000,C,3,0.026252,2025-01-01,C,3,0.02156,2025-06-01,0,252550.34,0,0,30,15,,,,,0,0.82127076032302300777,0,0
F0000259,C000156,2025-12-31,2022-12-07,2026-12-07,overdraft,125048.12,115667.97,9380.15,0.118,48,1,senior_unsecured,KZT,annuity,transport,Aktobe,small,LLP,private,10.1,45,0,0,0,3.9514282958698565,2.5740617751609408,0.22019182071708380238,0.14311026774623212074,1.1021930344053429,14.5819709132303586,0.16957055068821805388,0.10870843852143187406,0.47381763857856949259,1.04472508915498827541,0.64993453108373687948,,receivables,238204.45,131012.4475,2.0593812617269932,1.1326596939498463,B,2,0.007315,2025-01-01,B,2,0.006566,2025-12-01,0,7956.53,0,0,60,15,,,,,0,0.89760765550239234450,0,0
F0000260,C000157,2025-12-31,2022-11-04,2025-11-04,overdraft,23720.99,9744.65,13976.34,0.1395,36,1,senior_unsecured,USD,amortizing,real_estate,Almaty,small,IE,private,23.0,28,0,0,0,1.2075588751381741,0.94020481344804045612,2.0405661806993918,0.46512156601133915831,4.9543860853453707,2.0602490218885482,0.13443236487589623977,0.07517102867665405199,0.21966467339897647257,0.32223959995256250905,0.22793750597783677115,,inventory,20411.98,9185.3910,2.0946858019528664,0.94260861087878990010,C,3,0.022501,2025-01-01,C,3,0.024625,2025-11-01,0,786.31,1,0,30,30,,,,,0,1.0943958046309053,0,0
F0000261,C000158,2025-12-31,2022-05-21,2025-05-21,leasing,16789.09,14049.81,2739.28,0.1198,36,0,senior_secured,KZT,bullet,services,Kostanay,micro,LLP,private,12.6,6,0,0,0,1.4232332702958814,1.28410340570724970162,1.40257063964617051258,0.39496456158051937311,5.2961221432603378,1.9272178269950244,0.10543891901110285964,0.05074584670488117214,0.12466441090214069890,0.60467841852232772848,0.28160047730655329107,,real_estate,10425.96,7819.4700,0.74207124509157063334,0.55655343381867797500,B,2,0.013399,2025-01-01,B,2,0.010321,2025-05-01,60,1504.69,0,0,60,15,,,,,0,0.77028136428091648630,0,0
F0000262,C000158,2025-12-31,2024-11-27,2027-11-27,term_loan,10156.53,9121.6,1034.93,0.1296,36,0,senior_secured,KZT,annuity,services,Kostanay,micro,LLP,private,12.6,6,0,0,0,1.8144560886335468,1.40613597928949532624,0.80876361063167979737,0.33484400696970623300,5.3936413270411017,1.2158794552303680,0.08510732454773596004,0.06376914162991566477,0.17323014068604072833,0.76515712309703181378,0.41401962522544554153,0.09965063549390754974,real_estate,15672.61,11754.4575,1.7181865023680056,1.2886398767760042,B,2,0.014146,2025-01-01,B,2,0.010321,2025-12-01,120,3312.69,0,0,120,120,2025-07-22,90dpd,90,1,1,0.72960554220274282483,0,1
F0000263,C000159,2025-12-31,2023-08-08,2025-02-08,trade_finance,55856.78,29465.43,26391.36,0.1257,18,1,subordinated,KZT,amortizing,trade,Karaganda,micro,IE,private,13.9,7,0,0,0,0.92774138452007760611,0.77767739331201459723,1.6487914220434148,0.46772585994168821269,3.4876019800500726,1.8148630163391351,0.16169545373145359122,0.15595091117716338842,0.11584330199689709004,0.10947535208559275754,0.28367800419656259087,-0.09365673588450530475,equipment,39809.35,23885.610,1.3510527421456262,0.81063164528737574846,C,3,0.025335,2025-01-01,C,3,0.016719,2025-02-01,0,2583.77,0,0,30,30,,,,,0,0.65991711071640023683,0,0
F0000264,C000160,2025-12-31,2022-08-27,2024-08-27,credit_line,157373.61,128696.75,28676.87,0.1687,24,1,senior_secured,KZT,annuity,manufacturing,Shymkent,small,LLP,state_related,7.2,28,0,1,0,0.86967709508567447355,0.62617140830114090222,1.8878884011738088,0.40757935526082553318,31.1864109916399425,0.23360409561769644253,0.01065225233509466081,-0.04625254689971577332,0.03271083739242443365,0.34024921710591874411,0.21589165705314466862,,none,0.0,0.00,0.000000000000000000000000,0.000000000000000000000000,D,4,0.053722,2025-01-01,D,4,0.048973,2024-08-01,0,8165.99,0,0,15,15,,,,,0,0.91160046163582889691,0,0
F0000265,C000160,2025-12-31,2024-09-04,2027-09-04,overdraft,31395.57,25599.82,5795.75,0.1627,36,1,senior_unsecured,KZT,bullet,manufacturing,Shymkent,small,LLP,state_related,7.2,28,0,1,0,1.7158196283304307,1.2126067809918376,13.9975414093582219,0.77712363956160078976,58.8094393821418801,0.14388251769425835510,0.01620989693024415955,-0.06203455475589520340,0.01849892062836596348,0.27267448554198264806,0.05551858121613025448,-0.04932168745003453711,none,0.0,0.00,0.000000000000000000000000,0.000000000000000000000000,E,5,0.078557,2025-01-01,D,4,0.048973,2025-12-01,0,1379.1,0,0,0,0,,,,,0,0.62340720750537826037,-1,0
F0000266,C000161,2025-12-31,2022-07-10,2024-07-10,overdraft,181039.77,158413.91,22625.87,0.1363,24,1,senior_secured,KZT,bullet,construction,Aktobe,medium,IE,private,2.1,184,0,0,0,2.8643526991788277,2.5513484209381587,0.59671023516209383316,0.24843550218767297031,3.7989397347192461,1.8943295214018822,0.05019949544870500890,-0.02470060030284940578,0.26960538196815346680,0.81910252215056775208,0.41634194881907213796,,none,0.0,0.00,0.000000000000000000000000,0.000000000000000000000000,C,3,0.028619,2025-01-01,C,3,0.016826,2024-07-01,0,13889.74,0,0,60,60,,,,,0,0.58793109472727908033,0,0
F0000267,C000161,2025-12-31,2022-08-10,2025-08-10,term_loan,444710.45,366432.71,78277.74,0.15,36,0,senior_secured,KZT,bullet,construction,Aktobe,medium,IE,private,2.1,184,0,0,0,2.8643526991788277,2.5513484209381587,0.59671023516209383316,0.24843550218767297031,3.7989397347192461,1.8943295214018822,0.05019949544870500890,-0.02470060030284940578,0.26960538196815346680,0.81910252215056775208,0.41634194881907213796,,none,0.0,0.00,0.000000000000000000000000,0.000000000000000000000000,C,3,0.028619,2025-01-01,C,3,0.016826,2025-08-01,5,40107.7,0,0,60,60,,,,,0,0.58793109472727908033,0,0
F0000268,C000162,2025-12-31,2024-04-01,2025-04-01,leasing,429414.11,366463.4,62950.71,0.1416,12,0,senior_secured,KZT,bullet,services,Karaganda,medium,IE,private,10.1,197,0,0,0,0.47348600660810425099,0.37038344133668387582,7.5165738415143663,0.37582868527820381923,67.8885196626868164,0.15122181701243931757,0.00483851350732439684,-0.04134832460864534207,0.00915600153623393739,0.11436030943226408618,0.04999999909566317862,0.46689698895288338120,guarantee,512180.56,358526.392,1.3976308684578051,0.97834160792046354424,D,4,0.047685,2025-01-01,D,4,0.035419,2025-04-01,0,29890.59,0,0,60,60,,,,,0,0.74277026318548809898,0,0
F0000269,C000163,2025-12-31,2024-02-10,2027-02-10,term_loan,217765.09,208577.72,9187.37,0.1442,36,0,senior_secured,KZT,amortizing,trade,Kostanay,medium,IE,foreign_owned,16.2,133,0,0,0,2.7370954863845469,2.4653773516444867,0.21667285311046459604,0.13089749791506188406,1.5100426942913161,6.1132852741851309,0.10506978665934676214,0.07598294156894689539,0.36858318362354445599,1.6120197685136283,0.60412504859723915024,-0.19159598351173507078,none,0.0,0.00,0.000000000000000000000000,0.000000000000000000000000,B,2,0.0107,2025-01-01,B,2,0.014153,2025-12-01,0,15195.64,0,0,30,15,,,,,0,1.3227102803738318,0,0
F0000270,C000164,2025-12-31,2022-06-06,2027-06-06,term_loan,616999.04,615655.17,1343.87,0.1207,60,0,senior_secured,KZT,amortizing,construction,Aktobe,large,IE,private,16.2,990,0,0,0,1.0318905316213365,0.90205569061373755149,3.0029142721414293,0.57942336181903473781,10.3820309397144282,1.1310453265800924,0.08052994009263168780,0.00819959525175767829,0.03646368777527740036,0.21603858871570636256,0.19295368076086903379,,none,0.0,0.00,0.000000000000000000000000,0.000000000000000000000000,C,3,0.019404,2025-01-01,C,3,0.01683,2025-12-01,0,50022.14,0,0,60,60,,,,,0,0.86734693877551020408,0,0
F0000271,C000165,2025-12-31,2024-05-17,2025-05-17,credit_line,1720798.54,816769.59,904028.95,0.1159,12,1,senior_unsecured,KZT,amortizing,transport,Aktobe,large,LLP,private,16.0,969,0,0,0,2.1512875068237505,1.9859740072983325,0.82846732204665628034,0.32821210891941451417,4.6619714449140580,3.8002446267235781,0.11244256152362052088,0.06994909535388160803,0.17863411427647445067,1.1717975763489555,0.39616783931633551673,-0.20558782884639936619,equipment,971350.31,582810.186,1.1892586622868758,0.71355519737212547299,B,2,0.010332,2025-01-01,B,2,0.008006,2025-05-01,0,39878.21,0,0,15,15,,,,,0,0.77487417731320170345,0,0
F0000272,C000166,2025-12-31,2022-03-03,2023-09-03,working_capital,3051582.72,2951407.37,100175.35,0.0962,18,0,senior_secured,KZT,amortizing,services,Almaty,large,JSC,private,6.5,653,1,0,0,3.9157903240316249,3.1894028002368345,0.23715221557179712818,0.17258416040289053495,1.2246435106731063,6.1402880150681560,0.12948784918843847276,0.08142002016547732466,0.55021614975431929307,2.0144511037456072,0.72773581299577272347,,equipment,6738087.5,4042852.50,2.2830082924133919,1.3698049754480352,A,1,0.003295,2025-01-01,A,1,0.004703,2023-09-01,0,227792.09,0,0,30,30,,,,,0,1.4273141122913505,0,0
F0000273,C000167,2025-12-31,2024-07-17,2025-07-17,credit_line,25204.43,15140.11,10064.32,0.0948,12,1,senior_secured,KZT,annuity,transport,Almaty,micro,LLP,private,18.3,6,0,0,0,3.0891072640349400,2.2252733515992918,0.37567132111042143157,0.19556964302446144099,1.9189737945512451,9.4721886930786907,0.14124696479778740225,0.07324910230544707135,0.49460121389680155557,0.25397947155218471645,0.52058709844123945869,0.10526404206777422111,equipment,26508.39,15905.034,1.7508716911568014,1.05052301469408082240,B,2,0.007858,2025-01-01,B,2,0.010022,2025-07-01,0,1969.92,0,0,30,30,,,,,0,1.2753881394756936,0,0
F0000274,C000167,2025-12-31,2025-05-12,2028-05-12,leasing,16214.87,16207.34,7.53,0.1405,36,0,senior_unsecured,KZT,annuity,transport,Almaty,micro,LLP,private,18.3,6,0,0,0,3.6980539798485878,3.4614218352340424,0.52997858603736807641,0.31481875566098179437,2.5398284031340423,5.9483862714280493,0.16617360088393439436,0.12116174759817417433,0.18068861569205719795,1.18345782730747010814,0.59402165286501660250,0.30574185861837435289,real_estate,31017.77,23263.3275,1.9138100391550989,1.4353575293663241,B,2,0.010022,2025-01-01,B,2,0.010022,2025-12-01,30,2048.25,0,0,30,30,,,,,0,1.00000000000000000000,0,0
F0000275,C000168,2025-12-31,2025-06-01,2028-06-01,trade_finance,42077.11,24662.23,17414.89,0.1537,36,1,senior_secured,KZT,bullet,real_estate,Karaganda,micro,LLP,private,22.0,14,0,0,0,1.12533729940543749282,1.06800423742096508307,3.1104424225640613,0.40132583848005653078,6.9214901212849387,1.0592519029408976,0.04509828925227797288,-0.04942983528874023672,0.08125102171625783095,0.41702885974230152910,0.12902532307581752055,-0.11028386276812877263,real_estate,38548.27,28911.2025,1.5630488402711353,1.17228663020335144064,C,3,0.026839,2025-01-01,C,3,0.026839,2025-12-01,0,2608.07,0,0,60,60,,,,,0,1.00000000000000000000,0,0
F0000276,C000168,2025-12-31,2024-09-04,2027-09-04,credit_line,58206.8,34732.38,23474.42,0.1349,36,1,senior_secured,KZT,annuity,real_estate,Karaganda,micro,LLP,private,22.0,14,0,0,0,0.89499344835765433385,0.65722753661811706314,0.68063277716395789357,0.28187096480835316424,4.0604121182846899,1.7030153466491864,0.10066483305409212349,0.04398257409607601292,0.26502088219118701012,0.56064354954404336076,0.41413075341867228096,0.17128963416113995589,real_estate,52867.49,39650.6175,1.5221384195381946,1.14160381465364596380,C,3,0.016076,2025-01-01,C,3,0.026839,2025-12-01,0,1755.12,0,0,60,60,,,,,0,1.6695073401343618,0,0
F0000277,C000168,2025-12-31,2024-01-30,2026-01-30,term_loan,64597.46,53219.52,11377.94,0.1286,24,0,senior_unsecured,KZT,amortizing,real_estate,Karaganda,micro,LLP,private,22.0,14,0,0,0,0.89499344835765433385,0.65722753661811706314,0.68063277716395789357,0.28187096480835316424,4.0604121182846899,1.7030153466491864,0.10066483305409212349,0.04398257409607601292,0.26502088219118701012,0.56064354954404336076,0.41413075341867228096,0.17128963416113995589,none,0.0,0.00,0.000000000000000000000000,0.000000000000000000000000,C,3,0.016076,2025-01-01,C,3,0.026839,2025-12-01,0,1999.37,0,0,15,15,,,,,0,1.6695073401343618,0,0
F0000278,C000169,2025-12-31,2023-06-30,2028-06-30,term_loan,252667.13,239055.27,13611.86,0.1162,60,0,senior_secured,KZT,annuity,energy,Other,small,IE,private,18.0,34,1,0,0,1.8127514685589002,1.1805843464130097,0.56999944470674006457,0.31447061496847027777,1.02881969701154928626,7.0648894454281004,0.24123421329157047011,0.16365299125397241719,0.80293469953725050467,0.28954115840970674460,0.55170337074672550366,0.18890853965468329390,equipment,370638.38,222383.028,1.5504296558699584,0.93025779352197506459,A,1,0.003771,2025-01-01,A,1,0.004168,2025-12-01,0,15417.44,0,0,30,5,,,,,0,1.1052771148236542,0,0
F0000279,C000169,2025-12-31,2022-08-05,2023-08-05,trade_finance,89570.27,50915.84,38654.42,0.0949,12,1,senior_secured,KZT,bullet,energy,Other,small,IE,private,18.0,34,1,0,0,11.1942015467723757,8.6460878507048497,0.05449378383826653085,0.04908293855849245085,0.36234127827585883963,18.0454473499563603,0.23204601882737936036,0.17304288674416702764,2.6861414692636996,3.8023122886351476,0.90070711008372875050,,none,0.0,0.00,0.000000000000000000000000,0.000000000000000000000000,B,2,0.005604,2025-01-01,A,1,0.004168,2023-08-01,0,4221.76,0,0,60,60,,,,,0,0.74375446109921484654,-1,0
F0000280,C000170,2025-12-31,2025-05-04,2027-05-04,term_loan,133147.55,131097.52,2050.03,0.1581,24,0,senior_unsecured,KZT,amortizing,construction,Other,small,IE,foreign_owned,25.5,37,0,0,0,1.1079311889139492,1.0131207731626547,6.5131608548498436,0.32565801767394660343,7.0385033479680204,1.04741790838326157680,0.06680694659343118981,-0.01494448047926551301,0.12885000077118056280,0.58622499883770323381,0.04999999615109374177,1.3929055031337445,none,0.0,0.00,0.000000000000000000000000,0.000000000000000000000000,D,4,0.058187,2025-01-01,D,4,0.058187,2025-12-01,0,5690.19,1,0,15,15,,,,,0,1.00000000000000000000,0,0
F0000281,C000171,2025-12-31,2025-01-12,2028-01-12,credit_line,5202.86,2902.84,2300.02,0.1001,36,1,senior_unsecured,KZT,annuity,energy,Atyrau,micro,LLP,private,23.5,7,1,0,1,3.3511219639354989,2.5548783474781617,0.44588904262484249062,0.24012886621038528003,3.0629800338862596,6.5125334549674338,0.12639803073744107568,0.07037187041537895325,0.18195008998490836066,1.7715222635777904,0.53853950928420194670,0.25159556518504384841,none,0.0,0.00,0.00000000000000000000,0.00000000000000000000,A,1,0.00378,2025-01-01,A,1,0.00378,2025-12-01,0,140.0,0,0,15,15,,,,,0,1.00000000000000000000,0,0
F0000282,C000172,2025-12-31,2023-07-21,2025-01-21,term_loan,2603821.35,2579499.82,24321.54,0.093,18,0,senior_unsecured,KZT,bullet,transport,Atyrau,medium,LLP,private,23.8,103,0,0,0,3.5190246215632426,3.1844425476726792,0.35597169761835563090,0.23595160437813521590,2.4082071422565875,3.7751641429289429,0.12099756808896164274,0.05878167142796656049,0.25368453163769269527,1.3821297209176385,0.66283810189624582208,0.36825513302425555013,none,0.0,0.00,0.000000000000000000000000,0.000000000000000000000000,B,2,0.007711,2025-01-01,B,2,0.006551,2025-01-01,0,243510.78,0,0,30,30,,,,,0,0.84956555569964985086,0,0
F0000283,C000173,2025-12-31,2023-04-04,2026-04-04,working_capital,257872.03,249738.32,8133.71,0.1185,36,0,senior_unsecured,KZT,bullet,services,Karaganda,small,LLP,private,7.5,21,0,0,0,2.2361260377945583,1.5818484922763667,1.2235447062388498,0.40198732389651605198,20.8346771821199938,0.73008705879344949695,0.02577608866711638606,-0.05934299264155441510,0.02986344411184884865,0.24822686149299644854,0.32854322514476522511,-0.03307398032728757432,receivables,267947.67,147371.2185,1.0729137202492593,0.59010254613709261758,C,3,0.029918,2025-01-01,C,3,0.022255,2025-12-01,0,23796.99,1,0,30,30,,,,,0,0.74386656862089711879,0,0
F0000284,C000174,2025-12-31,2022-11-26,2023-11-26,credit_line,507922.69,401971.25,105951.44,0.1299,12,1,senior_unsecured,KZT,amortizing,trade,Astana,small,LLP,private,8.7,44,1,0,0,2.3112672873941186,1.8495261850234362,0.43654783196487541736,0.25282021080744916541,1.6886537972510074,4.0432532708257297,0.16647033853740907662,0.11556817984290904102,0.39428794741536594406,0.75191305925490603958,0.57913518816373608101,,none,0.0,0.00,0.000000000000000000000000,0.000000000000000000000000,A,1,0.004499,2025-01-01,B,2,0.005089,2023-11-01,0,10530.32,0,0,15,15,,,,,0,1.1311402533896421,1,0
F0000285,C000175,2025-12-31,2022-04-30,2026-04-30,term_loan,12465.66,10683.25,1782.41,0.1244,48,0,senior_secured,KZT,amortizing,transport,Almaty,micro,LLP,private,9.3,6,0,0,0,1.6292884873274507,1.08581951498974226029,0.38138674610148204201,0.18802691084433354877,7.3160781093300209,2.1888792618504174,0.04373566141975159111,-0.01856222576430708907,0.05501116616242960836,0.24986414083243648523,0.49300850846636930220,,equipment,20697.26,12418.356,1.9373561416235696,1.16241368497414176398,B,2,0.007882,2025-01-01,B,2,0.007639,2025-12-01,15,1170.07,0,0,60,60,,,,,0,0.96917026135498604415,0,0
F0000286,C000176,2025-12-31,2024-12-20,2027-12-20,working_capital,16749.27,16021.58,727.7,0.1389,36,0,senior_secured,KZT,amortizing,services,Shymkent,micro,LLP,private,14.9,23,0,0,0,1.9897154883673270,1.8797781223866092,1.2520383627788046,0.39604117053377710528,5.7264289937065376,1.35023055400771854721,0.10734326187159341050,0.06566487099185729231,0.18598411038973233338,0.50692833838167990370,0.31631712119011563786,0.07265297830868906372,none,0.0,0.00,0.000000000000000000000000,0.000000000000000000000000,C,3,0.027234,2025-01-01,C,3,0.027687,2025-12-01,5,1663.4,0,0,60,60,,,,,0,1.0166336197400308,0,0
F0000287,C000177,2025-12-31,2024-01-12,2029-01-12,term_loan,20532.61,19703.35,829.26,0.1078,60,0,senior_unsecured,KZT,amortizing,transport,Shymkent,micro,LLP,private,8.8,5,1,0,0,2.9130134591687602,2.4880082531737465,0.35747893098723040078,0.23006726560583997734,1.5120661479766175,8.8989693648675506,0.20354934885179566706,0.15130461809940745906,0.42558191353197681166,0.21435777089558244400,0.64358272799595641299,0.55322280198943911128,equipment,33403.31,20041.986,1.6953112034247983,1.0171867220548790,A,1,0.00347,2025-01-01,A,1,0.004336,2025-12-01,0,1067.03,0,0,60,60,,,,,0,1.2495677233429395,0,0
F0000288,C000178,2025-12-31,2023-06-21,2026-06-21,term_loan,151624.8,130928.93,20695.87,0.1253,36,0,senior_secured,KZT,annuity,trade,Astana,medium,LLP,private,22.1,90,0,0,0,1.3320905011275934,0.95158634966218595957,1.5248252577683447,0.38441809095547210038,5.3328320882427413,1.8421895789936255,0.10757122650773382496,0.07735664601095187115,0.15542410429349256830,0.66707917865148460683,0.25210632431291603547,-0.04745301866988064734,equipment,160434.62,96260.772,1.2253565350301114,0.73521392101806682450,C,3,0.034412,2025-01-01,C,3,0.022674,2025-12-01,0,10474.84,0,0,30,5,,,,,0,0.65889805881669185168,0,0
F0000289,C000178,2025-12-31,2025-06-18,2030-06-18,credit_line,206376.39,176330.29,30046.11,0.1923,60,1,senior_secured,KZT,annuity,trade,Astana,medium,LLP,private,22.1,90,0,0,0,0.86627604126655004731,0.79657914634488653447,1.0134254439928696,0.28663927311567643981,8.8811998775629118,1.1532133480435274,0.05474742545013508974,0.00863637018635220727,0.06683537322373378368,0.50911854876378880463,0.28284199376949255737,0.55760097603837858594,none,0.0,0.00,0.000000000000000000000000,0.000000000000000000000000,C,3,0.022674,2025-01-01,C,3,0.022674,2025-12-01,0,6622.72,0,0,0,0,,,,,0,1.00000000000000000000,0,0
F0000290,C000178,2025-12-31,2023-05-22,2028-05-22,overdraft,78640.96,50854.57,27786.39,0.149,60,1,senior_secured,KZT,bullet,trade,Astana,medium,LLP,private,22.1,90,0,0,0,1.3320905011275934,0.95158634966218595957,1.5248252577683447,0.38441809095547210038,5.3328320882427413,1.8421895789936255,0.10757122650773382496,0.07735664601095187115,0.15542410429349256830,0.66707917865148460683,0.25210632431291603547,-0.04745301866988064734,equipment,119507.32,71704.392,2.3499819190291059,1.4099891514174636,C,3,0.034412,2025-01-01,C,3,0.022674,2025-12-01,120,9880.96,0,0,180,30,2025-06-23,90dpd,90,0,1,0.65889805881669185168,0,0
F0000291,C000178,2025-12-31,2023-05-16,2026-05-16,overdraft,271851.81,124810.71,147041.11,0.1325,36,1,senior_secured,KZT,bullet,trade,Astana,medium,LLP,private,22.1,90,0,0,0,1.3320905011275934,0.95158634966218595957,1.5248252577683447,0.38441809095547210038,5.3328320882427413,1.8421895789936255,0.10757122650773382496,0.07735664601095187115,0.15542410429349256830,0.66707917865148460683,0.25210632431291603547,-0.04745301866988064734,real_estate,282746.96,212060.2200,2.2654062299621563,1.6990546724716172,C,3,0.034412,2025-01-01,C,3,0.022674,2025-12-01,5,9486.53,0,0,30,15,,,,,0,0.65889805881669185168,0,0
F0000292,C000179,2025-12-31,2022-03-29,2024-03-29,credit_line,90624.87,75228.59,15396.28,0.1189,24,1,senior_secured,KZT,annuity,transport,Shymkent,small,JSC,private,4.4,42,0,0,0,0.54229745357515198147,0.40899888946220541267,2.8834811271608701,0.45143273298132954982,5.2400633952695054,1.19863410242567314275,0.13356476234795821773,0.10213241811861076142,0.13383552717640824247,0.15477485199470872967,0.15655824091549325811,,none,0.0,0.00,0.000000000000000000000000,0.000000000000000000000000,C,3,0.015926,2025-01-01,C,3,0.016646,2024-03-01,0,8223.93,0,0,60,60,,,,,0,1.0452090920507346,0,0
F0000293,C000179,2025-12-31,2025-02-27,2028-02-27,working_capital,75902.05,61819.4,14082.65,0.125,36,0,senior_secured,USD,bullet,transport,Shymkent,small,JSC,private,4.4,42,0,0,0,2.1672486793480873,2.0010943719315631,4.6377967682012586,0.65486244877793664430,10.1504695889207048,0.72947710831119123672,0.10764328185676586664,0.09616590438270374710,0.07946873716310556599,0.75492319388028021486,0.14120119563409008080,0.57128795445390572935,real_estate,94279.66,70709.7450,1.5250820939705012,1.1438115704778759,C,3,0.016646,2025-01-01,C,3,0.016646,2025-12-01,0,4232.19,0,0,0,0,,,,,0,1.00000000000000000000,0,0
F0000294,C000180,2025-12-31,2025-06-14,2026-12-14,overdraft,97003.45,34965.25,62038.21,0.1253,18,1,senior_secured,EUR,amortizing,energy,Almaty,medium,LLP,private,14.0,239,1,0,0,1.1905094170724228,0.89318480892906497553,2.2416815478098722,0.47644984715175577374,4.9173971311512884,4.0622396688895890,0.13069773307311831132,0.07461793287685495443,0.15403816130224977394,0.26692894596655291836,0.21254127180430615672,-0.29826122180134860741,none,0.0,0.00,0.000000000000000000000000,0.000000000000000000000000,C,3,0.015596,2025-01-01,C,3,0.015596,2025-12-01,15,4018.86,0,0,30,30,,,,,0,1.00000000000000000000,0,0
F0000295,C000180,2025-12-31,2022-02-17,2023-02-17,working_capital,438850.32,353037.66,85812.66,0.1504,12,0,senior_secured,KZT,bullet,energy,Almaty,medium,LLP,private,14.0,239,1,0,0,2.5359430026305630,1.9164882018886898,1.5228421176989195,0.49393910812627930101,5.8845554582409710,3.3812714897252825,0.10942916661079857722,0.08572519956607461250,0.08598446100693665051,0.87726095822729796320,0.32435345882910221292,,receivables,396418.4,218030.120,1.1228785053696538,0.61758317795330957043,C,3,0.025285,2025-01-01,C,3,0.015596,2023-02-01,90,194398.05,0,0,360,360,2022-07-17,restructuring,150,1,1,0.61680838441763891635,0,1
F0000296,C000181,2025-12-31,2023-03-28,2025-03-28,term_loan,173764.68,143069.23,30695.44,0.1133,24,0,senior_secured,KZT,bullet,services,Aktobe,small,IE,private,3.5,36,0,0,0,2.4786989722232058,1.7531546685309817,0.74884523077403272768,0.38778928395353475432,2.5183696468706140,3.4222972621197070,0.16887365752543368975,0.11067622290343061748,0.42504484952078155659,0.45013919757959497080,0.51784970781305788975,0.06496221040990308707,real_estate,298605.06,223953.7950,2.0871368357822293,1.5653526268366720,B,2,0.008975,2025-01-01,B,2,0.008544,2025-03-01,0,10893.47,0,0,60,15,,,,,0,0.95197771587743732591,0,0
F0000297,C000181,2025-12-31,2024-11-21,2025-11-21,term_loan,126236.95,108657.08,17579.88,0.1094,12,0,senior_secured,KZT,amortizing,services,Aktobe,small,IE,private,3.5,36,0,0,0,2.0509894053051641,1.4842997732887061,0.39271536545300918596,0.19711839963671811454,2.7496014529503964,4.8330162335950601,0.11998728397441382075,0.04465211166716932811,0.27391159090434528408,0.56969797680803872980,0.50193706938188173854,0.11877349810581625470,real_estate,248960.34,186720.2550,2.2912482095046176,1.7184361571284632,A,1,0.004221,2025-01-01,B,2,0.008544,2025-11-01,0,11092.93,0,0,30,30,,,,,0,2.0241648898365316,1,0
F0000298,C000182,2025-12-31,2023-06-06,2028-06-06,leasing,72111.87,58556.77,13555.1,0.128,60,0,senior_secured,KZT,amortizing,construction,Other,small,LLP,private,22.3,43,0,0,0,1.7677541595545462,1.6038457893271382,1.7582625561332954,0.43362521800629828073,18.6571552044609665,0.41398969681218314735,0.03798041742384829238,0.00831192257896635306,0.05783000123685566881,0.92047293879505161848,0.24662142550536393909,0.01481194956364312201,real_estate,36038.66,27028.9950,0.61544822229778042744,0.46158616672333532058,C,3,0.021633,2025-01-01,C,3,0.017147,2025-12-01,0,4885.73,0,0,60,30,,,,,0,0.79263162760597235705,0,0
F0000299,C000182,2025-12-31,2024-05-15,2027-05-15,credit_line,130801.38,85315.17,45486.21,0.1333,36,1,senior_secured,KZT,bullet,construction,Other,small,LLP,private,22.3,43,0,0,0,1.00725971444233076363,0.66433829924288916868,1.1671351480876620,0.42481843907718510391,6.6282014063742380,0.99100156526635383228,0.09940608167767852186,0.03334242225712839175,0.15623901044222956710,0.07197476402252711734,0.36398393088687749081,-0.14256484441494961471,none,0.0,0.00,0.000000000000000000000000,0.000000000000000000000000,C,3,0.030251,2025-01-01,C,3,0.017147,2025-12-01,0,4486.33,0,0,60,60,,,,,0,0.56682423721529866781,0,0
F0000300,C000183,2025-12-31,2023-09-30,2025-03-30,term_loan,68158.08,58318.9,9839.18,0.1696,18,0,senior_unsecured,KZT,amortizing,energy,Atyrau,small,LLP,private,14.1,18,0,0,0,2.8180004591768779,2.3722651292130299,1.6612036856285828,0.47291700101532889306,6.0409257987496130,1.2504130939807577,0.09465568071167324519,0.03978031514282740705,0.13743208088357215161,0.37113164943720471930,0.28468333239724413017,-0.03288827997937438456,none,0.0,0.00,0.000000000000000000000000,0.000000000000000000000000,C,3,0.027675,2025-01-01,C,3,0.020673,2025-03-01,0,3715.68,0,0,30,30,,,,,0,0.74699186991869918699,0,0
F0000301,C000184,2025-12-31,2024-02-25,2027-02-25,working_capital,188990.7,170453.8,18536.9,0.1277,36,0,subordinated,KZT,bullet,energy,Karaganda,medium,LLP,private,9.3,110,0,0,0,0.86969223965780870955,0.73481545273580510890,0.93434891067453357852,0.36699897360395813327,10.0519872015538105,1.1182870023625866,0.05336680519467030558,-0.01124362428071423901,0.08370405306811436349,0.32650632808981288992,0.39278578848988107640,0.45236518015401847828,real_estate,171705.06,128778.7950,1.00734075743691252410,0.75550556807768439307,C,3,0.018152,2025-01-01,C,3,0.015603,2025-12-01,0,9031.71,1,0,15,5,,,,,0,0.85957470251211987660,0,0
F0000302,C000184,2025-12-31,2024-05-07,2027-05-07,term_loan,79890.62,79152.63,737.99,0.1383,36,0,senior_secured,KZT,bullet,energy,Karaganda,medium,LLP,private,9.3,110,0,0,0,0.86969223965780870955,0.73481545273580510890,0.93434891067453357852,0.36699897360395813327,10.0519872015538105,1.1182870023625866,0.05336680519467030558,-0.01124362428071423901,0.08370405306811436349,0.32650632808981288992,0.39278578848988107640,0.45236518015401847828,real_estate,183078.3,137308.725,2.3129781031912648,1.7347335773934486,C,3,0.018152,2025-01-01,C,3,0.015603,2025-12-01,0,4990.24,1,0,5,5,,,,,0,0.85957470251211987660,0,0
F0000303,C000184,2025-12-31,2025-04-14,2027-04-14,overdraft,119401.97,63578.88,55823.08,0.1114,24,1,senior_secured,KZT,amortizing,energy,Karaganda,medium,LLP,private,9.3,110,0,0,0,2.1643039439636987,1.4230303879301500,1.6418780809597724,0.49533214089314921917,3.5051310076680556,2.7545891373996346,0.11169779287520529260,0.03181800945263147158,0.17836584464190717311,0.42142595293172481355,0.30168631071778425581,-0.13956580580475159532,inventory,38601.92,17370.8640,0.60715004731130840933,0.27321752129008878420,C,3,0.015603,2025-01-01,C,3,0.015603,2025-12-01,0,4493.92,1,0,0,0,,,,,0,1.00000000000000000000,0,0
F0000304,C000185,2025-12-31,2024-06-06,2025-06-06,overdraft,27565.89,14174.08,13391.81,0.1587,12,1,senior_secured,USD,annuity,construction,Karaganda,medium,LLP,private,14.1,96,0,0,0,0.93206455178576984168,0.78728558221770127020,3.1005094669378664,0.51795081079709605552,78.1769385336560225,0.09695396504143691286,0.00633257893228976804,-0.08412870615771294630,0.00854835427184710696,0.31180210460037597572,0.16705345244716702544,0.18407108439711781980,receivables,21439.56,11791.7580,1.5125891768636836,0.83192404727502596288,C,3,0.016432,2025-01-01,C,3,0.03403,2025-06-01,0,516.36,1,0,0,0,,,,,0,2.0709591041869523,0,0
F0000305,C000186,2025-12-31,2022-04-15,2023-10-15,overdraft,1513.0,1247.95,265.05,0.1501,18,1,senior_secured,KZT,annuity,real_estate,Shymkent,micro,IE,private,15.3,4,0,0,0,2.4898690525106185,2.2906093447589529,7.1503781823387655,0.35751976216211057267,260.1949207727371391,0.03955762774443385453,0.00121146587897279685,-0.07648196830203603578,0.00233666300164008549,0.44975332475332475332,0.05000011930070697599,,none,0.0,0.00,0.00000000000000000000,0.00000000000000000000,D,4,0.050175,2025-01-01,D,4,0.04175,2023-10-01,30,155.78,1,0,60,60,,,,,0,0.83208769307424015944,0,0
F0000306,C000186,2025-12-31,2024-08-11,2028-08-11,leasing,12456.36,10420.04,2036.31,0.1366,48,0,senior_unsecured,KZT,amortizing,real_estate,Shymkent,micro,IE,private,15.3,4,0,0,0,1.41804657534246575342,0.98565844748858447489,4.4844787943440251,0.58001022424630539164,8.4267996118660379,0.91879982829531737850,0.07978034910055205814,0.05774549129160068188,0.05169939084923340828,0.39780986901405749573,0.12933726545386583700,-0.12861537282801417209,none,0.0,0.00,0.000000000000000000000000,0.000000000000000000000000,D,4,0.039574,2025-01-01,D,4,0.04175,2025-12-01,30,1047.03,1,0,30,30,,,,,0,1.0549855966038308,0,0
F0000307,C000187,2025-12-31,2025-02-18,2026-02-18,overdraft,993893.69,680899.13,312994.56,0.1498,12,1,senior_unsecured,KZT,annuity,agriculture,Astana,large,LLP,private,22.0,625,0,0,0,1.1882931890140738,1.1266261512048223,5.8759509299575313,0.51678911810866490802,10.2826350415391568,0.93852603192003864588,0.05789466458793986158,0.00848991706209164444,0.08964539991560477109,0.35899743952219219269,0.08794986960730116681,0.08581670446770934334,none,0.0,0.00,0.000000000000000000000000,0.000000000000000000000000,C,3,0.021511,2025-01-01,C,3,0.021511,2025-12-01,0,53028.06,0,0,60,60,,,,,0,1.00000000000000000000,0,0
F0000308,C000187,2025-12-31,2022-01-10,2023-07-10,overdraft,1534791.27,926997.97,607793.3,0.1371,18,1,senior_secured,KZT,bullet,agriculture,Astana,large,LLP,private,22.0,625,0,0,0,2.2882949170451592,1.7247105279153152,2.1229043700468725,0.38600139626712593462,18.3611101026311632,0.49499427667077234922,0.03228828223135197257,-0.01601022364014789253,0.03545789715813880155,0.78536123552237876638,0.18182702985278760076,,receivables,990752.92,544914.1060,1.0687757169522173,0.58782664432371950070,C,3,0.016479,2025-01-01,C,3,0.021511,2023-07-01,0,87334.04,0,0,60,30,,,,,0,1.3053583348504157,0,0
F0000309,C000188,2025-12-31,2025-01-12,2026-07-12,credit_line,19365.31,11011.43,8353.88,0.1282,18,1,senior_secured,KZT,bullet,transport,Aktobe,micro,LLP,private,16.9,4,0,0,0,1.4589716848367435,0.95122865054053313107,1.4304200449841081,0.37252154730154341971,6.4572732669605754,1.6636470936812400,0.09090098424977428020,0.05153152407173563528,0.09294063247828725123,0.65487021241987470528,0.26042808097371294620,0.04364509907707545845,inventory,15381.78,6921.8010,1.39689213844160113627,0.62860146229872051132,C,3,0.018987,2025-01-01,C,3,0.018987,2025-12-01,0,1240.5,0,0,30,30,,,,,0,1.00000000000000000000,0,0
F0000310,C000189,2025-12-31,2022-09-28,2023-09-28,credit_line,828047.43,307246.84,520800.58,0.1424,12,1,senior_unsecured,KZT,annuity,agriculture,Aktobe,medium,IE,private,20.3,88,0,0,0,1.9349360057863774,1.2900078505038020,0.52315107059948413853,0.26186078474217295944,3.6072541631950832,2.3310416649010509,0.12032626522084224183,0.06492292129928711834,0.12963495079640975305,0.41350406123579272637,0.50054525252543977389,,equipment,293289.84,175973.904,0.95457398357620211814,0.57274439014572127088,C,3,0.016326,2025-01-01,B,2,0.013609,2023-09-01,60,20092.59,0,0,60,60,,,,,0,0.83357834129609212299,-1,0
F0000311,C000190,2025-12-31,2022-08-06,2025-08-06,credit_line,10688.04,8520.09,2167.96,0.134,36,1,senior_unsecured,KZT,amortizing,real_estate,Almaty,micro,IE,private,18.8,7,0,0,0,1.9214905377873879,1.5896466809206085,0.82986671077054934542,0.36189361536882383396,9.6574597560379359,0.68487645120322766382,0.06529040098208146676,-0.00515566298012393741,0.03794450443508878512,1.1543448111401874,0.43608643493218051484,,real_estate,12525.8,9394.350,1.4701487895080921,1.1026115921310690,C,3,0.024874,2025-01-01,C,3,0.017641,2025-08-01,0,652.96,0,0,60,30,,,,,0,0.70921444078153895634,0,0
F0000312,C000191,2025-12-31,2024-05-25,2026-05-25,term_loan,6984.79,5999.54,985.26,0.149,24,0,senior_unsecured,KZT,amortizing,energy,Karaganda,micro,LLP,private,9.6,6,1,0,0,0.87742172135623989155,0.66462682025189581889,10.5091588147780808,0.66537836596766787157,16.6655812438944969,0.78535756850521358572,0.03235107866080610660,-0.04167758200616718338,0.05717298178091382984,0.23787316447164942505,0.06331414128331626065,0.12946590227698297903,real_estate,6711.25,5033.4375,1.1186274281028212,0.83897057107711591222,D,4,0.049352,2025-01-01,D,4,0.041924,2025-12-01,0,376.57,0,0,30,30,,,,,0,0.84948938239585021884,0,0
F0000313,C000192,2025-12-31,2023-06-18,2024-06-18,overdraft,1554743.19,1085010.28,469732.91,0.12,12,1,senior_secured,KZT,amortizing,real_estate,Shymkent,medium,LLP,private,10.9,161,0,0,0,2.2767536588290990,1.6204449395631833,0.31419372348672850290,0.17907814412910959281,0.97968792077545036230,10.4436274624851592,0.14414599279156324061,0.09856022846824818221,1.0681384573049900,0.97960830683947501890,0.56996092137618346639,0.29720408568582274541,equipment,2381220.84,1428732.504,2.1946527916767756,1.3167916750060654,B,2,0.006745,2025-01-01,B,2,0.011803,2024-06-01,0,73483.05,0,0,15,15,,,,,0,1.7498888065233506,0,0
F0000314,C000193,2025-12-31,2024-04-14,2025-10-14,term_loan,86373.37,75266.37,11107.0,0.0973,18,0,senior_secured,KZT,amortizing,energy,Astana,micro,LLP,private,11.4,9,0,0,0,3.0866886162035891,2.4151022547447063,0.33752343379329126792,0.19595656269454322507,1.9626528551035097,8.4582803810825129,0.17778726337928711750,0.12438055489551860092,0.43481114694693594978,1.45329594344192709291,0.58057172650878063339,0.26403499245313900807,none,0.0,0.00,0.000000000000000000000000,0.000000000000000000000000,B,2,0.005363,2025-01-01,B,2,0.007201,2025-10-01,0,5629.86,0,0,30,5,,,,,0,1.3427186276337871,0,0
F0000315,C000194,2025-12-31,2022-04-12,2025-04-12,working_capital,119866.6,111997.88,7868.73,0.1043,36,0,senior_unsecured,KZT,bullet,energy,Atyrau,small,LLP,private,17.3,48,0,0,0,0.84730885754303240283,0.69743934849880740342,2.3878011771943995,0.34280321645871117442,5.7974398938389999,1.5198987099050794,0.05982741106144042233,0.02516373407085634351,0.10332975095186654500,0.67785478877535896905,0.14356438874927413413,,equipment,174711.49,104826.894,1.5599535455492550,0.93597212732955302368,C,3,0.016942,2025-01-01,C,3,0.022326,2025-04-01,0,11701.42,1,0,60,30,,,,,0,1.3177901074253335,0,0
F0000316,C000195,2025-12-31,2025-04-22,2026-04-22,credit_line,143331.56,135502.16,7829.4,0.092,12,1,senior_secured,KZT,annuity,trade,Aktobe,small,LLP,state_related,3.0,46,0,1,0,1.7220453758767174,1.2635963527244963,0.36435717905061712982,0.20710063683005689498,2.5263640215420773,6.0007020597813870,0.13369410918793705202,0.09919880384813762220,0.36272235259021967807,1.0760572708945374,0.56840004462018879592,0.11346213103728420662,real_estate,119748.93,89811.6975,0.88374185326639811498,0.66280638994979858624,B,2,0.013977,2025-01-01,B,2,0.013977,2025-12-01,5,7509.99,0,0,15,15,,,,,0,1.00000000000000000000,0,0
F0000317,C000196,2025-12-31,2024-08-06,2027-08-06,overdraft,8107.49,3656.48,4451.01,0.1363,36,1,senior_secured,KZT,amortizing,manufacturing,Atyrau,micro,LLP,foreign_owned,23.9,12,1,0,0,1.2964642702412781,0.88700674531069527348,1.9881621395420949,0.35558832078193873986,10.0658654879263773,0.83802809564843381419,0.05250600998355221289,0.01441118572609207982,0.08784186474211700228,0.62554301840445114419,0.17885277750225961490,-0.17637443868526976515,none,0.0,0.00,0.00000000000000000000,0.00000000000000000000,C,3,0.030324,2025-01-01,C,3,0.020474,2025-12-01,0,268.36,1,1,15,0,,,,,0,0.67517477905289539639,0,0
F0000318,C000196,2025-12-31,2024-02-15,2028-02-15,credit_line,42895.66,24310.13,18585.53,0.1397,48,1,senior_secured,KZT,bullet,manufacturing,Atyrau,micro,LLP,foreign_owned,23.9,12,1,0,0,1.2964642702412781,0.88700674531069527348,1.9881621395420949,0.35558832078193873986,10.0658654879263773,0.83802809564843381419,0.05250600998355221289,0.01441118572609207982,0.08784186474211700228,0.62554301840445114419,0.17885277750225961490,-0.17637443868526976515,real_estate,21869.21,16401.9075,0.89959247441292991852,0.67469435580969743889,C,3,0.030324,2025-01-01,C,3,0.020474,2025-12-01,0,1698.38,1,1,30,30,,,,,0,0.67517477905289539639,0,0
F0000319,C000197,2025-12-31,2023-05-14,2025-05-14,term_loan,1340839.89,1284642.66,56197.22,0.0929,24,0,senior_secured,KZT,annuity,services,Atyrau,medium,IE,private,17.8,140,1,0,0,2.8687945987602057,2.5888684659537852,0.36138315909002608562,0.23058235031049398785,2.0410815628605141,3.7939803803513919,0.18500098201755188159,0.13160410600878465718,0.50612844129917590413,0.33920337509908466036,0.63805505184886711649,0.12190834798239696986,real_estate,1825140.34,1368855.2550,1.4207377637607021,1.0655533228205266,B,2,0.005741,2025-01-01,A,1,0.003409,2025-05-01,5,82974.71,0,0,60,60,,,,,0,0.59379898972304476572,-1,0
F0000320,C000198,2025-12-31,2023-09-03,2026-09-03,credit_line,1226071.3,710789.6,515281.7,0.1369,36,1,senior_unsecured,KZT,amortizing,transport,Other,medium,LLP,foreign_owned,23.2,156,0,0,0,1.9440836678353763,1.4946139635000910,0.73929115207462307645,0.30233149632614706724,2.5128450776641988,4.2891747450297199,0.20247353251335114966,0.13228305740509983478,0.42172944724310884098,0.75984437823660717406,0.40894780828599734639,-0.05592000376866515957,receivables,1301391.5,715765.325,1.8309095968764878,1.00700027828206828012,B,2,0.012981,2025-01-01,B,2,0.013412,2025-12-01,0,58986.55,0,0,30,0,,,,,0,1.0332023726985594,0,0
F0000321,C000199,2025-12-31,2023-09-11,2025-09-11,term_loan,583523.31,510321.25,73202.06,0.1221,24,0,senior_secured,KZT,annuity,trade,Kostanay,medium,LLP,private,17.9,167,0,0,0,1.8272486710982172,1.2162472975973499,1.1564896486168407,0.32894167488155609546,4.3899580156826676,2.0227673098055633,0.09840840644428449304,0.04929465399548433116,0.23241342959639764274,0.28388048694686955353,0.28443114495228700617,-0.04270427342522386986,none,0.0,0.00,0.000000000000000000000000,0.000000000000000000000000,C,3,0.025247,2025-01-01,C,3,0.020804,2025-09-01,0,34072.9,0,0,30,15,,,,,0,0.82401869529052956787,0,0
F0000322,C000200,2025-12-31,2024-10-31,2027-10-31,working_capital,149962.09,144368.43,5593.66,0.1475,36,0,subordinated,USD,amortizing,trade,Aktobe,small,LLP,foreign_owned,2.9,37,0,0,0,0.77444104280867818739,0.60221051908098223578,3.0059446370547640,0.39903052624441759852,5.1611513686618527,1.3241035418294505,0.12065438687413274974,0.09588653219564264275,0.15441146271529696634,0.07804793375465583006,0.13274713091036474659,0.32395534140366792881,real_estate,307467.12,230600.3400,2.1297393065783149,1.5973044799337362,B,2,0.014234,2025-01-01,C,3,0.01878,2025-12-01,15,6985.37,0,0,30,30,,,,,0,1.3193761416327104,1,0
F0000323,C000201,2025-12-31,2024-10-30,2029-10-30,working_capital,124390.86,105970.49,18420.37,0.1257,60,0,senior_secured,KZT,amortizing,transport,Other,small,JSC,foreign_owned,17.2,30,0,0,0,1.3390373423913122,1.1614488913869855,3.1195541670826610,0.53777866850627996651,6.1848059083482101,1.2564013029237349,0.10773827766751531647,0.06694436466413380259,0.15626473503690630472,0.24528698407291894057,0.17238959149383799311,0.01622737752564330757,receivables,64793.74,35636.5570,0.61143191845201432965,0.33628755514860788131,C,3,0.020749,2025-01-01,C,3,0.016744,2025-12-01,0,13080.4,0,0,30,30,,,,,0,0.80697864957347342041,0,0
F0000324,C000202,2025-12-31,2024-03-18,2026-03-18,term_loan,21864.56,19089.6,2774.96,0.1268,24,0,senior_secured,KZT,amortizing,transport,Karaganda,micro,LLP,private,4.2,7,0,0,0,1.09743854035411857294,0.73687834633128421373,1.17560127867932001673,0.35445855531724402302,3.0698058653448988,6.4433321441312879,0.09768419044021507910,0.06928173806168114730,0.13173920760020431898,0.54040908627512766569,0.30151256360953063141,0.21076461005665087923,real_estate,21666.02,16249.5150,1.1349645880479423,0.85122344103595675132,C,3,0.024292,2025-01-01,C,3,0.026645,2025-12-01,90,4356.02,0,0,120,60,2025-08-15,90dpd,150,0,1,1.0968631648279269,0,0
F0000325,C000203,2025-12-31,2022-05-05,2023-05-05,leasing,21703.08,18349.26,3353.82,0.1114,12,0,senior_secured,USD,annuity,construction,Other,micro,IE,private,14.1,6,0,0,0,1.4754992650930721,0.97923965293874884355,2.2739672684373546,0.39629846574393636047,5.4019765089974035,2.5445434567364583,0.10220935034282353574,0.04334764396656996210,0.09648023078407284820,0.40159636556469953449,0.17427624013966934851,,none,0.0,0.00,0.000000000000000000000000,0.000000000000000000000000,C,3,0.017585,2025-01-01,C,3,0.026336,2023-05-01,0,829.17,0,0,5,5,,,,,0,1.4976400341199886,0,0
F0000326,C000204,2025-12-31,2024-05-17,2028-05-17,overdraft,7589.04,2668.41,4920.63,0.1382,48,1,senior_secured,KZT,annuity,construction,Kostanay,micro,IE,foreign_owned,9.2,9,0,0,0,1.2771780519650454,1.01038321891082575302,3.8538757011712296,0.53660982601204539348,8.7839913760889938,0.88249096164006091181,0.06082281565095395424,-0.01343966738480229851,0.09413400038264314651,0.57029712304669504981,0.13923900707253338586,0.15745780068411407778,none,0.0,0.00,0.00000000000000000000,0.00000000000000000000,C,3,0.026312,2025-01-01,C,3,0.017047,2025-12-01,5,172.37,0,0,60,60,,,,,0,0.64787929461842505321,0,0
F0000327,C000204,2025-12-31,2023-12-28,2027-12-28,working_capital,13788.51,12159.45,1629.06,0.1472,48,0,senior_unsecured,KZT,bullet,construction,Kostanay,micro,IE,foreign_owned,9.2,9,0,0,0,1.4410941280325086,1.2069786747845813,1.2938661918940182,0.37242889283553551217,5.3866950877140862,1.3397800500718439,0.09272245586899497761,0.05063256793451126199,0.17068854120793287626,0.20835050790367405152,0.28784189212824065977,0.02869877872141283331,none,0.0,0.00,0.000000000000000000000000,0.000000000000000000000000,C,3,0.017217,2025-01-01,C,3,0.017047,2025-12-01,120,6572.55,0,0,360,360,2024-09-09,writeoff,90,1,1,0.99012603821804030900,0,1
F0000328,C000205,2025-12-31,2022-03-07,2025-03-07,term_loan,1646357.49,1440623.32,205734.17,0.1148,36,0,senior_unsecured,KZT,annuity,construction,Atyrau,large,LLP,foreign_owned,15.0,581,0,0,0,1.1158121749036470,1.0121290825132567,2.0705067161710290,0.44771760156189971244,3.7803998530574494,1.8672242103452234,0.12316024708085722849,0.09754158521292906853,0.22607844544688240940,0.24446731968562200565,0.21623576396306513431,,none,0.0,0.00,0.000000000000000000000000,0.000000000000000000000000,B,2,0.012879,2025-01-01,C,3,0.020742,2025-03-01,0,73183.51,0,0,30,0,,,,,0,1.6105287677614722,1,0
F0000329,C000206,2025-12-31,2022-12-31,2026-12-31,credit_line,358443.98,308246.44,50197.54,0.1519,48,1,senior_secured,USD,amortizing,transport,Other,medium,LLP,foreign_owned,19.6,111,0,0,0,1.6285882135909916,1.4603243782072293,1.4194823072614355,0.40072635645772526695,3.5633322603043420,2.0693374719731027,0.11871747347915676266,0.08960948043376428028,0.23502574142265668880,0.32568209097098111553,0.28230457992170016980,-0.03221669361264444336,none,0.0,0.00,0.000000000000000000000000,0.000000000000000000000000,C,3,0.016785,2025-01-01,C,3,0.019815,2025-12-01,0,30159.13,0,0,30,30,,,,,0,1.1805183199285076,0,0
F0000330,C000207,2025-12-31,2023-06-23,2026-06-23,overdraft,31531.98,14499.57,17032.41,0.1084,36,1,senior_unsecured,KZT,annuity,trade,Aktobe,medium,LLP,private,7.7,111,0,0,0,1.1257132445927529,0.76588140563580921273,2.3031775775578673,0.43489504829095795621,4.4135225790515893,4.4938520246821312,0.07730790900574287851,0.04010221276729718618,0.08283608785248363801,0.08267759201889425210,0.18882393286934090788,-0.02560088831667941700,none,0.0,0.00,0.000000000000000000000000,0.000000000000000000000000,C,3,0.023708,2025-01-01,C,3,0.017764,2025-12-01,0,936.65,0,0,60,30,,,,,0,0.74928294246667791463,0,0
F0000331,C000208,2025-12-31,2023-10-24,2026-10-24,term_loan,55680.12,47929.94,7750.18,0.1054,36,0,senior_secured,USD,bullet,transport,Atyrau,small,LLP,private,2.7,23,1,0,0,3.6933465245155354,3.2245821831406544,0.69637987854149478040,0.30571815264657565791,1.7635223632693450,5.4166361769211819,0.19125485228631913245,0.17220079032415210412,0.31347439959298888563,3.4480378615068949,0.43901060623244157853,0.02182182099003719092,receivables,47838.29,26311.0595,0.99808783403442608107,0.54894830871893434459,A,1,0.004566,2025-01-01,B,2,0.005684,2025-12-01,15,2802.11,0,0,30,15,,,,,0,1.2448532632501095,1,0
F0000332,C000208,2025-12-31,2024-03-01,2025-03-01,overdraft,16976.38,15869.71,1106.67,0.0901,12,1,senior_secured,KZT,annuity,transport,Atyrau,small,LLP,private,2.7,23,1,0,0,6.4049624022259898,5.9918267586723252,0.17875730401961100358,0.14444872906799452181,1.5457861950418552,4.9763599654401332,0.14111601868869319866,0.10492936966473397038,0.62881929069272610054,1.3370965148412663,0.80807175885885716679,0.20371076732119722832,none,0.0,0.00,0.000000000000000000000000,0.000000000000000000000000,A,1,0.003769,2025-01-01,B,2,0.005684,2025-03-01,30,1515.91,0,0,30,30,,,,,0,1.5080923321836031,1,0
F0000333,C000208,2025-12-31,2024-12-24,2026-12-24,working_capital,50154.18,46172.79,3981.39,0.1007,24,0,subordinated,USD,amortizing,transport,Atyrau,small,LLP,private,2.7,23,1,0,0,6.4049624022259898,5.9918267586723252,0.17875730401961100358,0.14444872906799452181,1.5457861950418552,4.9763599654401332,0.14111601868869319866,0.10492936966473397038,0.62881929069272610054,1.3370965148412663,0.80807175885885716679,0.20371076732119722832,real_estate,65481.4,49111.050,1.4181815740396021,1.06363618052970158398,A,1,0.003769,2025-01-01,B,2,0.005684,2025-12-01,15,2430.77,0,0,15,15,,,,,0,1.5080923321836031,1,0
F0000334,C000209,2025-12-31,2022-04-02,2023-04-02,trade_finance,841977.31,343079.77,498897.54,0.1049,12,1,senior_unsecured,KZT,amortizing,agriculture,Shymkent,small,IE,state_related,19.7,49,0,1,0,4.3440709703672381,3.4382079456043834,0.49703828400421864022,0.28496862473335314108,1.9753275713796718,6.1061368559153235,0.20950062806004493725,0.18617160734861641311,0.23062675247029875720,1.4235463129083581,0.57333335057734597754,,none,0.0,0.00,0.000000000000000000000000,0.000000000000000000000000,B,2,0.008388,2025-01-01,B,2,0.009205,2023-04-01,0,19817.36,0,0,0,0,,,,,0,1.0974010491177873,0,0
F0000335,C000210,2025-12-31,2023-12-26,2028-12-26,credit_line,165954.07,63027.71,102926.35,0.1307,60,1,senior_unsecured,USD,amortizing,agriculture,Other,small,LLP,private,7.3,36,0,0,0,0.57669186316970224644,0.49006140695168820860,2.9234840228679226,0.48475456702842949103,12.9512110981586647,0.64722662944392116388,0.05471927746072654716,0.01437456566148279466,0.04895393134871975909,0.23798559624745333481,0.16581399564239375938,-0.03738313989397563684,none,0.0,0.00,0.000000000000000000000000,0.000000000000000000000000,C,3,0.034365,2025-01-01,C,3,0.026125,2025-12-01,0,5118.86,0,0,30,30,,,,,0,0.76022115524516222901,0,0
F0000336,C000211,2025-12-31,2023-03-06,2025-03-06,working_capital,175437.74,169275.73,6162.01,0.1132,24,0,senior_secured,KZT,bullet,services,Aktobe,small,JSC,private,19.7,26,0,0,0,2.8779420471775148,2.4561953810221764,0.58376279104707988133,0.26198299767076356943,1.7826862985765072,10.0438639387216014,0.14836234088075057210,0.11852064851775535447,0.60273220094309401530,0.19378851722568566824,0.44878331008533722124,0.00456253431343564417,equipment,447729.42,268637.652,2.6449711367364949,1.5869826820418970,B,2,0.007191,2025-01-01,B,2,0.006939,2025-03-01,0,13043.28,0,0,30,0,,,,,0,0.96495619524405506884,0,0
F0000337,C000212,2025-12-31,2024-11-12,2027-11-12,term_loan,208965.95,205653.3,3312.66,0.1363,36,0,senior_unsecured,EUR,bullet,transport,Kostanay,small,LLP,private,8.8,46,0,0,0,0.98112946818101164609,0.82566150432634401036,1.8198210279316770,0.49316643741232095065,-84.4492061705041587,-0.08177487857908058715,-0.00932146269157490370,-0.10139505669109080397,-0.01104212655017489002,0.08686261895727540077,0.27099721887092969860,0.08070849510532302936,none,0.0,0.00,0.000000000000000000000000,0.000000000000000000000000,C,3,0.022715,2025-01-01,C,3,0.030557,2025-12-01,0,13198.67,0,0,30,30,,,,,0,1.3452344265903588,0,0
F0000338,C000213,2025-12-31,2023-01-17,2024-07-17,term_loan,30240.68,28253.49,1987.19,0.1033,18,0,senior_secured,KZT,amortizing,services,Karaganda,micro,LLP,private,7.1,7,1,0,0,2.5793400327710478,2.3330836040575482,0.44210198202846210069,0.24732669080356272131,1.4875732368896926,6.6797707157446248,0.17011768127614828736,0.09664530057945723427,0.33821451162946954483,0.36130054253693496288,0.55943357156819999659,0.15366582562138559919,inventory,51272.1,23072.445,1.8147174030535697,0.81662283137410634934,A,1,0.004828,2025-01-01,A,1,0.003659,2024-07-01,0,2030.59,0,0,60,60,,,,,0,0.75787075393537696769,0,0
F0000339,C000213,2025-12-31,2022-12-30,2025-12-30,term_loan,8846.4,8260.51,585.89,0.1186,36,0,senior_secured,USD,annuity,services,Karaganda,micro,LLP,private,7.1,7,1,0,0,2.5488355895274494,2.3634109606981700,0.17008340292893478136,0.12794003996196252001,0.69950600795030231952,13.7747438146952251,0.17122143598189681328,0.10048600466840141128,1.4018063409420040,1.0184063835665415,0.75221942740303213527,,real_estate,11192.4,8394.300,1.3549284487277420,1.0161963365458065,B,2,0.005683,2025-01-01,A,1,0.003659,2025-12-01,0,693.09,0,0,60,5,,,,,0,0.64385007918352982580,-1,0
F0000340,C000213,2025-12-31,2022-10-31,2026-10-31,term_loan,32182.39,27436.75,4745.64,0.0937,48,0,senior_secured,KZT,amortizing,services,Karaganda,micro,LLP,private,7.1,7,1,0,0,2.5488355895274494,2.3634109606981700,0.17008340292893478136,0.12794003996196252001,0.69950600795030231952,13.7747438146952251,0.17122143598189681328,0.10048600466840141128,1.4018063409420040,1.0184063835665415,0.75221942740303213527,,guarantee,65588.56,45911.992,2.3905367800486574,1.6733757460340602,B,2,0.005683,2025-01-01,A,1,0.003659,2025-12-01,0,1965.93,0,0,30,30,,,,,0,0.64385007918352982580,-1,0
F0000341,C000214,2025-12-31,2024-04-09,2026-04-09,overdraft,3580.34,3274.69,305.65,0.1138,24,1,senior_unsecured,KZT,bullet,real_estate,Kostanay,micro,LLP,private,15.2,5,0,0,0,1.13920969060193277128,0.99307692077637266366,3.7240033039647577,0.49985836413813238380,6.9519526310920137,1.7851159291304627,0.08969478977913306900,0.03277678441149751868,0.08657114888973337927,0.22521379247985462300,0.13422607966162610535,0.04590435457662097198,none,0.0,0.00,0.00000000000000000000,0.00000000000000000000,C,3,0.015172,2025-01-01,C,3,0.019772,2025-12-01,0,288.85,0,0,30,15,,,,,0,1.3031900870023728,0,0
F0000342,C000215,2025-12-31,2023-03-09,2026-03-09,trade_finance,11706559.62,4831401.0,6875158.62,0.1255,36,1,senior_secured,EUR,annuity,energy,Almaty,large,LLP,private,8.3,858,0,0,0,4.5063032741716793,3.8558787651506470,0.53286286592424439572,0.23466363264792947929,1.8445929721561755,4.9982276113309362,0.20757588272036314436,0.14665662095443208973,0.46163313405524929227,1.4639305862869157,0.44038278449166871245,0.27963362270775008518,real_estate,8055765.44,6041824.0800,1.6673766967386893,1.2505325225540169,B,2,0.005917,2025-01-01,B,2,0.006534,2025-12-01,0,465062.52,0,0,60,30,,,,,0,1.1042758154470171,0,0
F0000343,C000216,2025-12-31,2023-01-18,2026-01-18,working_capital,23618.09,22749.02,869.07,0.1491,36,0,senior_unsecured,KZT,amortizing,real_estate,Almaty,small,LLP,private,19.5,29,0,0,0,1.4545123787061228,1.3197378649244082,1.4704240519193215,0.47382396585689585002,8.8848986041446246,1.04235907915401421443,0.09541472543742415580,0.01880827530075651898,0.12234264469397392049,0.17748600869238534472,0.32223627275303395611,-0.05232602442281149124,inventory,53142.71,23914.2195,2.3360439262878137,1.05121976682951617256,C,3,0.026668,2025-01-01,D,4,0.037981,2025-12-01,0,1520.77,0,0,60,30,,,,,0,1.4242162891855407,1,0
F0000344,C000216,2025-12-31,2023-11-04,2024-11-04,term_loan,59143.68,55903.38,3240.3,0.1251,12,0,senior_secured,USD,bullet,real_estate,Almaty,small,LLP,private,19.5,29,0,0,0,1.4545123787061228,1.3197378649244082,1.4704240519193215,0.47382396585689585002,8.8848986041446246,1.04235907915401421443,0.09541472543742415580,0.01880827530075651898,0.12234264469397392049,0.17748600869238534472,0.32223627275303395611,-0.05232602442281149124,real_estate,91517.82,68638.3650,1.6370713184068656,1.2278034888051492,C,3,0.026668,2025-01-01,D,4,0.037981,2024-11-01,0,4479.77,0,0,30,30,,,,,0,1.4242162891855407,1,0
F0000345,C000216,2025-12-31,2024-07-26,2025-07-26,credit_line,42259.35,26784.17,15475.18,0.1387,12,1,senior_secured,KZT,amortizing,real_estate,Almaty,small,LLP,private,19.5,29,0,0,0,1.9966831817931350,1.8439218645877659,1.00559640886627067465,0.32786914923204409941,5.8399644438496628,1.08216407095881543461,0.09484596399428592234,0.03252215756136107883,0.16695508625474225512,0.26208468158536961368,0.32604447106338643117,0.37035118986837652283,real_estate,44927.35,33695.5125,1.6773844401375887,1.2580383301031915,B,2,0.014635,2025-01-01,D,4,0.037981,2025-07-01,0,2074.92,0,0,30,30,,,,,0,2.5952169456781688,2,0
F0000346,C000216,2025-12-31,2024-12-02,2028-12-02,leasing,39530.36,32137.55,7392.81,0.1347,48,0,senior_secured,KZT,annuity,real_estate,Almaty,small,LLP,private,19.5,29,0,0,0,1.9966831817931350,1.8439218645877659,1.00559640886627067465,0.32786914923204409941,5.8399644438496628,1.08216407095881543461,0.09484596399428592234,0.03252215756136107883,0.16695508625474225512,0.26208468158536961368,0.32604447106338643117,0.37035118986837652283,real_estate,75550.67,56663.0025,2.3508534409125773,1.7631400806844330,B,2,0.014635,2025-01-01,D,4,0.037981,2025-12-01,0,2177.74,0,0,30,30,,,,,0,2.5952169456781688,2,0
F0000347,C000217,2025-12-31,2024-04-15,2027-04-15,term_loan,5962262.39,5223320.01,738942.38,0.1514,36,0,senior_secured,KZT,annuity,transport,Aktobe,large,LLP,private,24.1,520,0,0,0,2.6169729414223723,2.0547411676235385,0.32803106917475596319,0.17103274648363445905,0.97754680282551169594,8.3618408478752197,0.13784304549243181501,0.06079504433503531735,0.66936773334418300640,2.1750676727464256,0.52139191239997487312,0.51254640529926191285,real_estate,14820241.98,11115181.4850,2.8373222302341763,2.1279916726756322,A,1,0.00356,2025-01-01,B,2,0.006238,2025-12-01,0,347221.53,0,0,30,30,,,,,0,1.7522471910112360,1,0
F0000348,C000218,2025-12-31,2022-06-04,2025-06-04,working_capital,13528.56,13344.5,184.06,0.1296,36,0,senior_secured,KZT,bullet,agriculture,Atyrau,micro,LLP,state_related,23.7,8,0,1,0,0.96557522592041437335,0.82366661529933736145,1.3517477310679671,0.42649631240249950323,6.3745359419644479,2.0413068489764094,0.10558511396957204728,0.03665705649345731145,0.06004021631284602682,0.30295523336928350910,0.31551472408652770953,,real_estate,31124.54,23343.4050,2.3323871257821574,1.7492903443366181,C,3,0.017413,2025-01-01,C,3,0.022826,2025-06-01,0,1263.96,0,0,30,30,,,,,0,1.3108597025211049,0,0
F0000349,C000219,2025-12-31,2023-07-16,2025-01-16,working_capital,53621.68,52167.86,1453.82,0.1484,18,0,subordinated,KZT,bullet,construction,Kostanay,small,LLP,private,15.3,52,0,0,0,1.3102388438902371,1.2070862648580758,4.9120611085603339,0.64891117991227851156,9.3315741943790365,0.73833159473825762146,0.07742112698163553602,-0.00307509935028158957,0.07790502560834857961,0.36268240491841180605,0.13210568141780845583,0.06356797337697238616,none,0.0,0.00,0.000000000000000000000000,0.000000000000000000000000,C,3,0.02888,2025-01-01,C,3,0.016672,2025-01-01,0,3304.71,0,0,60,60,,,,,0,0.57728531855955678670,0,0
F0000350,C000219,2025-12-31,2024-05-18,2027-05-18,trade_finance,111717.27,94588.47,17128.81,0.1353,36,1,senior_secured,KZT,amortizing,construction,Kostanay,small,LLP,private,15.3,52,0,0,0,0.93596788614102858331,0.64155202034759971236,2.7817910489720791,0.58073771779418713318,4.8597065530772164,1.5141682319886488,0.14982100379735861560,0.07339658590946064634,0.19948856414254375585,0.14154429382823715042,0.20876396090525202244,0.03987884010985601404,inventory,139799.86,62909.9370,1.4779799271517977,0.66509096721830895457,C,3,0.022824,2025-01-01,C,3,0.016672,2025-12-01,60,7882.56,0,0,60,5,,,,,0,0.73045916579039607431,0,0
F0000351,C000220,2025-12-31,2025-05-19,2029-05-19,term_loan,3346.12,2710.02,636.1,0.1356,48,0,senior_unsecured,KZT,amortizing,transport,Karaganda,micro,LLP,private,4.3,8,0,0,0,1.8561084708452074,1.6002094674152318,0.63661488893985244187,0.27094499996548080125,4.0296027474861918,1.5672043458236923,0.08434927360594040600,0.03781083710770748804,0.16793293507456588535,0.71804287777751545836,0.42560267545215984246,-0.25741672251542512400,none,0.0,0.00,0.00000000000000000000,0.00000000000000000000,B,2,0.012787,2025-01-01,B,2,0.012787,2025-12-01,0,152.28,0,0,15,15,,,,,0,1.00000000000000000000,0,0
F0000352,C000220,2025-12-31,2023-05-14,2024-05-14,leasing,11966.19,10965.2,1001.0,0.1153,12,0,senior_secured,KZT,amortizing,transport,Karaganda,micro,LLP,private,4.3,8,0,0,0,2.1838664988291222,1.5463088632756919,0.63959108507304360000,0.29493577189805444708,2.4829029992391113,3.1180373600302426,0.10865100847653565382,0.05665143000941635411,0.16929746058018624489,0.28327076093040774654,0.46113177431854248282,-0.05381687837521301583,inventory,9522.71,4285.2195,0.86844836391493087221,0.39080176376171889250,C,3,0.021561,2025-01-01,B,2,0.012787,2024-05-01,5,370.91,0,0,15,15,,,,,0,0.59306154631046797458,-1,0
F0000353,C000220,2025-12-31,2025-01-18,2026-07-18,credit_line,15214.31,9276.84,5937.47,0.131,18,1,subordinated,KZT,amortizing,transport,Karaganda,micro,LLP,private,4.3,8,0,0,0,1.8561084708452074,1.6002094674152318,0.63661488893985244187,0.27094499996548080125,4.0296027474861918,1.5672043458236923,0.08434927360594040600,0.03781083710770748804,0.16793293507456588535,0.71804287777751545836,0.42560267545215984246,-0.25741672251542512400,real_estate,15388.79,11541.5925,1.6588396479835806,1.2441297359876855,B,2,0.012787,2025-01-01,B,2,0.012787,2025-12-01,0,643.31,0,0,30,30,,,,,0,1.00000000000000000000,0,0
F0000354,C000221,2025-12-31,2022-08-14,2024-08-14,term_loan,20665.89,19624.11,1041.78,0.1367,24,0,senior_unsecured,USD,bullet,construction,Atyrau,micro,IE,private,22.9,5,0,0,0,2.8932239460495283,2.2661731647995283,0.33712304193462699652,0.21601938359792967245,2.6261789743505036,7.4212561570865001,0.11080454965887874493,0.07302172883243735933,0.21006246872989779144,1.4913478863190274,0.64077312057423513606,,real_estate,19974.2,14980.650,1.01783978993187461750,0.76337984244890596312,C,3,0.017824,2025-01-01,B,2,0.011099,2024-08-01,0,1878.52,0,0,60,15,,,,,0,0.62269973070017953321,-1,0
F0000355,C000222,2025-12-31,2024-01-02,2027-01-02,term_loan,23263.38,22405.78,857.61,0.1222,36,0,senior_unsecured,USD,amortizing,energy,Aktobe,micro,LLP,foreign_owned,15.1,10,0,0,0,1.5812553114987306,1.4698281793835950,0.66883975225591675862,0.29841408148867887713,8.4541398038769666,1.1108607309255298,0.05548112071099702506,0.04542014214961530536,0.06507658551382527291,0.30675757366694632856,0.44616678431891009953,0.04087412633343188446,real_estate,64588.68,48441.5100,2.8826793800528257,2.1620095350396192,B,2,0.006458,2025-01-01,B,2,0.006569,2025-12-01,0,821.23,0,0,15,15,,,,,0,1.0171879838959430,0,0
F0000356,C000223,2025-12-31,2024-11-03,2027-11-03,overdraft,2719.01,1817.24,901.76,0.1337,36,1,senior_secured,KZT,annuity,real_estate,Other,micro,LLP,private,9.1,7,0,0,0,2.7922850417065289,2.4492975622963167,1.1406111006830813,0.37920719547433966872,9.2306549216124958,0.69347936233493732413,0.05734538797341818356,-0.00564700268100068599,0.08603568553796619265,0.81658968848403539430,0.33245967468424836867,-0.31562037031787007689,none,0.0,0.00,0.00000000000000000000,0.00000000000000000000,C,3,0.018227,2025-01-01,C,3,0.021805,2025-12-01,0,128.81,0,0,15,15,,,,,0,1.1963021890601854,0,0
F0000357,C000223,2025-12-31,2023-01-02,2024-07-02,working_capital,4109.92,3497.31,612.61,0.1374,18,0,senior_unsecured,KZT,annuity,real_estate,Other,micro,LLP,private,9.1,7,0,0,0,2.3811607002748148,1.5748156165629237,1.2250351225786979,0.41121404304808391913,16.6681156704256567,0.75836201516377994599,0.03976409428128703239,-0.00582668657117793288,0.04544631288574334397,0.56405673619271690368,0.33567530878827269435,0.06422002689856695566,none,0.0,0.00,0.00000000000000000000,0.00000000000000000000,C,3,0.020214,2025-01-01,C,3,0.021805,2024-07-01,0,291.44,0,0,30,30,,,,,0,1.0787078262590284,0,0
F0000358,C000224,2025-12-31,2024-03-24,2026-03-24,term_loan,435107.99,406899.77,28208.23,0.1322,24,0,senior_unsecured,KZT,amortizing,trade,Atyrau,medium,LLP,private,21.1,271,0,0,0,1.5689706939809157,1.4067087689224219,0.33333749577374545955,0.17898223716051216706,1.8162662528365394,3.6800035461597114,0.12913102603108579185,0.06940815735405934321,0.49230023861439386583,1.1563338563424185,0.53694000653919018305,-0.18747661641283138390,none,0.0,0.00,0.000000000000000000000000,0.000000000000000000000000,B,2,0.00957,2025-01-01,B,2,0.00651,2025-12-01,0,32562.88,0,0,30,15,,,,,0,0.68025078369905956113,0,0
F0000359,C000224,2025-12-31,2023-01-31,2026-01-31,leasing,651197.46,547510.55,103686.91,0.1225,36,0,senior_secured,KZT,amortizing,trade,Atyrau,medium,LLP,private,21.1,271,0,0,0,2.3689679253179000,2.1699860783071785,0.51517692484717551296,0.28426758872298465612,1.4004846175589384,5.9262711415556021,0.14820582636293379766,0.08643065304562640824,0.70986528813164610586,0.73742895831178732830,0.55178633788248788541,0.10578306218059490945,equipment,919798.01,551878.806,1.6799639933878900,1.0079783960327340,B,2,0.014261,2025-01-01,B,2,0.00651,2025-12-01,0,68798.45,0,0,60,30,,,,,0,0.45648972722810462099,0,0
F0000360,C000224,2025-12-31,2023-07-04,2025-07-04,term_loan,655627.45,632604.92,23022.53,0.1523,24,0,senior_unsecured,USD,bullet,trade,Atyrau,medium,LLP,private,21.1,271,0,0,0,2.3689679253179000,2.1699860783071785,0.51517692484717551296,0.28426758872298465612,1.4004846175589384,5.9262711415556021,0.14820582636293379766,0.08643065304562640824,0.70986528813164610586,0.73742895831178732830,0.55178633788248788541,0.10578306218059490945,real_estate,1015315.21,761486.4075,1.6049752031647177,1.2037314023735383,B,2,0.014261,2025-01-01,B,2,0.00651,2025-07-01,0,45750.93,0,0,30,30,,,,,0,0.45648972722810462099,0,0
F0000361,C000224,2025-12-31,2025-05-04,2028-05-04,credit_line,835212.38,302340.47,532871.91,0.139,36,1,senior_secured,USD,bullet,trade,Atyrau,medium,LLP,private,21.1,271,0,0,0,3.3379265916580045,2.9997122063843241,0.47184759402662604957,0.23060946169070305094,2.6660198439646567,5.3198313229634520,0.13747573343449196385,0.10608629807783392421,0.15347860219076720358,2.5669602563843796,0.48873717829679112574,0.23149605095060381330,receivables,274042.52,150723.3860,0.90640369779143361125,0.49852203378528848619,B,2,0.00651,2025-01-01,B,2,0.00651,2025-12-01,90,63434.19,0,0,90,90,2025-11-16,90dpd,90,0,1,1.00000000000000000000,0,1
F0000362,C000225,2025-12-31,2022-01-13,2025-01-13,term_loan,69263.31,68200.46,1062.85,0.134,36,0,senior_secured,KZT,bullet,real_estate,Karaganda,small,LLP,private,8.7,35,0,0,0,1.0267759120530018,0.67109850383424255852,1.2598239226814583,0.35567179381016975928,3.9782012340889673,4.2220523428365860,0.14003632276528552193,0.09885657972892704790,0.24019476220705174640,0.65385348363343156753,0.28231865374737769214,,equipment,60307.93,36184.758,0.88427453421868415550,0.53056472053121049330,C,3,0.017553,2025-01-01,C,3,0.019391,2025-01-01,5,4519.96,0,0,60,30,,,,,0,1.1047114453369794,0,0
F0000363,C000225,2025-12-31,2022-07-11,2025-07-11,credit_line,63937.77,52580.02,11357.75,0.1287,36,1,senior_unsecured,KZT,amortizing,real_estate,Karaganda,small,LLP,private,8.7,35,0,0,0,1.0267759120530018,0.67109850383424255852,1.2598239226814583,0.35567179381016975928,3.9782012340889673,4.2220523428365860,0.14003632276528552193,0.09885657972892704790,0.24019476220705174640,0.65385348363343156753,0.28231865374737769214,,equipment,41654.86,24992.916,0.79221841300174476921,0.47533104780104686153,C,3,0.017553,2025-01-01,C,3,0.019391,2025-07-01,90,10723.06,0,0,120,30,2025-02-23,restructuring,90,0,1,1.1047114453369794,0,0
F0000364,C000226,2025-12-31,2023-07-15,2028-07-15,working_capital,12829.1,12291.62,537.48,0.08,60,0,subordinated,KZT,annuity,trade,Other,small,LLP,private,18.7,16,1,0,0,3.7997189661755121,3.0063025066696085,0.31926759803834491118,0.21254635827370141896,1.2476819709919834,5.9350215997663228,0.26163075056996490788,0.21036921717138687722,0.45204404719122444357,1.8514848819439556,0.66573106566289893400,-0.04932186288094576791,real_estate,18580.12,13935.0900,1.51160872203989384638,1.13370654152992038478,A,1,0.004312,2025-01-01,B,2,0.005465,2025-12-01,0,1447.16,0,0,60,30,,,,,0,1.2673933209647495,1,0
F0000365,C000227,2025-12-31,2022-12-30,2024-12-30,term_loan,116042.34,111920.95,4121.38,0.1329,24,0,senior_secured,USD,annuity,services,Almaty,small,LLP,private,6.6,40,0,0,0,3.0235411507868821,2.1774733065909095,0.49717485303197242259,0.28026858368990074376,3.2098776979166690,2.6170340990559362,0.14509016882526563301,0.09960209917726644852,0.12905998002281646802,0.80940773871745002017,0.56372236443719967087,,none,0.0,0.00,0.000000000000000000000000,0.000000000000000000000000,A,1,0.004861,2025-01-01,A,1,0.004927,2024-12-01,0,8809.95,0,0,30,30,,,,,0,1.0135774531989303,0,0
F0000366,C000227,2025-12-31,2025-04-22,2028-04-22,term_loan,100485.86,100228.28,257.58,0.1091,36,0,senior_unsecured,USD,amortizing,services,Almaty,small,LLP,private,6.6,40,0,0,0,1.7745839588253427,1.4329182656704082,0.18009748642460145219,0.11432456058461717420,1.0992520611344189,5.9523278638106954,0.12469249876772118783,0.09139857151192458225,0.94722810243259262843,0.28088250108829072611,0.63479264954916302033,0.28030685654981335335,none,0.0,0.00,0.000000000000000000000000,0.000000000000000000000000,A,1,0.004927,2025-01-01,A,1,0.004927,2025-12-01,0,11824.08,0,0,30,30,,,,,0,1.00000000000000000000,0,0
F0000367,C000228,2025-12-31,2024-07-09,2029-07-09,leasing,321577.98,261824.81,59753.18,0.1167,60,0,senior_secured,USD,amortizing,trade,Other,small,IE,foreign_owned,12.1,69,0,0,0,2.0725597595792614,1.9143352636539536,0.55707720603489054188,0.29166757789597266658,3.1261202135514029,5.1676203111192546,0.15448721451169632895,0.08584478009215281069,0.34469493479657037487,0.27202867746710395525,0.52356760380123165400,-0.11780377357174842296,inventory,623623.42,280630.5390,2.3818347084831266,1.0718256188174070,B,2,0.006256,2025-01-01,B,2,0.008533,2025-12-01,30,25545.5,0,0,30,30,,,,,0,1.3639705882352941,0,0
F0000368,C000229,2025-12-31,2024-05-25,2025-11-25,credit_line,112999.05,106321.22,6677.82,0.1017,18,1,senior_unsecured,USD,amortizing,agriculture,Astana,small,LLP,private,12.9,61,1,0,0,2.3524508569009480,1.7708646752167578,0.88947648589021520462,0.37262390541794711258,4.2740009631302518,2.6939332912254377,0.10855778214794108775,0.08332822601967911595,0.24634321572825944819,0.24348981722216457881,0.41892496466054832179,-0.06656739616093098562,guarantee,212789.37,148952.559,2.0013819442628668,1.4009673609840068,C,3,0.019075,2025-01-01,B,2,0.01267,2025-11-01,5,6648.85,0,0,30,30,,,,,0,0.66422018348623853211,-1,0
F0000369,C000230,2025-12-31,2023-01-11,2024-07-11,term_loan,3561.4,3233.31,328.09,0.1626,18,0,senior_secured,KZT,bullet,services,Shymkent,micro,LLP,private,21.8,15,0,0,0,1.8657214435487154,1.2841541213712797,2.3716610510866014,0.38377022437725473744,12.1020538696610049,0.74541661063501183796,0.04931684935960862066,0.00185433920226208893,0.03933336465282345203,0.36704855689230422289,0.16181495420748525157,-0.16741403572332058575,equipment,4782.17,2869.302,1.4790323229136705,0.88741939374820230661,C,3,0.034363,2025-01-01,D,4,0.069193,2024-07-01,0,143.55,0,0,5,5,,,,,0,2.0135901987602945,1,0
F0000370,C000231,2025-12-31,2022-10-13,2024-04-13,term_loan,3030207.94,2804670.38,225537.56,0.1306,18,0,senior_secured,KZT,annuity,services,Kostanay,large,LLP,state_related,14.9,420,0,1,0,1.9983883982752539,1.8068992316642082,0.69854634913778898013,0.30776919229098399773,5.8407298854850424,1.2149318199317349,0.04815742453301696564,-0.01365492890064199186,0.10449835825809655040,0.94417432427564443277,0.44058521338041695287,,real_estate,3032063.95,2274047.9625,1.0810767538394298,0.81080756537957234033,B,2,0.012118,2025-01-01,B,2,0.008014,2024-04-01,0,248675.09,0,0,30,0,,,,,0,0.66133025251691698300,0,0
F0000371,C000232,2025-12-31,2022-06-21,2025-06-21,term_loan,438384.07,421799.45,16584.62,0.1129,36,0,senior_unsecured,USD,amortizing,agriculture,Atyrau,medium,LLP,private,5.4,193,1,0,0,1.5830835372649400,1.4154535791947137,0.44842321615686963044,0.22746035867893459698,2.1602612899101762,3.5793828654997082,0.09606712080481723843,0.03930640083011401351,0.24613267597177697126,0.71119309321942703109,0.50724483140802256709,,real_estate,576720.88,432540.6600,1.3672869416970553,1.0254652062727915,B,2,0.008633,2025-01-01,B,2,0.009913,2025-06-01,90,257342.9,0,0,360,180,2023-04-17,90dpd,360,0,1,1.1482682729062898,0,1
F0000372,C000232,2025-12-31,2022-05-28,2023-05-28,trade_finance,152752.51,106598.47,46154.04,0.1118,12,1,senior_secured,KZT,bullet,agriculture,Atyrau,medium,LLP,private,5.4,193,1,0,0,1.5830835372649400,1.4154535791947137,0.44842321615686963044,0.22746035867893459698,2.1602612899101762,3.5793828654997082,0.09606712080481723843,0.03930640083011401351,0.24613267597177697126,0.71119309321942703109,0.50724483140802256709,,none,0.0,0.00,0.000000000000000000000000,0.000000000000000000000000,B,2,0.008633,2025-01-01,B,2,0.009913,2023-05-01,0,6621.16,0,0,5,5,,,,,0,1.1482682729062898,0,0
F0000373,C000232,2025-12-31,2025-03-03,2027-03-03,credit_line,377663.43,195648.74,182014.69,0.1068,24,1,senior_secured,USD,annuity,agriculture,Atyrau,medium,LLP,private,5.4,193,1,0,0,2.6877330956509350,2.1357841639737337,0.20030242280720692554,0.12602081792350177200,0.89972319891494632771,8.9707039109096248,0.15671516395152845394,0.08723281037652767872,0.90356013922583264883,0.99575967967118470060,0.62915273893016293092,-0.03398795221590772225,receivables,465295.01,255912.2555,2.3782162358929580,1.3080189297411269,B,2,0.009913,2025-01-01,B,2,0.009913,2025-12-01,0,15674.17,0,0,0,0,,,,,0,1.00000000000000000000,0,0
F0000374,C000233,2025-12-31,2022-03-05,2025-03-05,term_loan,390806.4,343792.55,47013.85,0.1216,36,0,senior_secured,KZT,amortizing,energy,Other,medium,LLP,state_related,25.5,109,1,1,1,2.3113673094813850,1.8233754894674224,0.17771183161493751544,0.12984340832871845463,0.83746590975161239404,11.5035532453329688,0.17130644815580092607,0.11207908101561980483,0.94792432069915491002,1.0860476353833590,0.73064020076086203229,,guarantee,563841.74,394689.218,1.6400638699122480,1.1480447089385736,B,2,0.005095,2025-01-01,A,1,0.00212,2025-03-01,0,37836.96,0,0,60,60,,,,,0,0.41609421000981354269,-1,0
F0000375,C000234,2025-12-31,2024-01-23,2028-01-23,term_loan,125170.03,115737.44,9432.6,0.1421,48,0,senior_secured,USD,bullet,real_estate,Atyrau,small,LLP,private,7.8,38,0,0,0,0.93402397811164370544,0.85860296864746149970,0.73762775450143195444,0.29278746087588732559,3.9712096499755280,1.7247647081932620,0.08585978627091334776,0.04568119374341087659,0.26493833594923499514,0.20166511414998911638,0.39693118797269841372,0.17428535012734060608,real_estate,176301.56,132226.1700,1.5232889201627408,1.1424666901220556,C,3,0.017903,2025-01-01,B,2,0.013932,2025-12-01,0,8297.16,0,0,30,30,,,,,0,0.77819359883818354466,-1,0
F0000376,C000235,2025-12-31,2025-02-21,2029-02-21,credit_line,20998.51,15690.32,5308.19,0.1046,48,1,senior_unsecured,EUR,amortizing,construction,Atyrau,micro,LLP,private,14.2,5,0,0,0,1.06163110072279026247,0.95215455861986217596,0.73345981517933096399,0.32640962653759374626,1.8057221426890319,3.8329478474968291,0.13477404777429628573,0.09576931937916978101,0.45057618488091656467,0.16900985670854265672,0.44502727999868210249,0.14006954127123270985,none,0.0,0.00,0.000000000000000000000000,0.000000000000000000000000,A,1,0.00497,2025-01-01,A,1,0.00497,2025-12-01,0,2670.73,0,0,30,30,,,,,0,1.00000000000000000000,0,0
F0000377,C000236,2025-12-31,2022-10-16,2027-10-16,credit_line,752843.14,529908.58,222934.56,0.112,60,1,senior_secured,KZT,annuity,services,Shymkent,medium,LLP,foreign_owned,8.7,112,0,0,0,1.7303451294469446,1.5063303898998911,2.3198855994034788,0.56449803215610057848,7.4425867704314361,0.99307600214659992761,0.10792065514180271302,0.07773876462081002694,0.11391742862479002829,0.40295743820825671270,0.24333011606315938957,,equipment,1091507.36,654904.416,2.0598031456671262,1.2358818874002757,C,3,0.017372,2025-01-01,C,3,0.017828,2025-12-01,15,57363.57,0,0,60,60,,,,,0,1.0262491365415611,0,0
F0000378,C000236,2025-12-31,2025-01-02,2027-01-02,term_loan,727716.32,695144.97,32571.35,0.119,24,0,senior_secured,KZT,annuity,services,Shymkent,medium,LLP,foreign_owned,8.7,112,0,0,0,0.69701327822909185026,0.49694028031112055761,1.4244372506561498,0.47259248371138266127,4.7894215640085142,1.6702622624693819,0.07880109199429519450,0.02001105623944422183,0.21928984559790206733,0.13690401252886257925,0.33177487003635199383,-0.06891701156413375392,none,0.0,0.00,0.000000000000000000000000,0.000000000000000000000000,C,3,0.017828,2025-01-01,C,3,0.017828,2025-12-01,0,63292.02,0,0,30,30,,,,,0,1.00000000000000000000,0,0
F0000379,C000237,2025-12-31,2024-12-03,2029-12-03,working_capital,50524.22,50148.95,375.27,0.1253,60,0,senior_unsecured,KZT,bullet,services,Almaty,small,IE,private,10.1,28,0,0,0,1.0934519033414999,0.90045135866229933245,1.1992313278513522,0.24630616083609601077,6.7718011609961873,1.4448900241030203,0.05736691713102058065,0.03631892557686824937,0.08283212860857808369,0.40907896885551737846,0.20538669655786901576,-0.03706129411581751606,none,0.0,0.00,0.000000000000000000000000,0.000000000000000000000000,C,3,0.018126,2025-01-01,C,3,0.02735,2025-12-01,0,1974.67,0,0,60,60,,,,,0,1.5088822685644930,0,0
F0000380,C000238,2025-12-31,2023-04-30,2025-04-30,working_capital,12100.12,10294.34,1805.78,0.1084,24,0,senior_unsecured,KZT,bullet,manufacturing,Almaty,micro,LLP,private,15.6,11,0,0,0,1.24733367334663311646,0.87173405529769125122,2.2284293226087352,0.45397714373817094061,16.8425571444657133,0.73314896602963635613,0.04115613472482251098,0.02983970378334291063,0.03526102471106357019,0.36042400335019278797,0.20372068305344215764,-0.04416614361604348710,real_estate,9980.09,7485.0675,0.96947351651490042101,0.72710513738617531576,C,3,0.017209,2025-01-01,C,3,0.024627,2025-04-01,0,1619.21,0,0,60,60,,,,,0,1.4310535185077576,0,0
F0000381,C000239,2025-12-31,2023-07-30,2026-07-30,overdraft,29972.44,23562.69,6409.75,0.1063,36,1,senior_secured,KZT,annuity,services,Shymkent,small,IE,foreign_owned,18.6,46,1,0,0,3.7706336366093145,3.0297000270245924,0.15079289467905520009,0.12174130296655607875,1.1918637321470382,8.8712076543739280,0.15386171689669536232,0.08596987552111692536,0.79275645508239812755,1.7178827075222906,0.80734110997516169278,0.13673098353474791166,receivables,41502.9,22826.595,1.7613820832850579,0.96876014580678182330,A,1,0.002532,2025-01-01,A,1,0.003889,2025-12-01,5,2135.94,0,0,60,60,,,,,0,1.5359399684044234,0,0
F0000382,C000240,2025-12-31,2022-03-18,2024-03-18,credit_line,704988.72,395368.7,309620.01,0.1378,24,1,subordinated,KZT,amortizing,energy,Almaty,medium,LLP,private,10.9,154,1,0,0,0.87820683107787984941,0.77166925349859781267,0.88406974864750462830,0.27211245898956263290,3.5098390823534228,3.2090608084616841,0.10673449758287895984,0.05583922854894883188,0.26618004055793098960,0.28106683587169921253,0.30779523833481947344,,none,0.0,0.00,0.000000000000000000000000,0.000000000000000000000000,B,2,0.014767,2025-01-01,C,3,0.016209,2024-03-01,0,24380.05,0,0,60,60,,,,,0,1.0976501659104761,1,0
F0000383,C000241,2025-12-31,2023-10-06,2027-10-06,overdraft,35996.92,26041.88,9955.04,0.1441,48,1,senior_unsecured,KZT,bullet,real_estate,Aktobe,small,LLP,private,22.6,22,0,0,0,0.73318989976553199607,0.51976442123106568243,4.3384590340246048,0.36125199694500666782,-17.8107663658071395,-0.38519654065311080901,-0.01562025822246949135,-0.06537458991749282661,-0.04182555619591519877,0.24909951009918748641,0.08326735232760478085,-0.04538566263667601892,equipment,18675.91,11205.546,0.71714906911482581135,0.43028944146889548681,D,4,0.041609,2025-01-01,D,4,0.038988,2025-12-01,0,1581.28,0,0,15,15,,,,,0,0.93700882020716671874,0,0
F0000384,C000242,2025-12-31,2023-04-28,2025-04-28,term_loan,873455.71,767087.73,106367.98,0.1242,24,0,senior_unsecured,USD,bullet,real_estate,Kostanay,medium,JSC,private,12.0,126,0,0,0,2.6861846721022842,2.0849670643061843,0.82553966835584888120,0.32976934507742370688,9.4238972173546061,1.02685524110388563532,0.03144572731717410733,0.01266333376538740028,0.11050749042381006517,1.8578619086801104,0.39945911470758862169,0.03948053657236027499,receivables,1422225.11,782223.8105,1.8540579576210924,1.0197318766916008,B,2,0.013091,2025-01-01,B,2,0.012606,2025-04-01,0,57735.61,0,0,30,30,,,,,0,0.96295164616912382553,0,0
F0000385,C000242,2025-12-31,2023-05-06,2026-05-06,working_capital,466660.92,419764.78,46896.14,0.1279,36,0,senior_secured,KZT,annuity,real_estate,Kostanay,medium,JSC,private,12.0,126,0,0,0,2.6861846721022842,2.0849670643061843,0.82553966835584888120,0.32976934507742370688,9.4238972173546061,1.02685524110388563532,0.03144572731717410733,0.01266333376538740028,0.11050749042381006517,1.8578619086801104,0.39945911470758862169,0.03948053657236027499,none,0.0,0.00,0.000000000000000000000000,0.000000000000000000000000,B,2,0.013091,2025-01-01,B,2,0.012606,2025-12-01,120,195500.81,0,0,180,30,2024-10-28,90dpd,90,0,1,0.96295164616912382553,0,0
F0000386,C000242,2025-12-31,2023-08-01,2027-08-01,term_loan,558180.92,474687.13,83493.79,0.1392,48,0,senior_secured,KZT,annuity,real_estate,Kostanay,medium,JSC,private,12.0,126,0,0,0,2.6861846721022842,2.0849670643061843,0.82553966835584888120,0.32976934507742370688,9.4238972173546061,1.02685524110388563532,0.03144572731717410733,0.01266333376538740028,0.11050749042381006517,1.8578619086801104,0.39945911470758862169,0.03948053657236027499,none,0.0,0.00,0.000000000000000000000000,0.000000000000000000000000,B,2,0.013091,2025-01-01,B,2,0.012606,2025-12-01,0,34675.96,0,0,30,30,,,,,0,0.96295164616912382553,0,0
F0000387,C000243,2025-12-31,2025-05-05,2026-05-05,credit_line,533283.04,212779.46,320503.57,0.1043,12,1,senior_unsecured,KZT,bullet,services,Other,medium,LLP,private,23.7,108,1,0,0,2.7106689438840163,2.0165557942755999,0.45712474876964634983,0.27224882352520559718,1.4365081940551138,6.2493132711677085,0.18254073147518650855,0.12676330679403048831,0.42674045734484337196,0.86561815904171735130,0.59556789313631503966,0.30893584338878411165,real_estate,378248.49,283686.3675,1.7776550894527132,1.3332413170895349,A,1,0.003535,2025-01-01,A,1,0.003535,2025-12-01,0,44021.09,0,0,60,60,,,,,0,1.00000000000000000000,0,0
F0000388,C000243,2025-12-31,2022-01-05,2023-01-05,overdraft,381432.67,353063.42,28369.25,0.1176,12,1,senior_secured,KZT,bullet,services,Other,medium,LLP,private,23.7,108,1,0,0,5.2296965240991262,4.6290362964163760,0.18692072936271153159,0.14315127304884324635,0.49625724751953729463,27.6679132967696741,0.21360270505298677486,0.14500039772813433048,1.2339762025648488,2.5851899027167123,0.76583947396794305138,,real_estate,253013.47,189760.1025,0.71662329107897952158,0.53746746830923464119,A,1,0.003353,2025-01-01,A,1,0.003535,2023-01-01,0,26481.62,0,0,60,60,,,,,0,1.0542797494780793,0,0
F0000389,C000244,2025-12-31,2024-04-06,2026-04-06,credit_line,15163.0,6916.91,8246.09,0.1161,24,1,subordinated,KZT,annuity,manufacturing,Karaganda,micro,JSC,private,10.4,11,0,0,0,1.1246881409688549,0.91671645092739925117,1.01647066433049654093,0.31759458092169622991,4.2933139798371294,2.1402096163408943,0.06996451849883551901,0.02205560480440515453,0.14416199852336113454,0.64404879949331841355,0.31244834904397509629,0.39927701359923821969,none,0.0,0.00,0.00000000000000000000,0.00000000000000000000,B,2,0.00741,2025-01-01,B,2,0.005945,2025-12-01,0,684.83,0,0,30,30,,,,,0,0.80229419703103913630,0,0
F0000390,C000244,2025-12-31,2024-12-09,2029-12-09,leasing,9836.04,8490.61,1345.43,0.1275,60,0,senior_secured,KZT,bullet,manufacturing,Karaganda,micro,JSC,private,10.4,11,0,0,0,1.1246881409688549,0.91671645092739925117,1.01647066433049654093,0.31759458092169622991,4.2933139798371294,2.1402096163408943,0.06996451849883551901,0.02205560480440515453,0.14416199852336113454,0.64404879949331841355,0.31244834904397509629,0.39927701359923821969,real_estate,20067.41,15050.5575,2.3634827179672603,1.7726120384754452,B,2,0.00741,2025-01-01,B,2,0.005945,2025-12-01,0,638.55,0,0,0,0,,,,,0,0.80229419703103913630,0,0
F0000391,C000245,2025-12-31,2024-05-13,2025-05-13,working_capital,154738.18,144208.88,10529.3,0.1042,12,0,senior_unsecured,KZT,amortizing,real_estate,Other,medium,LLP,private,10.9,211,0,0,0,0.96859624711161370510,0.65403643982655116543,1.1409931887221824,0.45913346845454163756,4.1220202178278908,4.3016048407214532,0.12625511829759213855,0.08785017514329551689,0.11938381412956037768,0.06187252596109343583,0.40239808001722865719,0.09084123478702827202,real_estate,233725.2,175293.900,1.6207406922514064,1.2155555191885548,B,2,0.005867,2025-01-01,B,2,0.005754,2025-05-01,0,17320.96,0,0,60,60,,,,,0,0.98073973069711948185,0,0
F0000392,C000245,2025-12-31,2024-12-20,2026-12-20,term_loan,172957.42,145677.33,27280.09,0.1492,24,0,senior_secured,USD,amortizing,real_estate,Other,medium,LLP,private,10.9,211,0,0,0,0.96859624711161370510,0.65403643982655116543,1.1409931887221824,0.45913346845454163756,4.1220202178278908,4.3016048407214532,0.12625511829759213855,0.08785017514329551689,0.11938381412956037768,0.06187252596109343583,0.40239808001722865719,0.09084123478702827202,guarantee,126621.1,88634.77,0.86918877494528489779,0.60843214246169942846,B,2,0.005867,2025-01-01,B,2,0.005754,2025-12-01,0,8270.77,0,0,30,30,,,,,0,0.98073973069711948185,0,0
F0000393,C000246,2025-12-31,2023-11-11,2025-05-11,working_capital,89195.65,88957.63,238.02,0.126,18,0,senior_unsecured,KZT,bullet,manufacturing,Other,small,LLP,private,24.0,51,0,0,0,1.1277413957376009,0.90542386639885225307,1.3534225208695866,0.40081161683379301865,2.3104570431760944,4.6844892094963997,0.13406169643979148078,0.08689757358353868223,0.41294857344973624359,0.13981527884680816362,0.29614670263966629167,-0.04135758762750950119,receivables,57522.79,31637.5345,0.64663132324905688247,0.35564722778698128536,C,3,0.021327,2025-01-01,C,3,0.021169,2025-05-01,360,21617.37,0,0,360,60,2025-01-07,90dpd,90,1,1,0.99259155061658929995,0,0
F0000394,C000246,2025-12-31,2023-11-25,2025-05-25,term_loan,44617.01,42602.56,2014.45,0.1444,18,0,senior_secured,KZT,annuity,manufacturing,Other,small,LLP,private,24.0,51,0,0,0,1.1277413957376009,0.90542386639885225307,1.3534225208695866,0.40081161683379301865,2.3104570431760944,4.6844892094963997,0.13406169643979148078,0.08689757358353868223,0.41294857344973624359,0.13981527884680816362,0.29614670263966629167,-0.04135758762750950119,real_estate,42117.43,31588.0725,0.98861265614085162957,0.74145949210563872218,C,3,0.021327,2025-01-01,C,3,0.021169,2025-05-01,0,4493.35,0,0,30,30,,,,,0,0.99259155061658929995,0,0
F0000395,C000247,2025-12-31,2023-11-01,2025-05-01,working_capital,38778.63,33114.41,5664.21,0.1353,18,0,senior_secured,KZT,annuity,transport,Kostanay,small,IE,private,7.8,27,0,0,0,1.2291819904740251,1.1057409025496817,3.7039141795091746,0.58180127830207644326,10.6051832487338306,1.2323729523539145,0.09123364345289027816,0.03141038932625353653,0.05573655038718005590,0.23811140544537979175,0.15707741867258221021,-0.05539026712223289528,receivables,47552.82,26154.0510,1.4360159217694049,0.78980875697317270638,C,3,0.019076,2025-01-01,C,3,0.02863,2025-05-01,0,1595.44,0,0,15,15,,,,,0,1.5008387502621095,0,0
F0000396,C000247,2025-12-31,2024-03-24,2026-03-24,credit_line,196504.73,172142.06,24362.67,0.1491,24,1,senior_unsecured,EUR,annuity,transport,Kostanay,small,IE,private,7.8,27,0,0,0,2.1521999139206647,1.7076316662082092,1.6433341672173033,0.28626242861185565265,6.2384484085071558,1.22739291773820930945,0.07007077938425384873,-0.00654635545224577549,0.12722003874306659199,1.4283125825117897,0.17419611563032892762,0.11533044382752366478,equipment,356351.82,213811.092,2.0701031462037808,1.2420618877222685,C,3,0.026313,2025-01-01,C,3,0.02863,2025-12-01,0,15258.26,0,0,60,60,,,,,0,1.0880553338653897,0,0
F0000397,C000248,2025-12-31,2022-09-14,2027-09-14,term_loan,44682.43,37963.18,6719.24,0.1249,60,0,senior_secured,KZT,bullet,manufacturing,Karaganda,micro,LLP,private,16.0,3,0,0,0,1.9210250080307978,1.4694911888868935,0.64400364173888768081,0.29318882137246450296,2.2055003919519206,7.0245203364393146,0.14416588416804469521,0.10124485143605809048,0.42420201320462074611,0.70999677898708617428,0.45525957055276775168,,none,0.0,0.00,0.000000000000000000000000,0.000000000000000000000000,B,2,0.008052,2025-01-01,B,2,0.005221,2025-12-01,0,2752.73,0,0,60,30,,,,,0,0.64841033283656234476,0,0
F0000398,C000248,2025-12-31,2024-04-14,2028-04-14,term_loan,39039.41,37444.65,1594.76,0.1005,48,0,senior_unsecured,EUR,amortizing,manufacturing,Karaganda,micro,LLP,private,16.0,3,0,0,0,3.9853965887510427,3.2978245491263967,0.49114839418940615536,0.28242507328199176098,3.8491534508961168,3.1280982783883409,0.11906774502582328878,0.07817251171048569339,0.26425749316774515544,1.9264353318127449,0.57503002478122230157,0.46039338981615695237,none,0.0,0.00,0.000000000000000000000000,0.000000000000000000000000,B,2,0.00538,2025-01-01,B,2,0.005221,2025-12-01,5,2606.32,0,0,30,30,,,,,0,0.97044609665427509294,0,0
F0000399,C000249,2025-12-31,2025-06-08,2028-06-08,credit_line,1944197.47,1686148.92,258048.56,0.1131,36,1,senior_secured,KZT,amortizing,manufacturing,Shymkent,large,LLP,state_related,7.1,323,0,1,0,3.0223466652966595,2.0012893944550542,1.2928722176597753,0.42064624767056208512,4.2733183495182579,2.0525147872447922,0.11987082719311048979,0.06953551852031804762,0.25174377607862006835,0.57131895902058297033,0.32535794483384659918,0.14012654521591683118,real_estate,1639595.94,1229696.9550,0.97239094397427245038,0.72929320798070433779,B,2,0.009332,2025-01-01,B,2,0.009332,2025-12-01,0,96643.49,0,0,0,0,,,,,0,1.00000000000000000000,0,0
F0000400,C000250,2025-12-31,2025-05-03,2027-05-03,credit_line,80636.47,66673.09,13963.37,0.1032,24,1,senior_unsecured,USD,annuity,construction,Other,small,LLP,private,25.0,58,0,0,0,2.5178011729472848,2.1306291973762519,0.32606263055425355987,0.20775645005474450149,3.2695047904899071,6.0322764357838495,0.08202925705591866713,0.01601761849052556468,0.32361101685919688909,0.85466090703435198750,0.63716731261596046822,0.38132258831278411701,equipment,105734.16,63440.496,1.5858596024273061,0.95151576145638367743,B,2,0.012195,2025-01-01,B,2,0.012195,2025-12-01,0,6912.03,0,0,30,30,,,,,0,1.00000000000000000000,0,0
F0000401,C000250,2025-12-31,2022-03-11,2025-03-11,term_loan,194005.1,175701.47,18303.63,0.1255,36,0,senior_unsecured,KZT,amortizing,construction,Other,small,LLP,private,25.0,58,0,0,0,1.5225262455167870,1.1394765071940422,0.46763059262217961111,0.23200007384141172306,5.3814403788561117,1.3811754400617319,0.07173212130371564941,0.02902629101408137874,0.18040994594208657514,0.54150481875932740191,0.49611825552408910787,,none,0.0,0.00,0.000000000000000000000000,0.000000000000000000000000,B,2,0.006266,2025-01-01,B,2,0.012195,2025-03-01,0,13914.71,0,0,60,5,,,,,0,1.9462176827322056,0,0
F0000402,C000250,2025-12-31,2023-06-13,2025-06-13,term_loan,111839.84,102614.03,9225.82,0.0905,24,0,senior_secured,KZT,annuity,construction,Other,small,LLP,private,25.0,58,0,0,0,1.9008230572001717,1.2578988257764823,0.52445641341506088751,0.20616225533589578376,0.96231527730867963266,20.2846707045490007,0.15305065852445084576,0.12813152590195174429,1.00784023346156473312,0.46754975595083794924,0.39309702400900298287,-0.03041008649012281631,guarantee,152953.88,107067.716,1.4905747294010380,1.04340231058072663163,B,2,0.010747,2025-01-01,B,2,0.012195,2025-06-01,0,11027.42,0,0,30,30,,,,,0,1.1347352749604541,0,0
F0000403,C000251,2025-12-31,2024-08-06,2026-08-06,term_loan,11185.18,9112.74,2072.44,0.124,24,0,senior_secured,USD,amortizing,energy,Astana,micro,LLP,state_related,21.7,7,1,1,0,1.9551748023011949,1.55215400304004002078,0.38641585030144358007,0.22910385863837679164,1.11808722077793730492,13.7235481379622130,0.17294330397858237870,0.12793945125653811441,0.55415564095812102898,0.30201686158183641171,0.59289456801436206731,0.21208126163766544493,none,0.0,0.00,0.00000000000000000000,0.00000000000000000000,A,1,0.003258,2025-01-01,A,1,0.003045,2025-12-01,0,1159.33,0,0,30,30,,,,,0,0.93462246777163904236,0,0
F0000404,C000252,2025-12-31,2022-11-26,2025-11-26,credit_line,25424.74,10605.63,14819.11,0.1312,36,1,senior_secured,KZT,annuity,construction,Karaganda,small,IE,private,14.1,27,0,0,0,1.8182456914157022,1.6151352790523566,2.2684564435509752,0.43856412857130406887,7.1293403082303605,2.0876808256820003,0.06212525430809149974,0.03614725918525766862,0.15238304503210901480,0.39672046264389309507,0.19333151836267512841,,inventory,25136.55,11311.4475,2.3701137980487722,1.06655120912194749393,C,3,0.023831,2025-01-01,C,3,0.033314,2025-11-01,0,869.05,0,0,60,30,,,,,0,1.3979270697830557,0,0
F0000405,C000253,2025-12-31,2022-03-10,2025-03-10,working_capital,32264.37,28632.49,3631.88,0.1465,36,0,senior_secured,KZT,bullet,trade,Almaty,micro,LLP,foreign_owned,21.5,14,0,0,0,2.6607989026878275,2.4491737336081220,2.3645393214366588,0.32111115403049242865,-17.8554917212328481,-0.80604779573981703653,-0.01838070489777136732,-0.08812266630994336187,-0.06098770529017926878,0.68715152866116761372,0.13580283952960024722,,equipment,34517.03,20710.218,1.2055196736295027,0.72331180417770162497,D,4,0.041716,2025-01-01,D,4,0.043319,2025-03-01,0,1048.13,0,0,30,15,,,,,0,1.0384265030204238,0,0
F0000406,C000254,2025-12-31,2022-03-08,2026-03-08,trade_finance,28663.8,22627.51,6036.29,0.0906,48,1,senior_unsecured,KZT,bullet,energy,Kostanay,micro,LLP,private,18.1,12,0,0,0,2.8087054314978258,2.6401801496295274,1.03786598660120112559,0.34808169315612576005,3.8586895842935624,3.3242987318883681,0.13297673290714367018,0.07576366383525775998,0.28076101270518408606,1.29881993918743797055,0.33538211835616862868,,inventory,31045.43,13970.4435,1.3720214906545174,0.61740967079453284962,B,2,0.009843,2025-01-01,B,2,0.010412,2025-12-01,0,1860.49,0,0,60,60,,,,,0,1.0578075789901453,0,0
F0000407,C000255,2025-12-31,2023-05-09,2027-05-09,term_loan,174584.57,146797.96,27786.61,0.1231,48,0,senior_unsecured,KZT,annuity,transport,Atyrau,small,JSC,private,10.1,35,0,0,0,1.5308017752337701,1.0875968438236320,0.54660068584706452280,0.28770087235117737557,1.6153788058627318,10.7956364349135253,0.13823081605031055881,0.09105618990689483592,0.26763699641592318257,0.17697798758611354657,0.52634561170615562102,0.40968372485357593774,none,0.0,0.00,0.000000000000000000000000,0.000000000000000000000000,B,2,0.005599,2025-01-01,B,2,0.007764,2025-12-01,150,71982.6,0,0,360,60,2024-08-22,90dpd,90,1,1,1.3866761921771745,0,0
F0000408,C000256,2025-12-31,2024-01-02,2026-01-02,credit_line,178139.5,154554.44,23585.06,0.1039,24,1,senior_unsecured,KZT,amortizing,agriculture,Almaty,small,LLP,state_related,22.5,32,1,1,0,2.2431899981845242,2.1006765926548941,0.30014204211783839424,0.18507358608875691521,1.2614985508262281,14.3783653123419841,0.19809061309380890654,0.13287045080328832397,0.37791860753901232291,0.56086415422735486220,0.61662000026006154953,-0.02932440411755859564,real_estate,261569.34,196177.0050,1.6924090954617674,1.2693068215963255,A,1,0.003787,2025-01-01,A,1,0.003371,2025-12-01,0,8446.8,0,0,60,60,,,,,0,0.89015051491946131503,0,0
F0000409,C000257,2025-12-31,2024-01-20,2025-01-20,term_loan,42002.1,41809.0,193.1,0.111,12,0,senior_secured,KZT,bullet,services,Astana,medium,LLP,private,9.7,134,0,0,0,0.80099441162429370541,0.74538495499366539253,1.8859167141274464,0.45632862001958422804,45.6555147457443348,0.16411725584488668338,0.01689504062108096417,-0.04606315068693690926,0.02139551696306909417,0.07397426510669867479,0.24196647529618663676,-0.04669409597536724819,none,0.0,0.00,0.000000000000000000000000,0.000000000000000000000000,D,4,0.051223,2025-01-01,D,4,0.062662,2025-01-01,0,2096.28,0,0,0,0,,,,,0,1.2233176502742908,0,0
F0000410,C000257,2025-12-31,2024-09-27,2025-09-27,term_loan,56476.41,54660.35,1816.06,0.1449,12,0,senior_secured,KZT,annuity,services,Astana,medium,LLP,private,9.7,134,0,0,0,0.80099441162429370541,0.74538495499366539253,1.8859167141274464,0.45632862001958422804,45.6555147457443348,0.16411725584488668338,0.01689504062108096417,-0.04606315068693690926,0.02139551696306909417,0.07397426510669867479,0.24196647529618663676,-0.04669409597536724819,real_estate,70425.9,52819.425,1.2884275347669746,0.96632065107523094894,D,4,0.051223,2025-01-01,D,4,0.062662,2025-09-01,0,3915.77,0,0,30,30,,,,,0,1.2233176502742908,0,0
F0000411,C000257,2025-12-31,2023-07-14,2025-01-14,leasing,65174.9,53540.47,11634.42,0.1506,18,0,senior_unsecured,USD,amortizing,services,Astana,medium,LLP,private,9.7,134,0,0,0,0.83332721959124798924,0.67845012025373037816,8.2910009578189738,0.41455005502340617466,11.2704032410275696,1.2609808780219644,0.03111095685444759616,0.02063302932764795661,0.06223770664332174990,0.61288249405497706109,0.05000000086026494543,0.06471740470137381674,real_estate,64797.38,48598.0350,1.2102504890226029,0.90768786676695217655,D,4,0.047762,2025-01-01,D,4,0.062662,2025-01-01,0,4050.91,0,0,60,60,,,,,0,1.3119634856161802,0,0
F0000412,C000258,2025-12-31,2022-11-10,2025-11-10,trade_finance,97177.08,76720.12,20456.97,0.1568,36,1,senior_unsecured,USD,amortizing,agriculture,Aktobe,small,LLP,private,23.5,38,0,0,0,1.0737884096934672,0.95386715142691173404,2.5000319508113363,0.26392255448803594725,-13.5092781356245351,-0.79648376250408767325,-0.01884038943125981439,-0.06455367867576385661,-0.07946957499496001875,0.30567330749675323052,0.10556767260609811885,,real_estate,118147.98,88610.9850,1.5399869030444686,1.1549901772833515,D,4,0.042169,2025-01-01,D,4,0.035032,2025-11-01,0,6568.8,0,0,30,30,,,,,0,0.83075244848111171714,0,0
F0000413,C000259,2025-12-31,2025-02-26,2026-02-26,overdraft,336917.2,202301.25,134615.96,0.1076,12,1,senior_unsecured,USD,annuity,construction,Aktobe,medium,LLP,private,21.8,245,0,0,0,1.2102230160532551,0.88203069799187525312,1.9193418482901206,0.35482212498727829560,10.1166794906363100,0.81896356927644536075,0.04611805354760859701,0.02033864640547235917,0.08563074697044203820,0.08078667657405702838,0.18486656001554793982,0.00271567021465942449,real_estate,177446.04,133084.5300,0.87713763508628839416,0.65785322631471629562,B,2,0.013701,2025-01-01,B,2,0.013701,2025-12-01,0,17537.53,0,0,30,30,,,,,0,1.00000000000000000000,0,0
F0000414,C000259,2025-12-31,2023-12-12,2024-12-12,working_capital,749274.17,726527.1,22747.08,0.1311,12,0,senior_secured,USD,amortizing,construction,Aktobe,medium,LLP,private,21.8,245,0,0,0,1.2676603218602238,1.1125316093115353,3.6993705179177543,0.50233612026957342268,3.9141565178345819,4.4975609469488421,0.09419008703099763499,0.05212638984044250027,0.27600470449426195867,0.91901550560447530040,0.13578962091970197734,0.01838319237790366847,inventory,903431.34,406544.1030,1.2434929681219049,0.55957183565485719666,C,3,0.020726,2025-01-01,B,2,0.013701,2024-12-01,0,56395.51,0,0,60,60,,,,,0,0.66105374891440702499,-1,0
F0000415,C000259,2025-12-31,2022-10-28,2025-10-28,term_loan,182889.26,169200.57,13688.69,0.1348,36,0,senior_secured,KZT,annuity,construction,Aktobe,medium,LLP,private,21.8,245,0,0,0,1.0975995901774113,0.92376086769904175968,2.7065477466613352,0.42247468424977586061,4.7673024603073468,1.9852692167645884,0.08595646594073148742,0.05295522870611575324,0.12945138225738474929,0.28698005754057819000,0.15609356412460114728,,guarantee,313595.63,219516.941,1.8533958248485806,1.2973770773940064,C,3,0.019155,2025-01-01,B,2,0.013701,2025-10-01,5,12490.31,0,0,60,0,,,,,0,0.71527016444792482381,-1,0
F0000416,C000260,2025-12-31,2023-05-07,2026-05-07,credit_line,43241.72,17300.31,25941.41,0.1259,36,1,senior_secured,KZT,amortizing,services,Kostanay,small,LLP,private,11.9,41,0,0,0,0.87759189804972009554,0.62661999510578419956,2.6945148232968506,0.42676088389298899160,5.4149966200358476,3.1149459137272908,0.12633025911358840945,0.08164524842610708438,0.09627070721844136113,0.07567027284769927521,0.15838134576332720382,0.04352022749068195758,none,0.0,0.00,0.000000000000000000000000,0.000000000000000000000000,C,3,0.027427,2025-01-01,C,3,0.024609,2025-12-01,15,981.27,0,0,60,15,,,,,0,0.89725453020745980238,0,0
F0000417,C000260,2025-12-31,2024-08-12,2026-08-12,leasing,83689.16,80423.39,3265.76,0.1311,24,0,senior_unsecured,EUR,annuity,services,Kostanay,small,LLP,private,11.9,41,0,0,0,1.6304757643513125,1.1145013730593490,2.0484727053335722,0.45318320262375529790,4.6796097117475723,3.6533339971265413,0.08449725217618874120,0.01474690122943446410,0.20284895324098456750,0.20683342287031841476,0.22122979790934494147,0.29242909480554236814,none,0.0,0.00,0.000000000000000000000000,0.000000000000000000000000,C,3,0.016913,2025-01-01,C,3,0.024609,2025-12-01,0,5356.82,0,0,30,30,,,,,0,1.4550345887778632,0,0
F0000418,C000261,2025-12-31,2022-12-31,2023-12-31,working_capital,101212.79,98065.59,3147.2,0.1174,12,0,senior_unsecured,KZT,bullet,construction,Shymkent,small,LLP,private,7.0,45,0,0,0,1.5782700968089134,1.3881783317423560,0.62447187048584102563,0.33509157550491960765,8.1662734680428309,0.83990481117649338586,0.07065403566677980396,0.02567410630436125887,0.04367726559695799899,0.55865577726231050946,0.53659995164268542118,-0.14913812192671451355,none,0.0,0.00,0.000000000000000000000000,0.000000000000000000000000,B,2,0.00912,2025-01-01,B,2,0.009535,2023-12-01,0,7019.7,0,0,15,15,,,,,0,1.0455043859649123,0,0
F0000419,C000262,2025-12-31,2025-01-05,2027-01-05,working_capital,63685.32,56172.18,7513.14,0.1126,24,0,senior_secured,KZT,annuity,transport,Other,small,LLP,private,21.9,53,0,0,0,3.4409196425780412,3.0756007720308917,0.36962271111261654104,0.17633022365413415552,2.6024655532875724,6.4127034693380950,0.08878399439169040800,0.03138481932059659803,0.21627190032400783299,1.8721918259138610,0.47705462449359588681,1.2322766342359899,real_estate,34377.69,25783.2675,0.61200562271216819429,0.45900421703412614572,B,2,0.01405,2025-01-01,B,2,0.01405,2025-12-01,0,2984.92,1,0,15,15,,,,,0,1.00000000000000000000,0,0
F0000420,C000262,2025-12-31,2024-08-22,2027-08-22,term_loan,109971.55,101473.22,8498.33,0.103,36,0,senior_secured,USD,amortizing,transport,Other,small,LLP,private,21.9,53,0,0,0,2.1689588011710072,1.9391480651791845,0.61032208287947759464,0.33221949759073562080,7.0554256859645410,2.1720921429730168,0.04378059619910942342,-0.02946125258016705986,0.10772783343934540993,0.80149097423854605243,0.54433471589842530749,-0.21532971878647558761,receivables,173188.86,95253.8730,1.7067444986963063,0.93870947428296845217,B,2,0.009887,2025-01-01,B,2,0.01405,2025-12-01,0,5282.89,1,0,30,30,,,,,0,1.4210579548902599,0,0
F0000421,C000262,2025-12-31,2024-03-12,2025-09-12,working_capital,93612.78,89399.02,4213.76,0.155,18,0,senior_secured,KZT,bullet,transport,Other,small,LLP,private,21.9,53,0,0,0,2.1689588011710072,1.9391480651791845,0.61032208287947759464,0.33221949759073562080,7.0554256859645410,2.1720921429730168,0.04378059619910942342,-0.02946125258016705986,0.10772783343934540993,0.80149097423854605243,0.54433471589842530749,-0.21532971878647558761,real_estate,165720.71,124290.5325,1.8537195374177480,1.3902896530633110,B,2,0.009887,2025-01-01,B,2,0.01405,2025-09-01,0,5991.51,1,0,30,30,,,,,0,1.4210579548902599,0,0
F0000422,C000263,2025-12-31,2024-09-05,2027-09-05,credit_line,68783.11,46262.87,22520.23,0.1387,36,1,senior_unsecured,KZT,annuity,energy,Karaganda,small,LLP,private,18.8,23,1,0,0,2.2445998961979468,2.0529500094221632,0.21903923661832652389,0.13684873431642649651,1.0745387683292896,14.8454264089200616,0.22201739016555918562,0.16655873056651109190,0.43238903450750847751,2.5112205312407829,0.62476813026372950959,0.34117748217402908902,receivables,105747.82,58161.3010,2.2858032802547702,1.2571918041401236,A,1,0.003518,2025-01-01,A,1,0.002826,2025-12-01,0,4779.72,0,0,30,30,,,,,0,0.80329732802728823195,0,0
F0000423,C000263,2025-12-31,2022-07-22,2025-07-22,term_loan,34436.09,31219.98,3216.12,0.0813,36,0,senior_secured,KZT,annuity,energy,Karaganda,small,LLP,private,18.8,23,1,0,0,1.9882617753825006,1.5393181168864317,0.42838379556916479084,0.22105672061786897458,1.1720329525659707,6.2168460536023333,0.16356270130247832752,0.12572997148504385217,0.37667504710685553317,0.88639056651912575644,0.51602493582691602494,,none,0.0,0.00,0.000000000000000000000000,0.000000000000000000000000,A,1,0.003656,2025-01-01,A,1,0.002826,2025-07-01,0,3382.51,0,0,30,30,,,,,0,0.77297592997811816193,0,0
F0000424,C000264,2025-12-31,2024-09-29,2025-09-29,leasing,1297069.71,1074681.25,222388.46,0.0995,12,0,senior_secured,USD,annuity,energy,Kostanay,large,LLP,private,3.8,781,1,0,0,2.0652568018256617,1.4003403212572401,0.14395488915407737357,0.10427979728696401101,0.57060497238915114285,23.2640433019958453,0.20805132459530779625,0.15159888719100664960,0.82977319597549749666,0.46649111540439719503,0.72439218910690532415,0.21649136028492335120,inventory,1796454.68,808404.6060,1.6716162862244037,0.75222732880098168643,A,1,0.002538,2025-01-01,A,1,0.003331,2025-09-01,30,124880.22,0,0,30,30,,,,,0,1.3124507486209614,0,0
F0000425,C000265,2025-12-31,2024-10-10,2029-10-10,credit_line,481528.54,205192.54,276336.0,0.0989,60,1,senior_unsecured,KZT,amortizing,manufacturing,Astana,small,IE,private,2.2,32,1,0,0,1.7081033879097196,1.2626582488149179,0.47640405410599493254,0.26351158854910376532,3.0347186586473442,2.6839295653187387,0.14062673734944262243,0.09823540460152397579,0.30654200069113434566,0.85710496438821470358,0.55312625129440058382,0.26495826724952588848,none,0.0,0.00,0.000000000000000000000000,0.000000000000000000000000,B,2,0.009195,2025-01-01,A,1,0.004963,2025-12-01,0,27227.44,0,0,30,30,,,,,0,0.53974986405655247417,-1,0
F0000426,C000266,2025-12-31,2025-02-28,2028-02-28,term_loan,10195.89,8480.43,1715.45,0.108,36,0,senior_secured,KZT,annuity,real_estate,Almaty,micro,LLP,private,12.1,3,0,0,0,1.5762125912347815,1.23157563942672098052,1.01225320428749894413,0.34245015586210257269,5.4019290811775201,1.9118109307636657,0.07239472071732427260,-0.00547628749822339265,0.08718750981326953875,0.15170359382090141754,0.33830483757583669658,0.12956192023833705735,inventory,19229.15,8653.1175,2.2674734653785244,1.0203630594203360,A,1,0.004685,2025-01-01,A,1,0.004685,2025-12-01,90,3778.68,0,0,180,180,2025-08-18,90dpd,360,0,1,1.00000000000000000000,0,1
F0000427,C000266,2025-12-31,2022-02-23,2025-02-23,term_loan,31840.8,25927.03,5913.77,0.0969,36,0,senior_secured,KZT,amortizing,real_estate,Almaty,micro,LLP,private,12.1,3,0,0,0,2.1690184203503729,1.9938537946224713,0.68750175013688005227,0.29166716165445514381,5.3473999535940530,1.3132208028147961,0.09693610419934159803,0.04001220512460335202,0.15758717472769506514,0.42960981511588339824,0.42424206425130534996,,real_estate,22640.98,16980.7350,0.87325775455190972510,0.65494331591393229383,B,2,0.006732,2025-01-01,A,1,0.004685,2025-02-01,60,2005.26,0,0,60,5,,,,,0,0.69592988710635769459,-1,0
F0000428,C000267,2025-12-31,2022-12-27,2024-12-27,working_capital,190348.04,173988.21,16359.83,0.1106,24,0,senior_unsecured,KZT,amortizing,transport,Almaty,small,LLP,private,15.3,17,0,0,0,2.9359406066416685,2.0485464429887911,0.67231751840368130612,0.33543136071825826627,4.3740941295718693,2.6332859220831333,0.11314294031254727534,0.06881042223972907792,0.13404500367929717065,0.98898411558826168895,0.49891807298832627908,,none,0.0,0.00,0.000000000000000000000000,0.000000000000000000000000,B,2,0.008098,2025-01-01,B,2,0.005378,2024-12-01,0,14570.83,0,0,30,30,,,,,0,0.66411459619659175105,0,0
F0000429,C000268,2025-12-31,2025-02-14,2028-02-14,credit_line,491370.41,184177.96,307192.45,0.1076,36,1,senior_secured,KZT,amortizing,agriculture,Shymkent,medium,IE,private,17.7,98,1,0,0,2.8240398147293453,2.5903161869111795,0.43839223046608704411,0.21593931144351569473,2.0058909507027626,3.2321343975960108,0.16208446460163542345,0.15159432952188210999,0.18308910027485492646,0.28787790445047917067,0.49257102757942293016,0.36379551271483164553,real_estate,274992.2,206244.150,1.4930787592608801,1.1198090694456601,B,2,0.008324,2025-01-01,B,2,0.008324,2025-12-01,0,8220.4,0,0,5,5,,,,,0,1.00000000000000000000,0,0
F0000430,C000268,2025-12-31,2025-02-25,2026-02-25,credit_line,480834.82,208802.05,272032.77,0.0935,12,1,senior_secured,USD,amortizing,agriculture,Shymkent,medium,IE,private,17.7,98,1,0,0,2.8240398147293453,2.5903161869111795,0.43839223046608704411,0.21593931144351569473,2.0058909507027626,3.2321343975960108,0.16208446460163542345,0.15159432952188210999,0.18308910027485492646,0.28787790445047917067,0.49257102757942293016,0.36379551271483164553,inventory,248741.17,111933.5265,1.1912774323815307,0.53607484457168883160,B,2,0.008324,2025-01-01,B,2,0.008324,2025-12-01,0,9783.45,0,0,15,15,,,,,0,1.00000000000000000000,0,0
F0000431,C000268,2025-12-31,2022-04-19,2025-04-19,working_capital,878049.24,876449.95,1599.3,0.1106,36,0,senior_unsecured,USD,amortizing,agriculture,Shymkent,medium,IE,private,17.7,98,1,0,0,2.0268747192419203,1.8722362018129552,0.73557134297038303059,0.35647979465182470293,2.2506730254584431,3.8604968661578493,0.15791956352641102252,0.10252479674606172493,0.42844413034145099673,0.45151872749189174453,0.48462980247747086167,,real_estate,1211333.9,908500.425,1.3820913561578730,1.0365685171184048,B,2,0.010051,2025-01-01,B,2,0.008324,2025-04-01,0,64514.08,0,0,60,15,,,,,0,0.82817630086558551388,0,0
F0000432,C000269,2025-12-31,2023-03-04,2028-03-04,overdraft,8149.85,7479.12,670.73,0.125,60,1,senior_unsecured,KZT,amortizing,construction,Other,micro,LLP,private,11.3,10,0,0,0,1.19034270382808283821,1.00127756222201192391,12.6611395167813917,0.63305649272997700669,4.0487700121334464,3.3749229932958869,0.14347657961826169198,0.03376466553045905206,0.13318020524981640542,0.17454657038531303847,0.04999996184315859281,0.02263579831918330378,receivables,6932.13,3812.6715,0.92686439046304912877,0.50977541475467702083,C,3,0.020819,2025-01-01,C,3,0.025336,2025-12-01,0,471.84,0,0,60,15,,,,,0,1.2169652721072098,0,0
F0000433,C000270,2025-12-31,2022-05-16,2024-05-16,credit_line,440502.93,207234.11,233268.81,0.1115,24,1,senior_secured,KZT,annuity,agriculture,Almaty,small,LLP,private,11.8,36,0,0,0,2.2173881378494937,1.5550497798073944,0.31180326785102633352,0.17246001341330188667,1.0781573031280702,12.2249360492844220,0.15281345673516242283,0.07943477165753993329,0.51362270218107672113,0.55488113715352020170,0.55310521471410619871,,real_estate,181287.84,135965.8800,0.87479730050231595561,0.65609797537673696671,B,2,0.00756,2025-01-01,B,2,0.008607,2024-05-01,0,11521.93,0,0,60,60,,,,,0,1.1384920634920635,0,0
F0000434,C000271,2025-12-31,2023-01-28,2026-01-28,working_capital,1120220.62,1054408.31,65812.31,0.1308,36,0,senior_unsecured,KZT,annuity,services,Shymkent,medium,LLP,private,18.9,149,0,0,0,5.0540580551544925,3.6508436995959989,0.33816658781897338309,0.21432256957349024038,2.1592783633371134,8.7472302383271523,0.09936823599507187965,0.06697385366568872955,0.22750419739258255676,1.5965378814401717,0.63377807652665242446,0.28609907897233153420,guarantee,1340457.99,938320.593,1.2712892883023655,0.88990250181165586603,B,2,0.006099,2025-01-01,B,2,0.007733,2025-12-01,0,77074.52,0,0,60,30,,,,,0,1.2679127725856698,0,0
F0000435,C000272,2025-12-31,2022-03-25,2025-03-25,leasing,237020.72,229442.24,7578.47,0.1404,36,0,senior_secured,KZT,bullet,energy,Almaty,medium,LLP,private,25.5,277,0,0,0,2.7450098322178041,2.5470519711658546,1.7461519372468197,0.46641263656700617195,4.7438184564633309,1.3845293426200534,0.08538855899989171508,-0.00512769239427493691,0.14911332398035215131,0.67954911735667232609,0.26710885039156729661,,guarantee,433153.16,303207.212,1.8878527336553200,1.3214969135587240,C,3,0.021625,2025-01-01,C,3,0.021916,2025-03-01,0,20719.56,0,0,60,60,,,,,0,1.0134566473988439,0,0
F0000436,C000272,2025-12-31,2022-03-16,2024-03-16,credit_line,280532.54,187628.13,92904.41,0.1014,24,1,senior_secured,USD,amortizing,energy,Almaty,medium,LLP,private,25.5,277,0,0,0,2.7450098322178041,2.5470519711658546,1.7461519372468197,0.46641263656700617195,4.7438184564633309,1.3845293426200534,0.08538855899989171508,-0.00512769239427493691,0.14911332398035215131,0.67954911735667232609,0.26710885039156729661,,inventory,328232.93,147704.8185,1.7493801702335359,0.78722107660509114492,C,3,0.021625,2025-01-01,C,3,0.021916,2024-03-01,0,12811.51,0,0,30,15,,,,,0,1.0134566473988439,0,0
F0000437,C000272,2025-12-31,2022-01-10,2023-01-10,credit_line,150268.35,126956.48,23311.87,0.1323,12,1,senior_secured,KZT,amortizing,energy,Almaty,medium,LLP,private,25.5,277,0,0,0,2.7450098322178041,2.5470519711658546,1.7461519372468197,0.46641263656700617195,4.7438184564633309,1.3845293426200534,0.08538855899989171508,-0.00512769239427493691,0.14911332398035215131,0.67954911735667232609,0.26710885039156729661,,none,0.0,0.00,0.000000000000000000000000,0.000000000000000000000000,C,3,0.021625,2025-01-01,C,3,0.021916,2023-01-01,30,14805.02,0,0,30,30,,,,,0,1.0134566473988439,0,0
F0000438,C000272,2025-12-31,2023-09-26,2026-09-26,credit_line,373354.25,330326.41,43027.84,0.1209,36,1,senior_secured,KZT,amortizing,energy,Almaty,medium,LLP,private,25.5,277,0,0,0,1.2983419112824882,1.1752116217819661,1.9465135311029746,0.33592238223707024587,4.7485873260556588,1.6747736245058604,0.11513412074898564881,0.07900479994476653082,0.14997209128732538812,0.28024481837906856038,0.17257644340480017340,0.12036421224669141729,equipment,615670.25,369402.150,1.8638238765105097,1.1182943259063058,C,3,0.025672,2025-01-01,C,3,0.021916,2025-12-01,0,24363.45,0,0,30,30,,,,,0,0.85369273917108133375,0,0
F0000439,C000273,2025-12-31,2024-04-23,2025-04-23,credit_line,2319378.97,1337719.36,981659.61,0.1336,12,1,senior_secured,KZT,amortizing,trade,Other,large,IE,private,22.4,385,0,0,0,1.0068754188124795,0.91137080431563825698,0.75998178309762092147,0.31816772424808277059,3.5560351493686047,4.6287984781899365,0.11948648575484775533,0.03357388011737606502,0.20370249937186171504,0.12930051015951133958,0.41865177735084420874,-0.05299209156613619483,none,0.0,0.00,0.000000000000000000000000,0.000000000000000000000000,C,3,0.017833,2025-01-01,B,2,0.014234,2025-04-01,0,75348.31,0,0,30,30,,,,,0,0.79818314361016093759,-1,0
F0000440,C000273,2025-12-31,2025-02-27,2028-02-27,term_loan,764828.27,662776.23,102052.04,0.1207,36,0,senior_secured,KZT,annuity,trade,Other,large,IE,private,22.4,385,0,0,0,1.6512317082963770,1.3093698892088074,0.63452505420975995208,0.30788123441383695728,2.4842624439145037,4.4730375786281167,0.12900432030394497643,0.06772919124228070107,0.38346333921101168075,0.56606732293904692402,0.48521525252816609690,0.49692631706104945009,real_estate,1556709.51,1167532.1325,2.3487708815387058,1.7615781611540293,B,2,0.014234,2025-01-01,B,2,0.014234,2025-12-01,30,74077.16,0,0,30,30,,,,,0,1.00000000000000000000,0,0
F0000441,C000273,2025-12-31,2023-09-07,2026-09-07,term_loan,3316173.14,3183823.18,132349.96,0.0989,36,0,senior_secured,USD,bullet,trade,Other,large,IE,private,22.4,385,0,0,0,1.2257084623221465,0.90744608595517877277,1.1878156272589745,0.41122412829456164783,3.2671149658450975,3.5868115708423911,0.10381265072207442313,0.02697266526885732193,0.23120964122576987134,0.31566817936089411636,0.34620198527233566567,0.08421430718894494754,equipment,3361047.7,2016628.62,1.0556640585800371,0.63339843514802225920,C,3,0.01606,2025-01-01,B,2,0.014234,2025-12-01,0,224543.62,0,0,30,30,,,,,0,0.88630136986301369863,-1,0
F0000442,C000274,2025-12-31,2025-01-07,2029-01-07,term_loan,151322.21,125417.3,25904.91,0.1487,48,0,senior_unsecured,USD,amortizing,services,Atyrau,small,JSC,private,3.0,35,0,0,0,2.0871726461073389,1.3701136221373903,1.4376435461082656,0.38538945869697654720,7.0857025912567051,1.2024570227599157,0.09292170376766600189,0.05483939136009704290,0.07418895038112034889,0.66194571239542557049,0.26807024574362311970,0.06426722381382016068,none,0.0,0.00,0.000000000000000000000000,0.000000000000000000000000,C,3,0.028806,2025-01-01,C,3,0.028806,2025-12-01,0,13076.16,0,0,30,30,,,,,0,1.00000000000000000000,0,0
F0000443,C000275,2025-12-31,2022-07-09,2026-07-09,term_loan,189492.56,162166.87,27325.69,0.1171,48,0,subordinated,KZT,annuity,real_estate,Kostanay,small,LLP,private,16.0,39,0,0,0,1.8351346487712810,1.6339892162629166,0.92942173562918320258,0.40573148419828634181,8.9068982591667876,1.9706097551628523,0.07984118069869886464,0.04228793815587968947,0.12052849662438207726,0.50076539678804079908,0.43654185031902825294,,guarantee,335886.32,235120.424,2.0712388418176906,1.4498671892723834,B,2,0.006462,2025-01-01,B,2,0.00882,2025-12-01,0,18000.38,0,0,30,30,,,,,0,1.3649025069637883,0,0
F0000444,C000276,2025-12-31,2022-09-28,2024-09-28,credit_line,199225.96,111206.72,88019.24,0.1346,24,1,senior_secured,KZT,annuity,energy,Atyrau,small,LLP,private,14.4,27,1,0,0,1.2245664966125249,0.81928541908483880770,0.34067406116415994838,0.20002514893388409385,1.6788301024726591,4.1641279052083619,0.13992861956628987622,0.08789907502289595417,0.50032859504896984152,0.18033130781775305973,0.58714522687859808533,,receivables,96289.65,52959.3075,0.86586179324414927443,0.47622398628428210094,B,2,0.005663,2025-01-01,B,2,0.009076,2024-09-01,0,10292.49,0,0,60,60,,,,,0,1.6026840897051033,0,0
F0000445,C000277,2025-12-31,2022-02-28,2024-02-28,term_loan,1620090.98,1589934.24,30156.74,0.119,24,0,senior_secured,KZT,amortizing,agriculture,Atyrau,large,LLP,private,14.8,606,0,0,0,1.0892738207231081,0.89328316833250912957,0.66893869219477013974,0.29433780050116235036,2.0451803038362917,5.2330252860416634,0.20750636678481177019,0.19830557892642020871,0.50182642253011510461,0.37036502542309637785,0.44000713957126297951,,guarantee,5060075.12,3542052.584,3.1825688086319847,2.2277981660423893,B,2,0.008917,2025-01-01,B,2,0.009015,2024-02-01,0,87120.75,0,0,30,15,,,,,0,1.0109902433553886,0,0
F0000446,C000278,2025-12-31,2025-04-03,2026-04-03,term_loan,159666.12,150185.89,9480.23,0.1151,12,0,senior_secured,USD,amortizing,trade,Kostanay,small,LLP,private,7.2,20,0,0,0,1.6291786114906927,1.3945099060870054,0.63397491172458530276,0.21453570989531318041,1.4573989948827260,5.1621506856212551,0.21389289784269652841,0.19023468170544908229,0.51187095092371324016,0.45294464506765548454,0.33839779134432516103,0.01526726558100535219,real_estate,392415.96,294311.9700,2.6128683593378845,1.9596512695034134,B,2,0.007942,2025-01-01,B,2,0.007942,2025-12-01,0,20705.45,0,0,30,30,,,,,0,1.00000000000000000000,0,0
F0000447,C000279,2025-12-31,2022-11-05,2024-11-05,credit_line,63671.15,23643.79,40027.36,0.0957,24,1,senior_unsecured,KZT,amortizing,manufacturing,Almaty,medium,LLP,private,24.4,229,0,0,0,0.97442604294820992606,0.80537272113303049367,0.45516726203326917041,0.18986383697639752299,1.1507665664484616,7.4233457801788714,0.14942103747553126441,0.09519279084826739592,0.34066772915660659287,0.86406477493842783470,0.41712981757136997256,,equipment,44783.91,26870.346,1.8941087702098521,1.13646526212591128580,B,2,0.010854,2025-01-01,A,1,0.004729,2024-11-01,15,1851.44,0,0,30,15,,,,,0,0.43569191081628892574,-1,0
F0000448,C000279,2025-12-31,2022-07-25,2025-07-25,leasing,239979.05,236119.34,3859.71,0.113,36,0,subordinated,EUR,annuity,manufacturing,Almaty,medium,LLP,private,24.4,229,0,0,0,0.97442604294820992606,0.80537272113303049367,0.45516726203326917041,0.18986383697639752299,1.1507665664484616,7.4233457801788714,0.14942103747553126441,0.09519279084826739592,0.34066772915660659287,0.86406477493842783470,0.41712981757136997256,,real_estate,499964.11,374973.0825,2.1174212582501713,1.5880659436876285,B,2,0.010854,2025-01-01,A,1,0.004729,2025-07-01,0,19751.6,0,0,60,60,,,,,0,0.43569191081628892574,-1,0
F0000449,C000280,2025-12-31,2024-09-24,2025-09-24,credit_line,185209.38,118835.05,66374.32,0.094,12,1,senior_unsecured,USD,annuity,real_estate,Kostanay,small,LLP,private,24.0,28,0,0,0,2.7846293774707973,2.4285761514347154,1.9212864095443192,0.37893613178251909922,6.3851893575737583,1.1659888516114799,0.09151400685915404071,0.03787097552134560262,0.07167455472146721913,0.64972598835349155139,0.19723042327270363302,-0.13798440043807599339,receivables,263180.91,144749.5005,2.2146741218184366,1.2180707670001401,C,3,0.017423,2025-01-01,C,3,0.020695,2025-09-01,0,4308.41,0,0,5,5,,,,,0,1.1877977386213626,0,0
F0000450,C000281,2025-12-31,2024-03-07,2026-03-07,term_loan,90309.0,83972.28,6336.73,0.1293,24,0,senior_unsecured,KZT,amortizing,energy,Atyrau,small,LLP,private,19.4,71,1,0,0,2.1188190804369989,1.7699955571183208,10.1227302909566150,0.65352464382537446971,6.5116470738354726,1.3980824562125766,0.12785280932724517603,0.07921551980228513173,0.10919078372152371809,1.3781674475112922,0.06456011619801986180,-0.08927788881485006414,guarantee,167697.75,117388.425,1.9970608157834943,1.3979425710484460,C,3,0.023278,2025-01-01,C,3,0.020423,2025-12-01,0,6179.7,0,0,30,30,,,,,0,0.87735200618609846207,0,0
F0000451,C000282,2025-12-31,2022-04-20,2026-04-20,term_loan,510164.34,454064.41,56099.93,0.1245,48,0,senior_secured,KZT,annuity,services,Atyrau,medium,LLP,private,14.3,138,0,0,0,0.85358651234780057142,0.60162241234880938452,4.2691162392527692,0.45097249735008043963,5.8875458081374828,2.8501294911726634,0.06000138125910584045,-0.02853034765850866630,0.18654682151729577267,0.24741282212757914420,0.10563603145858940858,,none,0.0,0.00,0.000000000000000000000000,0.000000000000000000000000,C,3,0.018231,2025-01-01,C,3,0.015806,2025-12-01,0,31474.16,1,0,30,15,,,,,0,0.86698480609950085020,0,0
F0000452,C000283,2025-12-31,2023-11-12,2026-11-12,term_loan,159357.15,147298.76,12058.39,0.1367,36,0,senior_secured,KZT,annuity,trade,Karaganda,small,LLP,private,9.9,50,0,0,0,1.1135818160152429,0.76094401569418094665,2.3723072526708505,0.29583599660450235211,-51.2398789041659121,-0.12938558298274424022,-0.00640500625127744842,-0.04449524777040331324,-0.01300753121895854063,0.64829522243966676029,0.12470391272944802929,-0.11214424639845856360,none,0.0,0.00,0.000000000000000000000000,0.000000000000000000000000,C,3,0.021597,2025-01-01,C,3,0.016775,2025-12-01,0,15377.36,0,0,30,30,,,,,0,0.77672824929388340973,0,0
F0000453,C000283,2025-12-31,2022-10-13,2024-10-13,credit_line,194244.95,121156.23,73088.72,0.1552,24,1,senior_unsecured,KZT,amortizing,trade,Karaganda,small,LLP,private,9.9,50,0,0,0,1.6337123727438035,1.1795910660194184,0.84895174206507643619,0.25232272874257693838,5.1326221665679755,2.4067171826262902,0.08482405270515788279,0.00194030939427761891,0.16417436809924325255,0.34519616484851903825,0.29721681014376801597,,receivables,104343.71,57389.0405,0.86123272406214686608,0.47367799823418077634,C,3,0.018012,2025-01-01,C,3,0.016775,2024-10-01,0,8101.54,0,0,15,15,,,,,0,0.93132356206973129025,0,0
F0000454,C000284,2025-12-31,2023-03-19,2025-03-19,term_loan,171665.75,147657.16,24008.59,0.1094,24,0,senior_secured,KZT,annuity,trade,Kostanay,medium,LLP,private,14.2,137,1,0,0,3.6691416894568661,3.3551132027523402,0.24913409181279914747,0.15921456083580499513,1.0144966004938793,12.8741981677946079,0.21880268314716374941,0.13006287263415795470,0.67477713344725972527,0.73892108328877666621,0.63907175319642633318,0.02203971942589191193,none,0.0,0.00,0.000000000000000000000000,0.000000000000000000000000,A,1,0.002194,2025-01-01,A,1,0.00447,2025-03-01,0,13932.87,0,0,60,60,,,,,0,2.0373746581586144,0,0
F0000455,C000284,2025-12-31,2022-04-04,2026-04-04,term_loan,588084.77,579771.87,8312.9,0.1114,48,0,senior_unsecured,KZT,bullet,trade,Kostanay,medium,LLP,private,14.2,137,1,0,0,3.3122093716227912,3.0427596436562430,0.56573754074248970875,0.27423597741040663177,1.3243072247537658,5.0170678151167675,0.15505854653658246441,0.11916631358132319907,0.42067328994286091080,0.50361839591306443743,0.48474063971517904817,,inventory,667625.14,300431.3130,1.1515307563990643,0.51818884037957895405,A,1,0.003719,2025-01-01,A,1,0.00447,2025-12-01,0,25635.79,0,0,15,5,,,,,0,1.2019360043022318,0,0
F0000456,C000285,2025-12-31,2024-07-21,2027-07-21,credit_line,98951.7,54919.59,44032.11,0.1538,36,1,senior_secured,KZT,bullet,agriculture,Karaganda,small,LLP,private,15.4,35,0,0,0,1.7028778257171848,1.4268817058599881,3.2848866640418471,0.56765469082677064361,70.8179576529416361,0.20734781425368395132,0.00819325863365508725,-0.06707758556939709907,0.00780234718695200736,0.76593454483699893734,0.17280799883923761640,-0.40316199323910248624,real_estate,30547.61,22910.7075,0.55622429082227307232,0.41716821811670480424,D,4,0.059367,2025-01-01,D,4,0.041811,2025-12-01,0,2822.07,0,0,5,5,2025-12-02,90dpd,150,1,1,0.70428015564202334630,0,0
F0000457,C000285,2025-12-31,2023-10-15,2026-10-15,term_loan,50046.3,41918.72,8127.57,0.1302,36,0,senior_unsecured,EUR,amortizing,agriculture,Karaganda,small,LLP,private,15.4,35,0,0,0,1.8142326268698754,1.6162273963952551,2.2061468315586694,0.31687016868001842797,5.1445906759269004,1.7375695616232475,0.06781163762229972603,0.02340581297319879189,0.14389420119960678971,0.56943420540807461084,0.14363058892872775437,-0.15921720469390591922,none,0.0,0.00,0.000000000000000000000000,0.000000000000000000000000,D,4,0.060939,2025-01-01,D,4,0.041811,2025-12-01,30,4030.47,0,0,60,60,,,,,0,0.68611234185004676808,0,0
F0000458,C000286,2025-12-31,2024-10-18,2025-10-18,term_loan,53130.86,44855.98,8274.87,0.1213,12,0,senior_secured,KZT,amortizing,transport,Almaty,small,LLP,private,3.5,29,0,0,0,1.0742202073607272,0.93649765551495070779,1.8132825576954553,0.30489315088921545546,3.0540303215531351,2.3796203647660998,0.08955330244382278035,0.03683183088091721070,0.18217254384869069532,0.33293234139964655510,0.16814431352425931003,-0.14449937156972008248,guarantee,94858.95,66401.265,2.1147447898808587,1.4803213529166011,B,2,0.01423,2025-01-01,C,3,0.021735,2025-10-01,0,2160.24,1,0,15,15,,,,,0,1.5274068868587491,1,0
F0000459,C000287,2025-12-31,2023-07-06,2025-07-06,term_loan,115691.21,110517.36,5173.86,0.1261,24,0,senior_secured,KZT,annuity,trade,Other,small,JSC,foreign_owned,22.1,36,0,0,0,1.5030141188449781,0.99826555597948151457,1.9740022856810788,0.44563652451732630544,13.0882938330453048,0.64395341317131752827,0.05142784892920448893,-0.03375131038485313103,0.06557733477166929061,0.40723368896433416234,0.22575279053619275068,-0.05202565756028478071,none,0.0,0.00,0.000000000000000000000000,0.000000000000000000000000,C,3,0.031792,2025-01-01,C,3,0.01717,2025-07-01,0,11169.51,0,0,30,30,,,,,0,0.54007297433316557625,0,0
F0000460,C000288,2025-12-31,2022-11-10,2024-11-10,working_capital,272614.05,257934.95,14679.1,0.1464,24,0,senior_unsecured,KZT,amortizing,services,Astana,small,LLP,private,12.3,39,0,0,0,1.3499098828543689,0.88990089999200381940,0.62808279729335880904,0.27783613955204270573,2.1539377713859631,4.0353415140804099,0.11899294515638214374,0.09836656700280107822,0.32893972540521047664,0.41303892304149131497,0.44235591350271244855,,none,0.0,0.00,0.000000000000000000000000,0.000000000000000000000000,B,2,0.01356,2025-01-01,C,3,0.028119,2024-11-01,0,24146.51,0,0,30,30,,,,,0,2.0736725663716814,1,0
F0000461,C000289,2025-12-31,2022-10-01,2023-10-01,credit_line,174860.1,87670.98,87189.12,0.1074,12,1,senior_secured,KZT,amortizing,transport,Almaty,small,JSC,private,13.0,27,1,0,0,3.3118654848480907,2.4456581929113722,0.33792595407151897731,0.19072791659035854159,1.5657638868232405,4.8592051146049899,0.16211576605593294799,0.10229116152541397570,0.59942673852520823070,1.9540242127312103,0.56440742207682781293,,guarantee,170192.25,119134.575,1.9412609508870552,1.3588826656209387,A,1,0.00307,2025-01-01,A,1,0.003938,2023-10-01,0,4586.74,0,0,15,15,,,,,0,1.2827361563517915,0,0
F0000462,C000290,2025-12-31,2024-03-29,2025-09-29,term_loan,23124.44,20334.89,2789.56,0.1077,18,0,senior_secured,KZT,bullet,trade,Aktobe,micro,LLP,private,14.6,8,0,0,0,4.7008567734693127,3.8020170755265771,0.33954315654693950481,0.22896545549446990738,2.8320457577747867,3.3019245917900940,0.13992475572811340793,0.09088760464158826489,0.19412909908523268536,4.1488041826376966,0.67433388386615004210,-0.02647439261395459309,none,0.0,0.00,0.000000000000000000000000,0.000000000000000000000000,B,2,0.014159,2025-01-01,B,2,0.010933,2025-09-01,0,1918.85,0,0,60,60,,,,,0,0.77215905078042234621,0,0
F0000463,C000291,2025-12-31,2025-05-07,2028-05-07,term_loan,12690.94,10636.32,2054.62,0.1548,36,0,senior_secured,KZT,amortizing,trade,Astana,micro,JSC,private,6.6,6,0,0,0,3.4683620853501707,2.4490563957501812,0.29090831392849691352,0.20342326835380563290,2.6815919053044200,5.4293931811510128,0.11094147546356828505,0.06535521966427851730,0.37188165182801955187,1.4059079133464078,0.69926935262429643000,0.18148599988525879205,receivables,21169.0,11642.950,1.9902560284008003,1.09464081562044015223,B,2,0.008819,2025-01-01,B,2,0.008819,2025-12-01,0,342.71,0,0,15,15,,,,,0,1.00000000000000000000,0,0
F0000464,C000292,2025-12-31,2024-10-18,2027-10-18,term_loan,67142.15,66680.58,461.57,0.1092,36,0,senior_unsecured,KZT,bullet,agriculture,Kostanay,small,LLP,private,19.6,78,0,0,0,1.9763531857337163,1.6648311405440546,0.66613672346547848685,0.32574047812286088109,5.3698734495047627,1.9017976403521805,0.10770279701661384801,0.07884988729080312377,0.16807923160752213722,0.44412799426212229495,0.48899943006931651524,0.10707898860223748095,real_estate,145780.51,109335.3825,2.1862513793371323,1.6396885345028493,C,3,0.018444,2025-01-01,C,3,0.016868,2025-12-01,5,3723.29,0,0,60,15,,,,,0,0.91455215788332248970,0,0
F0000465,C000293,2025-12-31,2022-05-10,2027-05-10,overdraft,56398.73,35012.85,21385.88,0.1596,60,1,senior_secured,KZT,bullet,services,Karaganda,small,LLP,private,3.1,34,0,0,0,1.2484090293338934,0.94572780307218885479,1.5076470865551997,0.45859194382908162825,3.6702870840141550,1.8560614357859283,0.10927792377678823925,0.05485553611175327538,0.26304294053042449358,0.19471638413629493341,0.30417724938328340628,,none,0.0,0.00,0.000000000000000000000000,0.000000000000000000000000,B,2,0.014379,2025-01-01,B,2,0.010012,2025-12-01,0,1867.69,0,0,60,0,,,,,0,0.69629320536894081647,0,0
F0000466,C000293,2025-12-31,2022-07-10,2023-07-10,term_loan,112705.74,91731.86,20973.88,0.1364,12,0,senior_secured,KZT,annuity,services,Karaganda,small,LLP,private,3.1,34,0,0,0,1.2484090293338934,0.94572780307218885479,1.5076470865551997,0.45859194382908162825,3.6702870840141550,1.8560614357859283,0.10927792377678823925,0.05485553611175327538,0.26304294053042449358,0.19471638413629493341,0.30417724938328340628,,real_estate,124584.74,93438.5550,1.3581403451319967,1.01860525884899750207,B,2,0.014379,2025-01-01,B,2,0.010012,2023-07-01,0,9312.56,0,0,30,30,,,,,0,0.69629320536894081647,0,0
F0000467,C000294,2025-12-31,2025-06-08,2026-06-08,trade_finance,135953.68,94405.61,41548.08,0.1389,12,1,senior_secured,KZT,amortizing,real_estate,Almaty,small,LLP,foreign_owned,18.0,60,0,0,0,2.4558348739768637,1.7307788454075477,0.42972135964737422294,0.22120172729895826205,2.1420961253157491,4.2452101369554786,0.15278795142016875769,0.14516628902586438538,0.39440278670999970711,0.68972682216101458206,0.51475618405488282325,0.35127114197185715588,receivables,74173.28,40795.3040,0.78568720651240959091,0.43212796358182527500,B,2,0.007233,2025-01-01,B,2,0.007233,2025-12-01,0,5455.68,0,0,0,0,,,,,0,1.00000000000000000000,0,0
F0000468,C000295,2025-12-31,2022-09-03,2023-09-03,working_capital,16949.25,14529.56,2419.68,0.1271,12,0,senior_secured,KZT,bullet,agriculture,Other,micro,LLP,foreign_owned,12.9,7,0,0,0,1.7891084951062430,1.5570201659207213,1.5168383140859894,0.32972689992147282087,-31.0477934986834396,-0.31978060078516837188,-0.01538055354787575739,-0.07895723010206332861,-0.01684958723575930834,0.86011608406268015303,0.21737775006043302948,,equipment,26974.29,16184.574,1.8565111400482878,1.11390668402897265987,C,3,0.019553,2025-01-01,C,3,0.024385,2023-09-01,0,660.02,0,0,30,30,,,,,0,1.2471232036004705,0,0
F0000469,C000296,2025-12-31,2022-02-20,2024-02-20,credit_line,384489.31,289252.43,95236.89,0.1431,24,1,senior_unsecured,KZT,amortizing,manufacturing,Aktobe,small,LLP,private,13.5,38,0,0,0,1.6993062875920516,1.3996885261169205,0.45989736367925523200,0.21937139110530614297,2.4161819978958082,4.2542987142470190,0.10566109095272879027,0.05050778698119897881,0.16982376742884791454,0.98229872768625005259,0.47700075806109999893,,none,0.0,0.00,0.000000000000000000000000,0.000000000000000000000000,C,3,0.019071,2025-01-01,C,3,0.020498,2024-02-01,0,19422.43,0,0,60,60,,,,,0,1.0748256515127681,0,0
F0000470,C000297,2025-12-31,2025-03-04,2027-03-04,overdraft,9127.49,6728.84,2398.64,0.1523,24,1,senior_unsecured,KZT,amortizing,energy,Shymkent,micro,LLP,private,5.6,5,0,0,0,0.85347834093893101790,0.76554105587453479842,3.3676013560268273,0.60423579308182590881,9.6571935138246646,0.83754651670834965499,0.08898530692623169769,0.02021500673196610427,0.05440867122553915464,0.16954113022841535412,0.17942616396695986854,0.03312255578194357925,none,0.0,0.00,0.00000000000000000000,0.00000000000000000000,D,4,0.047771,2025-01-01,D,4,0.047771,2025-12-01,0,817.95,0,0,60,60,,,,,0,1.00000000000000000000,0,0
F0000471,C000297,2025-12-31,2024-12-28,2027-12-28,credit_line,31986.7,23031.14,8955.57,0.1532,36,1,senior_unsecured,KZT,annuity,energy,Shymkent,micro,LLP,private,5.6,5,0,0,0,1.3545936247263851,0.96666081980332613438,5.7959692965070236,0.57690150669383549364,14.9371997584942642,0.45975490171427996721,0.04724815555430837150,-0.01292799300143698342,0.06464329481895273065,0.20865665916142640764,0.09953494871712117676,-0.12800601834560748014,real_estate,26727.7,20045.775,1.16050269331001418080,0.87037701998251063560,D,4,0.044283,2025-01-01,D,4,0.047771,2025-12-01,0,988.06,0,0,5,5,,,,,0,1.0787661179233566,0,0
F0000472,C000298,2025-12-31,2022-03-05,2025-03-05,term_loan,583067.99,509000.57,74067.42,0.1041,36,0,senior_secured,EUR,amortizing,agriculture,Atyrau,medium,JSC,private,15.5,120,0,0,0,2.7320212206959969,2.5241863078292152,0.41121614020844485475,0.21567328580974710747,1.6184648479604075,9.0960861876640329,0.22553694834549572026,0.19354468064956257213,0.23231531466243406405,1.2704731504850027,0.52447670390666727503,,inventory,723403.38,325531.5210,1.4212231235811779,0.63955040561153006174,B,2,0.00579,2025-01-01,B,2,0.005899,2025-03-01,60,34195.96,0,0,60,5,,,,,0,1.0188255613126079,0,0
F0000473,C000299,2025-12-31,2022-05-26,2024-05-26,credit_line,2000972.69,1840213.54,160759.15,0.1257,24,1,senior_secured,KZT,bullet,manufacturing,Aktobe,medium,LLP,private,19.2,151,0,0,0,1.9831012432587043,1.3078132098117223,2.1424901958157740,0.38206372653866150275,4.5577092803746034,2.4851876866690975,0.13011633493356466484,0.05091166308752336104,0.08707826088828589696,0.42963315590643155560,0.17832694277193041044,,real_estate,4091106.15,3068329.6125,2.2231692469777176,1.6673769352332882,B,2,0.007376,2025-01-01,B,2,0.010241,2024-05-01,5,112201.38,0,0,30,30,,,,,0,1.3884219088937093,0,0
F0000474,C000300,2025-12-31,2022-02-25,2025-02-25,term_loan,37473.94,30095.01,7378.93,0.136,36,0,senior_secured,KZT,annuity,agriculture,Almaty,micro,LLP,private,25.5,14,0,0,0,1.5431490286655856,1.3230305110048426,1.1313263057922793,0.35979374021192307717,2.2244898389911658,4.6127574440328477,0.17483829241275000704,0.12606226780405249699,0.18527903779331869861,0.74273022412594872665,0.31802826326040025151,,equipment,41013.78,24608.268,1.3628099807908354,0.81768598847450125453,B,2,0.010677,2025-01-01,C,3,0.01911,2025-02-01,0,2191.3,0,0,30,30,,,,,0,1.7898286035403203,1,0
F0000475,C000300,2025-12-31,2024-11-01,2026-05-01,term_loan,83321.47,75755.41,7566.06,0.1011,18,0,senior_secured,KZT,bullet,agriculture,Almaty,micro,LLP,private,25.5,14,0,0,0,2.1219975132393895,1.4417083051022694,0.39435117379969387176,0.21756185571831679927,1.2712877838412364,7.8376097977784107,0.12109320653413715470,0.06689430214723494426,0.39228171405258950149,0.78429067496939707444,0.55169572242436086521,-0.05241084300151901031,equipment,161855.41,97113.246,2.1365524917626345,1.2819314950575807,B,2,0.008376,2025-01-01,C,3,0.01911,2025-12-01,90,23316.76,0,0,120,120,2025-08-04,90dpd,150,1,1,2.2815186246418338,1,1
F0000476,C000301,2025-12-31,2024-03-06,2027-03-06,working_capital,88884.96,86275.15,2609.81,0.1314,36,0,senior_unsecured,KZT,amortizing,trade,Kostanay,small,LLP,foreign_owned,17.3,38,0,0,0,1.05621330558936410584,0.70062099031746785260,2.5921052959062193,0.42756696725631666936,12.5421185575752588,0.84564596216891007118,0.04007539375464590124,0.01745541734555860991,0.04154793845795381114,0.64022531706225518228,0.16494969086772228502,0.36617121379260099215,real_estate,195140.74,146355.5550,2.2618417933785105,1.6963813450338829,C,3,0.026872,2025-01-01,C,3,0.016904,2025-12-01,0,4514.38,0,0,15,15,,,,,0,0.62905626674605537362,0,0
F0000477,C000301,2025-12-31,2024-04-05,2025-04-05,credit_line,81471.28,74856.49,6614.79,0.1638,12,1,senior_secured,KZT,annuity,trade,Kostanay,small,LLP,foreign_owned,17.3,38,0,0,0,1.05621330558936410584,0.70062099031746785260,2.5921052959062193,0.42756696725631666936,12.5421185575752588,0.84564596216891007118,0.04007539375464590124,0.01745541734555860991,0.04154793845795381114,0.64022531706225518228,0.16494969086772228502,0.36617121379260099215,real_estate,61970.36,46477.7700,0.82785554064851290783,0.62089165548638468087,C,3,0.026872,2025-01-01,C,3,0.016904,2025-04-01,120,34022.44,0,0,360,360,2024-10-19,bankruptcy,120,0,1,0.62905626674605537362,0,1
F0000478,C000301,2025-12-31,2023-09-02,2025-09-02,trade_finance,58478.14,22202.21,36275.92,0.1442,24,1,senior_secured,EUR,annuity,trade,Kostanay,small,LLP,foreign_owned,17.3,38,0,0,0,1.2034435588133847,1.0353890595979163,3.8945479150843462,0.45525155157487194016,3.3715010129939202,2.7140713513299007,0.12024900096158014524,0.03096369385235401424,0.28484135297372626949,0.40409868432986497253,0.11689458224704171656,-0.05176657878609144147,inventory,50854.33,22884.4485,2.2905075665890918,1.03072840496509131298,C,3,0.019948,2025-01-01,C,3,0.016904,2025-09-01,0,1475.64,0,0,30,15,,,,,0,0.84740324844595949469,0,0
F0000479,C000302,2025-12-31,2024-07-04,2026-07-04,working_capital,49276.08,40230.19,9045.89,0.1292,24,0,senior_unsecured,KZT,amortizing,manufacturing,Karaganda,micro,LLP,private,6.2,13,0,0,0,3.3848177952769516,2.8158069987299966,0.34672024840444813861,0.20514481148193271933,2.7603551572309443,2.7773155712155241,0.09568063078401279562,0.06571628152324628130,0.25835032380282930656,3.1507353422516388,0.59167242878365703880,-0.12963393825079791852,real_estate,42761.03,32070.7725,1.06290897457854412321,0.79718173093390809241,B,2,0.010808,2025-01-01,B,2,0.007813,2025-12-01,30,5715.41,0,0,60,60,,,,,0,0.72289045151739452258,0,0
F0000480,C000303,2025-12-31,2022-08-01,2026-08-01,credit_line,3839.7,3621.7,218.0,0.1546,48,1,senior_secured,KZT,bullet,transport,Atyrau,micro,LLP,private,25.8,10,0,0,0,1.1925076666167432,0.82543392742250785173,1.7557565491154805,0.40296803537765362677,5.7595351168518338,1.7367264119039567,0.11681487725080213160,0.02483712000107835468,0.18871574745322645577,0.38957102183377199517,0.22951247744492929717,,receivables,3206.6,1763.630,0.88538531628793108209,0.48696192395836209515,C,3,0.027994,2025-01-01,C,3,0.021196,2025-12-01,0,155.82,0,0,60,0,,,,,0,0.75716224905336857898,0,0
F0000481,C000304,2025-12-31,2023-03-26,2026-03-26,credit_line,5784.91,4631.63,1153.28,0.1433,36,1,senior_secured,USD,annuity,energy,Other,micro,LLP,state_related,4.5,14,0,1,0,0.92319421472069769190,0.83656225722376763652,7.4076024096923578,0.37038061668736521938,-4.6580859123802677,-2.4333057732649115,-0.06920570091403755924,-0.10492376931031393429,-0.22204913620094804787,0.40213059377985276901,0.05000006698560747238,-0.00550548045202688691,none,0.0,0.00,0.00000000000000000000,0.00000000000000000000,D,4,0.038424,2025-01-01,D,4,0.037624,2025-12-01,0,517.45,0,0,60,30,,,,,0,0.97917967936706225276,0,0
F0000482,C000304,2025-12-31,2024-09-08,2028-09-08,working_capital,7257.23,6091.15,1166.08,0.1218,48,0,senior_secured,KZT,annuity,energy,Other,micro,LLP,state_related,4.5,14,0,1,0,1.9468695130404864,1.7604013266248780,2.2532997039241663,0.41618716036053465473,30.5095121904725595,0.28594477770176906494,0.02298688898558230984,-0.01832698180250266528,0.02068543019565466634,0.78207502462311887015,0.18470120048200265133,-0.11298458828470210942,receivables,6932.84,3813.0620,1.1381824450226969,0.62600034476248327492,D,4,0.069595,2025-01-01,D,4,0.037624,2025-12-01,0,618.43,0,0,60,60,,,,,0,0.54061354982398160787,0,0
F0000483,C000304,2025-12-31,2022-09-18,2026-09-18,term_loan,10034.5,8582.44,1452.06,0.1366,48,0,senior_secured,KZT,amortizing,energy,Other,micro,LLP,state_related,4.5,14,0,1,0,1.8891284355749021,1.4344528276763208,1.6582851441897923,0.44011705591097970227,123.6471416410189248,0.05161344836035792444,0.00590284293919136347,-0.03447022941305733906,0.00591087193172601326,1.5216989694373059,0.26540493198834801874,,none,0.0,0.00,0.00000000000000000000,0.00000000000000000000,D,4,0.05228,2025-01-01,D,4,0.037624,2025-12-01,0,512.56,0,0,60,60,,,,,0,0.71966335118592195868,0,0
F0000484,C000304,2025-12-31,2023-10-17,2025-10-17,credit_line,14947.35,7812.15,7135.2,0.1476,24,1,senior_unsecured,KZT,amortizing,energy,Other,micro,LLP,state_related,4.5,14,0,1,0,0.92319421472069769190,0.83656225722376763652,7.4076024096923578,0.37038061668736521938,-4.6580859123802677,-2.4333057732649115,-0.06920570091403755924,-0.10492376931031393429,-0.22204913620094804787,0.40213059377985276901,0.05000006698560747238,-0.00550548045202688691,none,0.0,0.00,0.00000000000000000000,0.00000000000000000000,D,4,0.038424,2025-01-01,D,4,0.037624,2025-10-01,15,599.19,0,0,60,60,,,,,0,0.97917967936706225276,0,0
F0000485,C000305,2025-12-31,2023-11-13,2026-11-13,leasing,247207.04,207896.72,39310.33,0.1459,36,0,senior_unsecured,USD,annuity,services,Aktobe,small,LLP,private,13.0,34,0,0,0,1.1536178199696337,0.88722602302352091214,0.86665209751893814674,0.32950681496317427419,4.6002242878408503,2.3020287151817777,0.08541163755017219475,0.07248937400120182441,0.11215134852331027022,0.26110123265696238397,0.38020656259471392615,0.19320310160975446841,receivables,345207.69,189864.2295,1.6604768463879565,0.91326226551337606481,B,2,0.008587,2025-01-01,B,2,0.011819,2025-12-01,0,11361.62,0,0,60,60,,,,,0,1.3763829043903575,0,0
F0000486,C000306,2025-12-31,2023-05-18,2025-05-18,overdraft,62591.41,42258.9,20332.51,0.1288,24,1,senior_secured,KZT,bullet,real_estate,Atyrau,small,JSC,private,22.6,81,0,0,0,1.0069686916740442,0.70826648204027437639,1.3928573523904974,0.32611604750439599661,7.6544818709110016,1.4392807027470930,0.06275261244266564454,0.02920286576422907432,0.10363990698687611432,0.22661281796572770337,0.23413456298643787166,0.06717769867098413571,none,0.0,0.00,0.000000000000000000000000,0.000000000000000000000000,C,3,0.024578,2025-01-01,C,3,0.020424,2025-05-01,0,2661.21,0,0,60,5,,,,,0,0.83098706159980470339,0,0
F0000487,C000307,2025-12-31,2023-06-15,2025-06-15,term_loan,611112.42,603345.28,7767.14,0.121,24,0,senior_secured,KZT,amortizing,transport,Shymkent,medium,IE,foreign_owned,18.7,118,1,0,0,4.2613657878032698,3.6897557852015321,0.36271827085382229507,0.23113205544325463450,1.9733061464452522,4.7344740348968791,0.19450218156665385279,0.13922344827770534001,0.26497328977366431524,1.9558137299893745,0.63722198195084107399,0.02605992088990046408,inventory,1327476.78,597364.5510,2.2001941906299491,0.99008738578347708297,A,1,0.003226,2025-01-01,A,1,0.004367,2025-06-01,0,24964.45,0,0,60,60,,,,,0,1.3536887786732796,0,0
F0000488,C000308,2025-12-31,2022-03-22,2026-03-22,term_loan,17805.96,17010.13,795.83,0.1126,48,0,senior_unsecured,USD,annuity,trade,Astana,micro,LLP,private,12.7,6,0,0,0,2.6593187288162261,1.9491873653095178,0.29339256828946743104,0.15480060318798081779,0.85896819824404320968,10.8792818299041319,0.19164714102655898554,0.16796009115531710545,0.40919303360810146023,2.4525517861835220,0.52762278230323546040,,none,0.0,0.00,0.000000000000000000000000,0.000000000000000000000000,A,1,0.00319,2025-01-01,B,2,0.008893,2025-12-01,15,1012.6,1,0,30,5,,,,,0,2.7877742946708464,1,0
F0000489,C000309,2025-12-31,2023-10-23,2025-04-23,term_loan,49506.88,45332.27,4174.61,0.1313,18,0,senior_secured,KZT,annuity,agriculture,Karaganda,small,LLP,private,18.4,23,1,0,0,2.1119693671986422,1.6897670727132406,0.53597244999156359893,0.28928572776358873746,3.4452698818149302,3.8309550968871288,0.10862517578082488273,0.09697592225644434762,0.23823825700955745799,1.28152439201256376150,0.53973992090105041761,0.15522077023600853222,none,0.0,0.00,0.000000000000000000000000,0.000000000000000000000000,C,3,0.016914,2025-01-01,C,3,0.024133,2025-04-01,180,16070.4,0,0,360,30,2024-10-04,90dpd,90,0,1,1.4268061960506090,0,1
F0000490,C000310,2025-12-31,2024-11-16,2028-11-16,term_loan,1804415.51,1741424.86,62990.65,0.102,48,0,senior_secured,KZT,annuity,energy,Kostanay,medium,IE,private,23.4,317,1,0,0,2.7594339671940038,2.0444913823406177,0.17444073461877511353,0.12702582924249717474,0.59635395910903244895,11.9179750804104560,0.20356756527686163346,0.14660104253027438903,1.5218629919135967,1.4988677354910294,0.72818902947239333077,0.16880330475241645227,none,0.0,0.00,0.000000000000000000000000,0.000000000000000000000000,A,1,0.00373,2025-01-01,A,1,0.003104,2025-12-01,0,109084.78,0,0,0,0,,,,,0,0.83217158176943699732,0,0
F0000491,C000311,2025-12-31,2022-10-17,2025-10-17,term_loan,1271048.28,1099507.21,171541.07,0.1297,36,0,senior_secured,KZT,bullet,trade,Aktobe,large,IE,foreign_owned,10.0,799,0,0,0,1.2923531818706226,1.2138816431509679,0.84422452361143289826,0.25049226045635182319,3.2073004385983342,4.0024683752795824,0.11772190669434183067,0.07918722005515154262,0.16922915498227501968,1.0990809648720976,0.29671284528053424983,,inventory,2435449.16,1095952.1220,2.2150370073516844,0.99676665330825797859,B,2,0.01393,2025-01-01,C,3,0.018433,2025-10-01,0,86742.42,0,0,30,30,,,,,0,1.3232591529073941,1,0
F0000492,C000311,2025-12-31,2024-12-01,2026-12-01,term_loan,851244.85,705722.97,145521.88,0.1319,24,0,senior_secured,KZT,annuity,trade,Aktobe,large,IE,foreign_owned,10.0,799,0,0,0,1.7215271698294722,1.6233202782251577,0.83068696766633027266,0.27649615731552050008,3.4966298692242875,2.7189416455430902,0.11101146905406800296,0.06403073045320514313,0.28659585089144092721,0.53441365535985571690,0.33285240779964092592,0.13367848792197000547,real_estate,740566.27,555424.7025,1.0493724896045257,0.78702936720339427240,C,3,0.018804,2025-01-01,C,3,0.018433,2025-12-01,0,65453.7,0,0,30,30,,,,,0,0.98027015528610933844,0,0
F0000493,C000311,2025-12-31,2023-08-04,2027-08-04,working_capital,885943.19,776093.78,109849.41,0.1427,48,0,senior_secured,KZT,bullet,trade,Aktobe,large,IE,foreign_owned,10.0,799,0,0,0,2.5263678130652189,2.0988060951429854,2.0405086333682871,0.50049642207786110986,8.0781829908087651,1.3999710332274455,0.10942520029383451009,0.05597009827810707239,0.12960598506130782183,0.85997388172260332875,0.24528022763211096070,0.01913806499243522397,none,0.0,0.00,0.000000000000000000000000,0.000000000000000000000000,C,3,0.026622,2025-01-01,C,3,0.018433,2025-12-01,0,70124.28,0,0,60,60,,,,,0,0.69239726541957779280,0,0
F0000494,C000311,2025-12-31,2023-05-27,2026-05-27,working_capital,1317033.45,1053725.0,263308.45,0.1231,36,0,senior_secured,KZT,annuity,trade,Aktobe,large,IE,foreign_owned,10.0,799,0,0,0,2.5263678130652189,2.0988060951429854,2.0405086333682871,0.50049642207786110986,8.0781829908087651,1.3999710332274455,0.10942520029383451009,0.05597009827810707239,0.12960598506130782183,0.85997388172260332875,0.24528022763211096070,0.01913806499243522397,none,0.0,0.00,0.000000000000000000000000,0.000000000000000000000000,C,3,0.026622,2025-01-01,C,3,0.018433,2025-12-01,0,87997.19,0,0,30,30,,,,,0,0.69239726541957779280,0,0
F0000495,C000312,2025-12-31,2022-07-16,2023-07-16,credit_line,81956.4,36604.55,45351.85,0.1336,12,1,senior_secured,KZT,annuity,energy,Shymkent,small,LLP,private,9.9,31,0,0,1,1.2309605653215795,0.93581856486025313072,0.68638805255642870075,0.26098831853249548735,5.3934854337460284,1.7113836607137128,0.08071278250206280000,0.02413594416089251391,0.12027918875069183306,0.59830528263459812126,0.38023435512965802492,,none,0.0,0.00,0.000000000000000000000000,0.000000000000000000000000,C,3,0.027708,2025-01-01,C,3,0.026616,2023-07-01,0,2027.47,0,0,0,0,,,,,0,0.96058899956691208315,0,0
F0000496,C000312,2025-12-31,2022-11-01,2024-05-01,leasing,51527.89,49075.49,2452.4,0.1421,18,0,senior_secured,KZT,amortizing,energy,Shymkent,small,LLP,private,9.9,31,0,0,1,1.2309605653215795,0.93581856486025313072,0.68638805255642870075,0.26098831853249548735,5.3934854337460284,1.7113836607137128,0.08071278250206280000,0.02413594416089251391,0.12027918875069183306,0.59830528263459812126,0.38023435512965802492,,inventory,38628.3,17382.735,0.78712000634125099923,0.35420400285356294965,C,3,0.027708,2025-01-01,C,3,0.026616,2024-05-01,0,4745.28,0,0,60,60,,,,,0,0.96058899956691208315,0,0
F0000497,C000313,2025-12-31,2025-05-02,2026-05-02,credit_line,4639.61,2312.23,2327.38,0.1441,12,1,senior_unsecured,KZT,annuity,services,Kostanay,micro,IE,private,23.1,12,0,0,0,1.06481812754109768227,0.75784084451425778462,0.85315013567556255933,0.34865474467169037068,5.9476019489076687,2.5530016976181902,0.07483233225761799168,-0.00734529316484983261,0.09093819621745564536,0.58292528278832250279,0.40866751359725202327,-0.27857468191973937657,none,0.0,0.00,0.00000000000000000000,0.00000000000000000000,C,3,0.01771,2025-01-01,C,3,0.01771,2025-12-01,0,142.1,0,0,5,5,,,,,0,1.00000000000000000000,0,0
F0000498,C000314,2025-12-31,2022-01-04,2027-01-04,working_capital,45660.17,38148.23,7511.94,0.1176,60,0,senior_secured,KZT,amortizing,manufacturing,Kostanay,small,IE,private,19.2,45,0,0,0,1.5790546641536521,1.2205964433889611,0.49041501299942236541,0.22820352958939692404,1.3060720962592581,5.0686312002276183,0.19419577708607014163,0.13881483720433386187,0.38959965628883445529,1.2241333868349457,0.46532737281773572708,,none,0.0,0.00,0.000000000000000000000000,0.000000000000000000000000,B,2,0.012963,2025-01-01,B,2,0.011945,2025-12-01,0,2792.84,0,0,60,15,,,,,0,0.92146879580344056160,0,0
F0000499,C000315,2025-12-31,2023-05-21,2024-05-21,working_capital,34204.93,27596.1,6608.83,0.1413,12,0,subordinated,USD,annuity,real_estate,Other,small,JSC,private,20.1,70,0,0,0,1.1900915676341460,0.87557233511930684783,1.4560211347983676,0.30684760219423960281,2.1734147522216012,4.2040179936236188,0.09929083525231025062,0.04596845682623417888,0.25988058660864566464,0.53356925037176791201,0.21074392044228974233,0.18757960834145562655,real_estate,63619.85,47714.8875,2.3053927910103239,1.7290445932577429,C,3,0.025744,2025-01-01,C,3,0.01511,2024-05-01,0,3884.45,0,0,60,60,,,,,0,0.58693287756370416408,0,0
F0000500,C000316,2025-12-31,2022-08-26,2023-08-26,credit_line,19873077.08,9623449.19,10249627.88,0.1442,12,1,senior_unsecured,KZT,amortizing,real_estate,Shymkent,large,LLP,foreign_owned,10.2,349,0,0,0,1.9460395778513746,1.6070695075549549,1.2594093325055539,0.35532502426038237244,3.3283428096142185,3.4927176837731790,0.09590145981012142073,0.05877135087117437650,0.19657427143942145278,0.67291469836681018620,0.28213624838992958490,,none,0.0,0.00,0.000000000000000000000000,0.000000000000000000000000,C,3,0.016873,2025-01-01,B,2,0.009705,2023-08-01,5,847796.93,0,0,60,60,,,,,0,0.57517928050731938600,-1,0
F0000501,C000317,2025-12-31,2023-12-16,2024-12-16,credit_line,205104.86,103246.63,101858.23,0.117,12,1,senior_secured,KZT,bullet,trade,Atyrau,small,LLP,private,8.5,32,1,0,0,2.5750748782751634,1.9630772522314541,0.24461161195102653740,0.17171141866066702987,1.0710757323584141,15.6901878442773685,0.19897882778660928772,0.17864422371009758739,0.52196607400866080849,0.17880376014688666916,0.70197574551385243636,0.04928546571650436481,none,0.0,0.00,0.000000000000000000000000,0.000000000000000000000000,A,1,0.004446,2025-01-01,A,1,0.004157,2024-12-01,0,5337.2,0,0,15,15,,,,,0,0.93499775078722447143,0,0
F0000502,C000318,2025-12-31,2024-06-26,2025-12-26,credit_line,109576.73,47118.71,62458.02,0.1022,18,1,senior_secured,KZT,annuity,trade,Aktobe,small,LLP,foreign_owned,8.6,30,1,0,0,1.4705051553923731,1.0946785535302610,0.34173085532615144780,0.21284074537489485084,1.7718439888047776,4.6727975158674236,0.17702188374195549506,0.12769828616960896937,0.23651008860007948159,0.32528865991381480229,0.62283151216110541559,0.03916583742423142961,real_estate,60259.34,45194.5050,1.2788834838644776,0.95916261289835821057,A,1,0.002769,2025-01-01,A,1,0.003028,2025-12-01,0,6783.34,0,0,60,60,,,,,0,1.0935355724088118,0,0
F0000503,C000319,2025-12-31,2022-08-07,2027-08-07,term_loan,7757.22,7280.6,476.62,0.1293,60,0,subordinated,KZT,amortizing,services,Karaganda,micro,LLP,private,3.5,4,0,0,0,0.68827928043665044510,0.53320873489467375560,1.9892974354643898,0.46735691941469877909,5.4715121369452973,1.7604755068052604,0.09810894436542998729,0.02046198494273194299,0.17974498074525451845,0.27794521729936525568,0.23493566677503761869,,guarantee,6054.84,4238.388,0.83164024942999203362,0.58214817460099442354,C,3,0.020619,2025-01-01,C,3,0.025028,2025-12-01,5,570.96,1,0,60,0,,,,,0,1.2138319026140938,0,0
F0000504,C000320,2025-12-31,2025-05-22,2028-05-22,credit_line,126028.24,52637.64,73390.59,0.1357,36,1,senior_secured,KZT,bullet,energy,Karaganda,small,LLP,private,7.6,51,0,0,0,0.71287771259984299208,0.67330067643412303868,2.7603908967601987,0.36107540447655089107,-13.4197738969470887,-1.26948875867302861125,-0.04728662974359801003,-0.13123784236537659151,-0.04695661196204236014,0.46415288613723581475,0.13080589596942085315,-0.30565475787558564848,none,0.0,0.00,0.000000000000000000000000,0.000000000000000000000000,D,4,0.058328,2025-01-01,D,4,0.058328,2025-12-01,30,8765.0,0,0,30,30,,,,,0,1.00000000000000000000,0,0
F0000505,C000321,2025-12-31,2022-06-27,2024-06-27,term_loan,426436.72,347370.44,79066.27,0.1201,24,0,senior_secured,USD,annuity,trade,Almaty,medium,LLP,state_related,18.3,127,1,1,0,2.2841607698030324,2.1106881842667572,0.52312656051420430579,0.28592490304657078467,2.5451376173539928,2.7505955157140553,0.17864312382926088858,0.12763142834234022637,0.20517492450100411232,0.93980786103160527781,0.54656927143122404622,,none,0.0,0.00,0.000000000000000000000000,0.000000000000000000000000,A,1,0.002998,2025-01-01,A,1,0.003579,2024-06-01,0,17136.81,0,0,15,5,,,,,0,1.1937958639092728,0,0
F0000506,C000321,2025-12-31,2025-01-18,2027-01-18,term_loan,201268.78,200642.77,626.01,0.1163,24,0,senior_secured,KZT,bullet,trade,Almaty,medium,LLP,state_related,18.3,127,1,1,0,1.8947246270263356,1.7269174632897139,0.22144441848583268408,0.14666319958733116961,1.6804326753553899,7.2305369775338192,0.15428285351843622207,0.13746316716749301463,0.31981676605838675624,0.69105728994168941249,0.66230253437936264287,-0.10860453875564183578,equipment,407311.13,244386.678,2.0300314334775183,1.2180188600865110,A,1,0.003579,2025-01-01,A,1,0.003579,2025-12-01,0,17720.15,0,0,30,30,,,,,0,1.00000000000000000000,0,0
F0000507,C000321,2025-12-31,2024-07-23,2029-07-23,term_loan,263749.83,253624.05,10125.78,0.1222,60,0,subordinated,KZT,amortizing,trade,Almaty,medium,LLP,state_related,18.3,127,1,1,0,2.1067335623994113,1.6834768098515786,0.24545593766998766102,0.17608748291001285377,0.91774345844381396184,7.6583953381174649,0.20052397327478687130,0.18229671940501762847,0.77445840751183062941,0.17133404715280220666,0.71738937986808940421,0.43191600837224750746,equipment,502152.96,301291.776,1.9799106591035038,1.1879463954621023,A,1,0.002956,2025-01-01,A,1,0.003579,2025-12-01,0,19038.94,0,0,15,15,,,,,0,1.2107577807848444,0,0
F0000508,C000322,2025-12-31,2024-03-13,2025-09-13,overdraft,177697.58,100729.14,76968.44,0.1137,18,1,senior_secured,USD,amortizing,services,Shymkent,small,LLP,private,23.4,45,0,0,0,0.79677661603339278136,0.53687296079980702419,3.8880813071004373,0.35183465412346535935,2.6652917251145739,6.7918457727082835,0.12970853767253339166,0.10091430635553598329,0.36584509178383506156,0.24519737041212452371,0.09049055982469883341,-0.14348349115538179005,inventory,226131.18,101759.0310,2.2449430224461362,1.01022436010076130899,C,3,0.019503,2025-01-01,C,3,0.017227,2025-09-01,0,4329.94,1,0,5,5,,,,,0,0.88330000512741629493,0,0
F0000509,C000323,2025-12-31,2022-05-30,2026-05-30,term_loan,46916.19,42945.14,3971.05,0.1375,48,0,subordinated,KZT,annuity,construction,Aktobe,small,LLP,private,11.2,80,0,0,0,2.2868146486761144,2.1506629546826661,0.58932567181969429019,0.20811463354931562669,2.7235466762337421,5.5434576852759281,0.07203860576001197711,0.01496217326295285264,0.13902780206884796421,0.77267225206709794442,0.35314028134343490093,,real_estate,32529.9,24397.425,0.75747570039357189195,0.56810677529517891896,C,3,0.017754,2025-01-01,C,3,0.025637,2025-12-01,0,3594.97,0,0,60,5,,,,,0,1.4440126168750704,0,0
F0000510,C000323,2025-12-31,2022-08-04,2025-08-04,overdraft,23673.08,19684.75,3988.33,0.1307,36,1,senior_unsecured,USD,amortizing,construction,Aktobe,small,LLP,private,11.2,80,0,0,0,2.2868146486761144,2.1506629546826661,0.58932567181969429019,0.20811463354931562669,2.7235466762337421,5.5434576852759281,0.07203860576001197711,0.01496217326295285264,0.13902780206884796421,0.77267225206709794442,0.35314028134343490093,,none,0.0,0.00,0.000000000000000000000000,0.000000000000000000000000,C,3,0.017754,2025-01-01,C,3,0.025637,2025-08-01,30,1246.34,0,0,30,30,,,,,0,1.4440126168750704,0,0
F0000511,C000324,2025-12-31,2023-08-15,2026-08-15,overdraft,2810523.78,1657564.01,1152959.76,0.1295,36,1,senior_secured,KZT,amortizing,services,Other,large,IE,state_related,4.0,530,0,1,0,1.4407879890917667,1.2210069897175907,1.2470339521795822,0.47532819877799458619,16.3919151115656274,0.52782934656187260828,0.04616279554084557013,0.02022819635205379464,0.04480089107977748485,0.44371492168520384554,0.38116700667789337744,0.13972555492839683055,equipment,4276366.89,2565820.134,2.5799105580242419,1.5479463348145451,B,2,0.00752,2025-01-01,A,1,0.004899,2025-12-01,5,162857.33,0,0,60,30,,,,,0,0.65146276595744680851,-1,0
F0000512,C000324,2025-12-31,2023-05-16,2027-05-16,term_loan,8699382.79,7095109.76,1604273.03,0.1155,48,0,senior_secured,KZT,annuity,services,Other,large,IE,state_related,4.0,530,0,1,0,1.4407879890917667,1.2210069897175907,1.2470339521795822,0.47532819877799458619,16.3919151115656274,0.52782934656187260828,0.04616279554084557013,0.02022819635205379464,0.04480089107977748485,0.44371492168520384554,0.38116700667789337744,0.13972555492839683055,inventory,20412989.21,9185845.1445,2.8770505179612613,1.2946727330825676,B,2,0.00752,2025-01-01,A,1,0.004899,2025-12-01,0,608189.57,0,0,60,60,,,,,0,0.65146276595744680851,-1,0
F0000513,C000324,2025-12-31,2024-05-28,2027-05-28,credit_line,6532105.06,4419052.58,2113052.48,0.117,36,1,senior_unsecured,KZT,bullet,services,Other,large,IE,state_related,4.0,530,0,1,0,1.2573843901634454,0.84935648379105908367,1.1064099049349472,0.41890281484880856833,3.7164468004543478,2.3399247922060299,0.15046577878810961354,0.08315052880329878909,0.11147903454060073632,0.33963694075729786394,0.37861448363790498665,-0.29481803187355413975,receivables,9197677.55,5058722.6525,2.0813686607005703,1.1447527633853137,B,2,0.006521,2025-01-01,A,1,0.004899,2025-12-01,0,303139.99,0,0,30,30,,,,,0,0.75126514338291673056,-1,0
F0000514,C000325,2025-12-31,2023-05-11,2025-05-11,term_loan,197891.87,184957.79,12934.08,0.1532,24,0,senior_secured,KZT,amortizing,transport,Kostanay,medium,LLP,private,2.6,121,0,0,0,0.76013199221439346311,0.66700478418520274975,1.9830083232379531,0.43441901758779353744,3.7592888623693593,4.0162978203108467,0.15537087895826010254,0.12165691383716709663,0.25863166943369508351,0.70801521590915403235,0.21907069803844942102,0.00955176269614939995,real_estate,354112.7,265584.525,1.9145595327452820,1.4359196495589615,C,3,0.020593,2025-01-01,C,3,0.021893,2025-05-01,0,15877.93,0,0,30,5,,,,,0,1.0631282474627301,0,0
F0000515,C000326,2025-12-31,2025-03-31,2026-03-31,credit_line,7395.73,3899.18,3496.55,0.1379,12,1,senior_secured,KZT,amortizing,trade,Astana,small,LLP,private,20.5,36,0,0,0,1.4239144405367559,1.0891805766235014,1.6276130618112619,0.43406942341988893734,7.5578429759993355,1.6282935767604923,0.08714024669454619007,0.04746328296410304076,0.05103616760600457518,0.66759346935821426633,0.26669079623681690798,0.27640136086270632796,none,0.0,0.00,0.00000000000000000000,0.00000000000000000000,C,3,0.026721,2025-01-01,C,3,0.026721,2025-12-01,5,509.04,1,0,60,60,,,,,0,1.00000000000000000000,0,0
F0000516,C000327,2025-12-31,2023-05-23,2024-05-23,working_capital,62358.47,61561.32,797.15,0.1171,12,0,senior_secured,KZT,bullet,services,Atyrau,small,JSC,foreign_owned,20.3,49,0,0,0,2.7880130052330003,2.1463363846543099,1.3207802498634705,0.28903489584442861390,4.4856182165829275,3.2101623371471190,0.07068186108817337052,0.04319136799045024727,0.21896202897798150716,1.9926475603330799,0.21883647629823828774,-0.07127133913846517843,none,0.0,0.00,0.000000000000000000000000,0.000000000000000000000000,C,3,0.021844,2025-01-01,C,3,0.025729,2024-05-01,0,2631.74,0,0,5,5,,,,,0,1.1778520417505951,0,0
F0000517,C000328,2025-12-31,2025-06-07,2028-06-07,credit_line,75647.59,31734.55,43913.05,0.1182,36,1,subordinated,USD,annuity,energy,Almaty,small,IE,private,25.1,29,0,0,0,2.8029724868634779,2.5754233729034762,0.90161656086611519941,0.39535612991164459675,5.9764559923354307,1.8223539192048176,0.09992145487414792173,0.07807346362001303078,0.09288115320182260104,1.5334029669405496,0.43849696985585059158,0.15772702086148452194,receivables,47871.27,26329.1985,1.5084905883335355,0.82966982358344454230,B,2,0.007723,2025-01-01,B,2,0.007723,2025-12-01,0,3309.97,0,0,60,60,,,,,0,1.00000000000000000000,0,0
F0000518,C000329,2025-12-31,2024-06-18,2026-06-18,credit_line,131339.12,75037.54,56301.58,0.1047,24,1,senior_secured,USD,annuity,real_estate,Atyrau,small,IE,private,22.6,28,1,0,0,7.0297315491766683,4.8369555071167918,0.19415943601753221772,0.14336031700307209588,1.0958844893200034,5.9763659792185323,0.21910636042322109939,0.21419189528396671970,0.99954653265688708525,7.5143859890730607,0.73836389280677009873,-0.22727801798191821180,none,0.0,0.00,0.000000000000000000000000,0.000000000000000000000000,A,1,0.003317,2025-01-01,A,1,0.003909,2025-12-01,0,5290.35,0,0,30,30,,,,,0,1.1784745251733494,0,0
F0000519,C000330,2025-12-31,2023-09-28,2025-03-28,working_capital,47169.49,46451.88,717.61,0.1142,18,0,senior_secured,KZT,bullet,trade,Shymkent,small,IE,private,12.7,51,0,0,0,2.4792701413589423,2.2357199735067884,0.35636210963163816363,0.19513098299780739012,1.3912995151482306,7.6001479775135201,0.17723013906850952960,0.12549419176403608665,0.59302435253091428076,0.96340338771017816653,0.54756377775266003680,0.05791018810993186475,real_estate,97261.01,72945.7575,2.0938013703643426,1.5703510277732570,B,2,0.007776,2025-01-01,B,2,0.010492,2025-03-01,0,2057.73,0,0,5,0,,,,,0,1.3492798353909465,0,0
F0000520,C000330,2025-12-31,2023-03-08,2024-09-08,term_loan,15242.11,13785.56,1456.55,0.1144,18,0,senior_unsecured,KZT,amortizing,trade,Shymkent,small,IE,private,12.7,51,0,0,0,2.4792701413589423,2.2357199735067884,0.35636210963163816363,0.19513098299780739012,1.3912995151482306,7.6001479775135201,0.17723013906850952960,0.12549419176403608665,0.59302435253091428076,0.96340338771017816653,0.54756377775266003680,0.05791018810993186475,real_estate,23333.5,17500.125,1.6926044353657015,1.26945332652427612661,B,2,0.007776,2025-01-01,B,2,0.010492,2024-09-01,0,1223.28,0,0,30,15,,,,,0,1.3492798353909465,0,0
F0000521,C000331,2025-12-31,2024-12-06,2027-12-06,leasing,9772.64,7845.43,1927.21,0.0929,36,0,senior_unsecured,KZT,annuity,construction,Karaganda,micro,IE,private,12.9,9,1,0,0,1.7173122147760277,1.1927678902811898,0.30743591124306795437,0.20012674825254930682,1.9635035971320048,3.4915998901228270,0.13878787447708351739,0.08481155040837524901,0.30717785970864350282,0.38112973533176730623,0.65095436458079603144,-0.27612481602115013812,none,0.0,0.00,0.00000000000000000000,0.00000000000000000000,A,1,0.00357,2025-01-01,A,1,0.002218,2025-12-01,0,430.36,0,0,15,15,,,,,0,0.62128851540616246499,0,0
F0000522,C000332,2025-12-31,2024-06-04,2028-06-04,term_loan,769371.49,726937.47,42434.02,0.1111,48,0,senior_secured,KZT,bullet,construction,Atyrau,medium,LLP,private,17.1,68,0,0,0,1.3265127253848788,0.94756438565102793015,0.41515233941686005329,0.20739552884336780478,2.3965505245994346,3.4008652528879629,0.13087295032178739583,0.09299898715145813091,0.35670939235113711186,0.16478941218757175031,0.49956488053200914775,-0.15175487793981065054,guarantee,639293.45,447505.415,0.87943389408720395167,0.61560372586104276617,A,1,0.004772,2025-01-01,B,2,0.007018,2025-12-01,60,78184.78,0,0,60,60,,,,,0,1.4706621961441744,1,0
F0000523,C000333,2025-12-31,2024-12-28,2027-12-28,term_loan,998882.96,859885.34,138997.62,0.0986,36,0,senior_secured,EUR,amortizing,agriculture,Karaganda,medium,LLP,private,18.6,91,1,0,0,4.1920138537189747,3.5412468399321943,0.25408769005581287648,0.17914650039734372097,0.83113286921072364126,12.6524446426554179,0.20905454920865686527,0.15310340205666977537,1.1961274486643945,0.86437400013500209601,0.70505777103169546972,-0.07815173478767696956,real_estate,1656263.76,1242197.8200,1.9261448974115549,1.4446086730586662,A,1,0.002528,2025-01-01,A,1,0.003672,2025-12-01,60,91729.96,0,0,60,60,,,,,0,1.4525316455696203,0,0
F0000524,C000333,2025-12-31,2023-06-18,2024-06-18,overdraft,479185.75,192998.59,286187.16,0.1133,12,1,senior_secured,KZT,amortizing,agriculture,Karaganda,medium,LLP,private,18.6,91,1,0,0,3.9329962032786631,2.7414377589728834,0.14380155352247097560,0.09944973754431210405,0.50146000003738615871,39.5889831780529268,0.23120906139755123758,0.20592498469437865114,0.74584671872993816996,0.77877284707968195363,0.69157623897833420315,-0.03776811687328985329,none,0.0,0.00,0.000000000000000000000000,0.000000000000000000000000,A,1,0.002354,2025-01-01,A,1,0.003672,2024-06-01,0,22325.68,0,0,60,60,,,,,0,1.5598980458793543,0,0
F0000525,C000333,2025-12-31,2024-08-29,2027-08-29,term_loan,545028.03,452810.43,92217.59,0.0996,36,0,senior_secured,KZT,annuity,agriculture,Karaganda,medium,LLP,private,18.6,91,1,0,0,4.1920138537189747,3.5412468399321943,0.25408769005581287648,0.17914650039734372097,0.83113286921072364126,12.6524446426554179,0.20905454920865686527,0.15310340205666977537,1.1961274486643945,0.86437400013500209601,0.70505777103169546972,-0.07815173478767696956,equipment,343773.62,206264.172,0.75919987090403372555,0.45551992254242023533,A,1,0.002528,2025-01-01,A,1,0.003672,2025-12-01,0,65696.34,0,0,60,60,,,,,0,1.4525316455696203,0,0
F0000526,C000334,2025-12-31,2023-11-24,2025-11-24,term_loan,1447919.04,1284417.53,163501.52,0.1169,24,0,senior_unsecured,KZT,annuity,construction,Kostanay,medium,LLP,private,6.1,237,0,0,0,1.2599950592165737,1.1643697743325204,0.62396641129439975596,0.26846657528703354208,0.94606505251655063056,12.7142238170358330,0.22041152508175333920,0.13660615074002575459,1.0102150763249795,0.33468628956333154341,0.43025805624714256505,0.21470998879071656947,none,0.0,0.00,0.000000000000000000000000,0.000000000000000000000000,A,1,0.004858,2025-01-01,B,2,0.007249,2025-11-01,0,102956.37,0,0,30,15,,,,,0,1.4921778509674763,1,0
F0000527,C000335,2025-12-31,2024-09-26,2029-09-26,working_capital,6017150.53,5446930.86,570219.66,0.0985,60,0,senior_secured,KZT,amortizing,real_estate,Aktobe,large,LLP,private,15.0,691,1,0,0,3.8160559236204860,2.6873061804000991,0.13986090232043697588,0.09956034023074730336,0.51305913881597018775,15.2199567916007040,0.19746765746224782928,0.15101187336183004122,1.5686488067357302,0.84113364260760481867,0.71185255192078930217,0.05390862752907009432,none,0.0,0.00,0.000000000000000000000000,0.000000000000000000000000,A,1,0.002332,2025-01-01,A,1,0.003217,2025-12-01,0,522590.36,0,0,60,60,,,,,0,1.3795025728987993,0,0
F0000528,C000335,2025-12-31,2024-04-10,2025-04-10,credit_line,4759809.33,2026666.45,2733142.88,0.1258,12,1,senior_secured,KZT,bullet,real_estate,Aktobe,large,LLP,private,15.0,691,1,0,0,3.8160559236204860,2.6873061804000991,0.13986090232043697588,0.09956034023074730336,0.51305913881597018775,15.2199567916007040,0.19746765746224782928,0.15101187336183004122,1.5686488067357302,0.84113364260760481867,0.71185255192078930217,0.05390862752907009432,inventory,2994310.67,1347439.8015,1.4774560806490876,0.66485523629208940623,A,1,0.002332,2025-01-01,A,1,0.003217,2025-04-01,0,148423.13,0,0,60,60,,,,,0,1.3795025728987993,0,0
F0000529,C000335,2025-12-31,2022-09-14,2024-09-14,credit_line,8941669.53,6341087.81,2600581.73,0.1165,24,1,senior_secured,KZT,bullet,real_estate,Aktobe,large,LLP,private,15.0,691,1,0,0,2.5262382741645011,2.3940587283724242,0.36382028107590866690,0.21123829596346485353,1.7033945822789193,3.8248977024649847,0.19829910589810607364,0.12487000523382347705,0.30632210721212034622,0.67388542506234664511,0.58061165622427573443,,real_estate,13166358.93,9874769.1975,2.0763565060929191,1.5572673795696893,A,1,0.004186,2025-01-01,A,1,0.003217,2024-09-01,0,484325.4,0,0,60,5,,,,,0,0.76851409460105112279,0,0
F0000530,C000335,2025-12-31,2024-07-04,2025-07-04,credit_line,1848931.63,714538.96,1134392.67,0.1449,12,1,senior_secured,KZT,bullet,real_estate,Aktobe,large,LLP,private,15.0,691,1,0,0,3.8160559236204860,2.6873061804000991,0.13986090232043697588,0.09956034023074730336,0.51305913881597018775,15.2199567916007040,0.19746765746224782928,0.15101187336183004122,1.5686488067357302,0.84113364260760481867,0.71185255192078930217,0.05390862752907009432,real_estate,1094806.1,821104.575,1.5321853128904266,1.1491389846678199,A,1,0.002332,2025-01-01,A,1,0.003217,2025-07-01,5,72152.19,0,0,30,30,,,,,0,1.3795025728987993,0,0
F0000531,C000336,2025-12-31,2022-06-25,2023-12-25,term_loan,428632.32,426346.37,2285.95,0.129,18,0,senior_unsecured,USD,annuity,real_estate,Other,medium,IE,private,6.6,107,0,0,0,3.5209649575613824,3.1804851049018429,0.63473253520304035000,0.28276058356912710612,3.9457190629377555,4.2427084333953114,0.11101177444633797310,0.05054447721314033866,0.21496402916905904943,0.97311374463583367712,0.44547989568342626738,,real_estate,360380.84,270285.6300,0.84527713933626314210,0.63395785450219735658,B,2,0.007934,2025-01-01,B,2,0.012525,2023-12-01,0,38942.84,0,0,30,30,,,,,0,1.5786488530375599,0,0
F0000532,C000337,2025-12-31,2023-05-13,2026-05-13,term_loan,1364478.29,1196631.48,167846.81,0.1213,36,0,senior_secured,KZT,bullet,real_estate,Atyrau,medium,LLP,private,2.9,132,0,0,0,2.5180202803447577,2.1048142011377392,0.83785581702468224010,0.38663782281710123337,3.0439521250340515,4.9165573612083778,0.13602166466645272163,0.08828368519452230513,0.20051041302241917837,0.64346270940803976544,0.46146104730775097191,0.12283076828308636839,none,0.0,0.00,0.000000000000000000000000,0.000000000000000000000000,B,2,0.011091,2025-01-01,C,3,0.015401,2025-12-01,0,129140.79,0,0,30,30,,,,,0,1.3886033721035073,1,0
F0000533,C000337,2025-12-31,2024-09-30,2029-09-30,term_loan,1171694.52,1156052.65,15641.86,0.1154,60,0,senior_secured,KZT,amortizing,real_estate,Atyrau,medium,LLP,private,2.9,132,0,0,0,1.2720732687139257,0.88553823795525601360,0.97626241555940828070,0.29241661161470441482,3.3855610035889767,2.5339765655074568,0.07653982587444276824,0.02054214984884471706,0.15788102694572654890,0.57636506183243828627,0.29952665077979748517,-0.17842861409958238369,guarantee,1397574.91,978302.437,1.2089197754098829,0.84624384278691805256,B,2,0.014118,2025-01-01,C,3,0.015401,2025-12-01,0,127913.21,0,0,30,30,,,,,0,1.0908768947442981,1,0
F0000534,C000337,2025-12-31,2022-07-09,2026-07-09,working_capital,409620.04,352586.49,57033.54,0.1291,48,0,senior_secured,KZT,annuity,real_estate,Atyrau,medium,LLP,private,2.9,132,0,0,0,1.1764281847497739,1.0904005256582264,1.7444046962973831,0.40956749830603271298,4.6651935576323248,1.7780184800773227,0.07094626073226027460,0.05160567572067182819,0.09461979417279471407,0.72916777229370763618,0.23478926603176855701,,receivables,353679.2,194523.560,1.00309912611796328328,0.55170451936487980580,B,2,0.011075,2025-01-01,C,3,0.015401,2025-12-01,0,27929.3,0,0,60,60,,,,,0,1.3906094808126411,1,0
F0000535,C000337,2025-12-31,2022-04-04,2024-04-04,working_capital,660514.64,555926.7,104587.94,0.135,24,0,senior_secured,KZT,annuity,real_estate,Atyrau,medium,LLP,private,2.9,132,0,0,0,1.1764281847497739,1.0904005256582264,1.7444046962973831,0.40956749830603271298,4.6651935576323248,1.7780184800773227,0.07094626073226027460,0.05160567572067182819,0.09461979417279471407,0.72916777229370763618,0.23478926603176855701,,none,0.0,0.00,0.000000000000000000000000,0.000000000000000000000000,B,2,0.011075,2025-01-01,C,3,0.015401,2024-04-01,0,29294.65,0,0,30,30,,,,,0,1.3906094808126411,1,0
F0000536,C000338,2025-12-31,2022-07-21,2024-07-21,overdraft,79098.22,42354.22,36744.0,0.1129,24,1,senior_secured,KZT,bullet,construction,Shymkent,medium,LLP,private,18.4,141,0,0,0,3.6494622824047400,3.1821264098336276,0.46040698540914143436,0.24780104884654336997,2.0274946292695697,3.3552136553123692,0.17079524521679978392,0.11130923394029166438,0.46735751806203345918,1.9169664041073767,0.53822174011181553907,,none,0.0,0.00,0.000000000000000000000000,0.000000000000000000000000,B,2,0.008581,2025-01-01,A,1,0.004456,2024-07-01,90,10011.53,0,0,120,0,2024-01-25,restructuring,180,0,1,0.51928679641067474653,-1,0
F0000537,C000338,2025-12-31,2025-01-14,2026-01-14,term_loan,284966.24,248887.75,36078.49,0.1191,12,0,senior_secured,KZT,amortizing,construction,Shymkent,medium,LLP,private,18.4,141,0,0,0,1.0418176050063549,0.79601444447018684364,0.55442585930007653900,0.28893644200476150387,2.4762020111190540,5.7638246886744274,0.13389353527196200098,0.09753854920158662247,0.42195996482645697305,0.28365911241012203405,0.52114532025891313964,-0.16886316123356387218,guarantee,278124.06,194686.842,1.1174678544846020,0.78222749813922139599,A,1,0.004456,2025-01-01,A,1,0.004456,2025-12-01,0,12900.98,0,0,15,15,,,,,0,1.00000000000000000000,0,0
F0000538,C000339,2025-12-31,2022-01-11,2024-01-11,term_loan,209477.67,193710.64,15767.03,0.1115,24,0,senior_secured,KZT,amortizing,trade,Kostanay,small,LLP,private,21.1,45,0,0,0,2.0815868181131769,1.7866434005393057,0.68452540076701568083,0.30313515596875164071,3.0090252863534330,3.4548573812302548,0.12365171938290093286,0.04840945461965946293,0.23472921677181340306,0.82706546786555161104,0.44283989407710290642,,receivables,229685.14,126326.8270,1.1857125659179072,0.65214191125484898506,B,2,0.014648,2025-01-01,B,2,0.01024,2024-01-01,0,9482.34,0,0,15,15,,,,,0,0.69907154560349535773,0,0
F0000539,C000339,2025-12-31,2022-07-08,2025-07-08,term_loan,359076.93,293769.75,65307.17,0.111,36,0,senior_secured,KZT,amortizing,trade,Kostanay,small,LLP,private,21.1,45,0,0,0,2.0815868181131769,1.7866434005393057,0.68452540076701568083,0.30313515596875164071,3.0090252863534330,3.4548573812302548,0.12365171938290093286,0.04840945461965946293,0.23472921677181340306,0.82706546786555161104,0.44283989407710290642,,none,0.0,0.00,0.000000000000000000000000,0.000000000000000000000000,B,2,0.014648,2025-01-01,B,2,0.01024,2025-07-01,0,15894.05,0,0,30,15,,,,,0,0.69907154560349535773,0,0
F0000540,C000340,2025-12-31,2024-10-11,2027-10-11,term_loan,156175.19,139012.5,17162.69,0.1237,36,0,senior_secured,USD,annuity,energy,Karaganda,small,LLP,private,3.1,22,0,0,0,2.3705931109763386,1.5496753866675291,0.42049442584487133956,0.21752623002833030691,2.8374385761805236,2.5887757694129394,0.13405166883721395700,0.07979932721531579563,0.37244158204569988156,2.7732735654649359,0.51731061497728393107,-0.00139650862811533398,guarantee,185801.92,130061.344,1.3365842640050355,0.93560898480352486287,C,3,0.016178,2025-01-01,C,3,0.01558,2025-12-01,0,5950.2,0,0,5,5,,,,,0,0.96303622202991717147,0,0
F0000541,C000341,2025-12-31,2025-05-26,2026-11-26,overdraft,4032.08,3217.95,814.13,0.1461,18,1,senior_secured,KZT,amortizing,manufacturing,Aktobe,micro,LLP,private,10.8,6,1,0,0,2.4606354956954467,2.0231012889021172,2.1348592015204552,0.50575271278497297296,6.4400535590846332,1.5201084438364627,0.07782780217337830446,0.02283292652033824926,0.16814464952550256441,0.89317078535182945030,0.23690213969369684374,0.29040826764716547156,guarantee,6227.35,4359.145,1.9351916592861915,1.3546341615003341,C,3,0.033966,2025-01-01,C,3,0.033966,2025-12-01,0,170.33,0,0,0,0,,,,,0,1.00000000000000000000,0,0
F0000542,C000342,2025-12-31,2024-06-21,2026-06-21,working_capital,62577.77,52742.45,9835.32,0.1052,24,0,senior_unsecured,EUR,amortizing,services,Astana,small,LLP,state_related,19.0,39,0,1,0,2.6796627553386050,2.4611044283675065,0.67559197678396987964,0.29419200421808589988,3.2097755439045238,5.2209759441272058,0.15743624012912423080,0.12795028412655965150,0.16400959814675629999,0.51246862368610261890,0.43545810833712426907,0.10709889197759286138,equipment,130960.53,78576.318,2.4830194653452769,1.4898116792071661,B,2,0.006467,2025-01-01,B,2,0.005594,2025-12-01,0,5292.66,0,0,30,30,,,,,0,0.86500695840420596876,0,0
F0000543,C000343,2025-12-31,2023-12-31,2026-12-31,leasing,56112.25,50469.59,5642.66,0.1628,36,0,senior_secured,KZT,amortizing,energy,Almaty,small,IE,private,11.1,34,1,0,0,1.3338108340075054,1.02101887533049313022,2.2689182024253828,0.30911393963533484571,2.6445013315490072,2.4706658596035628,0.08690950172019997259,0.02030456610671362312,0.28739317871198164945,0.73317774570082230297,0.13623846787641106203,-0.17729669073610476931,equipment,64858.38,38915.028,1.2850982145882303,0.77105892875293815543,C,3,0.028063,2025-01-01,C,3,0.021993,2025-12-01,0,7110.23,0,1,60,60,,,,,0,0.78370095855753126893,0,0
F0000544,C000343,2025-12-31,2023-07-04,2025-07-04,working_capital,187652.43,170674.52,16977.9,0.1222,24,0,senior_unsecured,KZT,amortizing,energy,Almaty,small,IE,private,11.1,34,1,0,0,1.2853432925638926,1.1348357823661056,1.3369831716943418,0.40418167684224625969,4.4994069736550560,1.5162054316971144,0.15379441718583936613,0.08660971581131816629,0.15454392713814716123,0.29919356195008104096,0.30230872414798754928,-0.00146017613396166998,real_estate,351508.95,263631.7125,2.0595279834388871,1.5446459875791653,C,3,0.028063,2025-01-01,C,3,0.021993,2025-07-01,0,11208.43,0,1,30,30,,,,,0,0.78370095855753126893,0,0
F0000545,C000344,2025-12-31,2022-12-03,2024-12-03,leasing,11694.13,9776.68,1917.45,0.1012,24,0,senior_unsecured,KZT,annuity,trade,Aktobe,micro,LLP,private,13.6,10,1,0,0,2.9820071280097776,2.4866452967625097,0.37848878803452218641,0.24209232554064758054,1.4992536367067121,5.1503622133494072,0.24363985790792544350,0.20908148644260129689,0.34595626900594330624,0.81206745988429210785,0.63962879005696252280,,equipment,17462.07,10477.242,1.7860940523776988,1.0716564314266193,A,1,0.002754,2025-01-01,B,2,0.006423,2024-12-01,0,401.76,0,0,5,5,,,,,0,2.3322440087145969,1,0
F0000546,C000345,2025-12-31,2024-07-10,2026-07-10,overdraft,61283.59,47003.31,14280.28,0.0916,24,1,senior_secured,KZT,amortizing,trade,Astana,small,IE,foreign_owned,4.3,23,0,0,0,1.7687622070386874,1.5577780706801376,1.0426574603580610,0.34945018148396377858,2.6721718823625033,4.2353744542454947,0.12946772978524580118,0.07352092083633688335,0.38575009962389927892,1.2935448573557068,0.33515338907560150050,-0.19646274783614420757,real_estate,50523.19,37892.3925,1.0748857899581966,0.80616434246864742079,B,2,0.010747,2025-01-01,B,2,0.006151,2025-12-01,0,6483.62,0,0,30,30,,,,,0,0.57234577091281287801,0,0
F0000547,C000346,2025-12-31,2023-07-04,2025-07-04,credit_line,55972.39,34096.6,21875.8,0.1077,24,1,senior_secured,USD,amortizing,trade,Other,small,LLP,private,19.9,40,0,0,0,3.0823047909184718,2.3432572353768497,0.73462260590146197885,0.35058281445998903742,3.6405165702125451,3.1323090241966869,0.13665860524648568377,0.04929687076424666093,0.14740017333187672300,1.03687041844444381943,0.47722845940710703564,0.06775555433535423917,receivables,72494.67,39872.0685,2.1261553937929295,1.16938546658611122517,B,2,0.008357,2025-01-01,B,2,0.012674,2025-07-01,0,1683.07,0,0,5,0,,,,,0,1.5165729328706474,0,0
F0000548,C000347,2025-12-31,2024-02-05,2025-08-05,credit_line,17435.7,7511.83,9923.87,0.0968,18,1,senior_secured,KZT,amortizing,construction,Kostanay,micro,LLP,private,2.2,12,1,0,0,5.8358175991759287,5.2031236942681677,0.31369199934081564370,0.19453596539615384896,2.0457190421137023,4.2853911829899023,0.16276513662747597398,0.07432314556172537995,0.23608389578343856593,0.59064782119517524035,0.62014959197221082638,0.00033000227539376087,real_estate,11458.36,8593.7700,1.5253753080141590,1.1440314810106192,B,2,0.005882,2025-01-01,A,1,0.003623,2025-08-01,15,427.46,0,0,15,15,,,,,0,0.61594695681740904454,-1,0
F0000549,C000348,2025-12-31,2024-12-23,2028-12-23,credit_line,573464.94,250732.94,322732.0,0.1551,48,1,senior_secured,KZT,amortizing,trade,Atyrau,medium,LLP,private,3.5,166,0,0,0,0.79859235841003009278,0.71521044937019341854,1.0440404092048962,0.37838701490355934410,6.8808440881254273,1.4666837137586200,0.09669187961476811965,0.04124960484273862966,0.06548409084661913733,0.12015070706176555204,0.36242564135206735480,-0.02902496085474407515,real_estate,388207.54,291155.6550,1.5482909425462805,1.1612182069097104,B,2,0.006371,2025-01-01,B,2,0.007413,2025-12-01,0,13754.21,0,0,0,0,,,,,0,1.1635536022602417,0,0
F0000550,C000348,2025-12-31,2024-03-12,2025-09-12,leasing,466213.76,403696.3,62517.46,0.1243,18,0,senior_unsecured,USD,annuity,trade,Atyrau,medium,LLP,private,3.5,166,0,0,0,0.79859235841003009278,0.71521044937019341854,1.0440404092048962,0.37838701490355934410,6.8808440881254273,1.4666837137586200,0.09669187961476811965,0.04124960484273862966,0.06548409084661913733,0.12015070706176555204,0.36242564135206735480,-0.02902496085474407515,real_estate,283061.91,212296.4325,0.70117538852845567324,0.52588154139634175493,B,2,0.006371,2025-01-01,B,2,0.007413,2025-09-01,0,28010.38,0,0,60,60,,,,,0,1.1635536022602417,0,0
F0000551,C000349,2025-12-31,2023-06-20,2026-06-20,credit_line,542644.74,309032.3,233612.44,0.1662,36,1,subordinated,KZT,annuity,real_estate,Atyrau,medium,JSC,private,21.7,147,0,0,0,0.87375141604499197391,0.72160536907296663588,2.8103816363667942,0.38231056197117285342,-79.9510741171299411,-0.07845716496069367751,-0.00335872706289265250,-0.04477413241463199611,-0.01228618813459084493,0.13595541791620314494,0.13603510534797558310,-0.10700051861942533837,none,0.0,0.00,0.000000000000000000000000,0.000000000000000000000000,D,4,0.058929,2025-01-01,D,4,0.066104,2025-12-01,0,18808.82,1,0,60,15,,,,,0,1.1217566902543739,0,0
F0000552,C000350,2025-12-31,2025-06-07,2028-06-07,term_loan,7535.4,7508.15,27.25,0.1464,36,0,senior_unsecured,EUR,bullet,transport,Aktobe,micro,LLP,private,22.1,8,0,0,0,0.68005877582482877125,0.64307978898515348359,8.8936223741037360,0.44468086444588998630,6.5579200337291828,1.2402780537631035,0.05270119257047613348,-0.00059341150288054920,0.14070713166439791114,0.36738854557492827190,0.04999997141105321108,0.12885468871781743037,real_estate,11380.13,8535.0975,1.5157036020857335,1.1367777015643001,C,3,0.026997,2025-01-01,C,3,0.026997,2025-12-01,0,813.47,0,0,30,30,,,,,0,1.00000000000000000000,0,0
F0000553,C000351,2025-12-31,2024-07-13,2027-07-13,leasing,2588.48,2251.0,337.48,0.137,36,0,senior_unsecured,USD,bullet,energy,Almaty,micro,IE,private,13.2,6,0,0,0,1.8871124936895836,1.4984165529233588,0.80737180727104462376,0.34891795706561464808,2.9912847059032673,2.4828331034482759,0.13187577850164011916,0.09907661884750181287,0.14556185060973458132,0.32538566039484749795,0.43216514860108139493,0.14167046537128748067,inventory,4652.75,2093.7375,2.0669702354509107,0.93013660595290981786,B,2,0.006192,2025-01-01,B,2,0.012319,2025-12-01,60,189.26,0,0,60,0,,,,,0,1.9895025839793282,0,0
F0000554,C000352,2025-12-31,2023-05-29,2024-05-29,credit_line,80148.15,44971.46,35176.69,0.1316,12,1,senior_secured,KZT,annuity,real_estate,Karaganda,small,LLP,private,24.9,34,0,0,0,1.9547651438054153,1.3054710918775632,1.00285136982917318745,0.26707492358212565674,3.2779214895879430,4.8925302164171677,0.10465273749250721404,0.03419056730952630229,0.22821331930150356755,0.33558460413391707849,0.26631555943092493845,-0.12051133338101361523,equipment,71841.63,43104.978,1.5974938327552630,0.95849629965315780275,C,3,0.030006,2025-01-01,C,3,0.018079,2024-05-01,30,8241.99,0,0,30,30,,,,,0,0.60251283076717989735,0,0
F0000555,C000353,2025-12-31,2023-03-17,2024-09-17,leasing,542169.55,484518.48,57651.08,0.1389,18,0,senior_secured,KZT,amortizing,energy,Karaganda,medium,LLP,private,18.8,218,0,0,0,3.0065469296671318,2.3485817875462096,0.69421503346329352457,0.36009706349205175043,3.1470943659573779,2.0769263115646524,0.20094343416622953923,0.14054923608455252410,0.21703708284059753913,1.0969159623138306,0.51871112859023357310,0.04755773545287782064,real_estate,1130647.99,847985.9925,2.3335497750261249,1.7501623312695937,B,2,0.012907,2025-01-01,B,2,0.010892,2024-09-01,0,26883.6,0,0,5,5,,,,,0,0.84388316417447896490,0,0
F0000556,C000353,2025-12-31,2025-01-07,2027-01-07,overdraft,277773.54,194896.92,82876.62,0.1175,24,1,senior_unsecured,USD,bullet,energy,Karaganda,medium,LLP,private,18.8,218,0,0,0,1.9661956470195349,1.6607629877632045,0.28614857136020883310,0.18815083181134306789,2.1436629813060109,4.6722823528104588,0.15554054030662831308,0.09842816143274198719,0.23633325473431673365,0.27729187168357967721,0.65752846822532447880,0.03824236960179943112,receivables,304669.5,167568.225,1.5632340418719803,0.85977872302958917976,B,2,0.010892,2025-01-01,B,2,0.010892,2025-12-01,0,19440.98,0,0,30,30,,,,,0,1.00000000000000000000,0,0
F0000557,C000354,2025-12-31,2023-09-21,2027-09-21,term_loan,441556.07,405619.15,35936.92,0.1162,48,0,senior_secured,KZT,annuity,construction,Other,medium,JSC,foreign_owned,15.6,134,0,0,0,1.3122367813514215,0.88537101384428292526,1.4096129236952951,0.41742351581623437187,7.8277379145137477,2.2993663438414422,0.05242051537805548871,0.02372369675987156515,0.05802332523067620521,0.59488550830894819665,0.29612633993306484809,-0.05057649662956211229,none,0.0,0.00,0.000000000000000000000000,0.000000000000000000000000,C,3,0.020759,2025-01-01,C,3,0.015645,2025-12-01,0,11740.27,0,0,15,0,,,,,0,0.75364901970229779855,0,0
F0000558,C000355,2025-12-31,2023-06-16,2024-06-16,term_loan,27360.3,23815.2,3545.09,0.129,12,0,senior_secured,KZT,bullet,manufacturing,Astana,micro,LLP,private,2.7,6,1,0,0,4.5066318422773671,3.8771025111826367,0.39493785101251483990,0.23249018627406022423,1.5203475315035953,5.4413780818013396,0.22079994124669765672,0.16709929279181987487,0.33791155964100860226,2.4208430525330111,0.58867537177816123326,0.11375932888391527320,equipment,37441.76,22465.056,1.5721791124995801,0.94330746749974806006,B,2,0.005453,2025-01-01,A,1,0.003472,2024-06-01,0,1564.05,0,0,60,60,,,,,0,0.63671373555840821566,-1,0
F0000559,C000356,2025-12-31,2023-07-14,2026-07-14,working_capital,1311865.87,1241189.01,70676.86,0.117,36,0,senior_unsecured,KZT,bullet,real_estate,Karaganda,medium,LLP,private,2.2,118,0,0,0,2.5144262071498551,2.2171176572557654,0.43925561306632622228,0.21969234225377340680,2.8678794302258861,2.7832073334415727,0.09892631695255421834,0.03346677775321622453,0.28927835875372904681,0.49653648609255176368,0.50014692065096172366,0.14630585493925691861,receivables,2711232.49,1491177.8695,2.1843832552142884,1.2014107903678586,B,2,0.006321,2025-01-01,B,2,0.009658,2025-12-01,15,130272.42,0,0,30,30,,,,,0,1.5279227970257871,0,0
F0000560,C000357,2025-12-31,2024-11-15,2027-11-15,leasing,14666.39,13204.29,1462.1,0.1343,36,0,subordinated,KZT,annuity,construction,Shymkent,micro,IE,private,22.4,9,0,0,0,1.3117644875194694,1.21937296786041495811,1.4384858648472184,0.26906404832267190049,1.4314226348195734,5.9155390166892197,0.15311675594107354035,0.06581358569832271786,0.53694813256212092291,0.86511303955380865022,0.18704670994542528830,0.16567694070669958770,real_estate,27203.4,20402.550,2.0601940732898172,1.5451455549673629,C,3,0.02203,2025-01-01,C,3,0.029985,2025-12-01,0,1775.21,0,0,30,30,,,,,0,1.3610985020426691,0,0
F0000561,C000357,2025-12-31,2023-07-31,2026-07-31,credit_line,32690.21,28406.57,4283.64,0.1462,36,1,senior_secured,KZT,annuity,construction,Shymkent,micro,IE,private,22.4,9,0,0,0,1.03061933373100405485,0.79578615210099262135,1.3721256716725924,0.42000958818195071173,3.6186501112771056,2.4826350578322170,0.13822722600919111132,0.06065481351967583021,0.17353426379274412467,0.32207353888615311551,0.30610139934920671325,0.04034892659224624616,receivables,22290.16,12259.5880,0.78468326165390612101,0.43157579390964836656,C,3,0.021542,2025-01-01,C,3,0.029985,2025-12-01,0,1365.09,0,0,5,5,,,,,0,1.3919320397363290,0,0
F0000562,C000358,2025-12-31,2023-01-28,2025-01-28,working_capital,336809.71,331611.32,5198.39,0.1475,24,0,senior_secured,KZT,annuity,trade,Astana,small,LLP,foreign_owned,4.6,31,0,0,0,6.7367563968169202,4.6660028971338530,0.26054587673804361184,0.17673377835764172626,0.63471649715353484499,27.9103026925236762,0.23401185330581324734,0.22016677693215825136,1.4552392002324302,0.72449174112593182272,0.67832114854510741057,0.25948090193832734058,real_estate,206038.19,154528.6425,0.62132435647854240923,0.46599326735890680692,B,2,0.00658,2025-01-01,B,2,0.008665,2025-01-01,30,20669.57,0,0,30,5,,,,,0,1.3168693009118541,0,0
F0000563,C000359,2025-12-31,2024-11-29,2025-11-29,overdraft,1895475.35,1624583.42,270891.93,0.1057,12,1,senior_secured,KZT,annuity,services,Almaty,large,LLP,private,23.8,711,0,0,0,0.84779493085482516373,0.55609593387274259688,3.4920565356191424,0.50274603128599489680,10.7373659306172350,0.85168799121207508325,0.04358178894919697987,-0.01831690276957122353,0.04394843973278031512,0.36334859701319858034,0.14396846848209973519,-0.34520038515490328644,none,0.0,0.00,0.000000000000000000000000,0.000000000000000000000000,C,3,0.018074,2025-01-01,C,3,0.021593,2025-11-01,120,235019.42,0,0,120,120,2025-10-29,90dpd,180,0,1,1.1946995684408543,0,1
F0000564,C000360,2025-12-31,2023-05-06,2025-05-06,credit_line,10306.76,9777.2,529.56,0.1135,24,1,senior_unsecured,KZT,amortizing,real_estate,Shymkent,micro,LLP,private,8.0,10,0,0,0,1.9119498862589420,1.4171574425411552,0.37621006560809159337,0.18789968205760926304,2.6424970052087678,3.1709554544492646,0.10298582500310139269,0.03789128665012819663,0.18645207482555100123,0.69891888146993050358,0.49945415935082807384,-0.06708125689574443904,guarantee,12295.54,8606.878,1.2575727202061940,0.88030090414433580166,B,2,0.0113,2025-01-01,C,3,0.016816,2025-05-01,0,334.33,0,0,30,30,,,,,0,1.4881415929203540,1,0
F0000565,C000360,2025-12-31,2024-01-29,2027-01-29,term_loan,9439.05,9375.17,63.88,0.1169,36,0,senior_secured,KZT,annuity,real_estate,Shymkent,micro,LLP,private,8.0,10,0,0,0,1.9340343907672679,1.6411862784898220,0.61976758781905830642,0.28502294727631019027,6.7344114512294196,1.4474829069626313,0.07083288788580705193,0.03435660879148436314,0.10010826747960888684,0.21902975338718404364,0.45988682350959419803,0.30183750214348331245,inventory,11104.7,4997.115,1.1844798547653003,0.53301593464438511515,C,3,0.016193,2025-01-01,C,3,0.016816,2025-12-01,30,1208.69,0,0,30,30,,,,,0,1.0384734144383376,0,0
F0000566,C000360,2025-12-31,2023-11-05,2025-05-05,term_loan,5557.11,5412.8,144.31,0.1566,18,0,senior_secured,USD,annuity,real_estate,Shymkent,micro,LLP,private,8.0,10,0,0,0,1.9119498862589420,1.4171574425411552,0.37621006560809159337,0.18789968205760926304,2.6424970052087678,3.1709554544492646,0.10298582500310139269,0.03789128665012819663,0.18645207482555100123,0.69891888146993050358,0.49945415935082807384,-0.06708125689574443904,none,0.0,0.00,0.00000000000000000000,0.00000000000000000000,B,2,0.0113,2025-01-01,C,3,0.016816,2025-05-01,30,722.0,0,0,60,60,,,,,0,1.4881415929203540,1,0
F0000567,C000360,2025-12-31,2022-10-26,2024-04-26,credit_line,9104.96,7038.38,2066.58,0.1451,18,1,senior_unsecured,KZT,bullet,real_estate,Shymkent,micro,LLP,private,8.0,10,0,0,0,1.6328951844759337,1.5465813124540431,0.73292995038675011190,0.29497264746505150833,3.5133178096295224,1.8195868367324537,0.07971596786316598885,0.02888249948023939925,0.24526224153453522720,0.89090831848632172036,0.40245680683317865950,,equipment,9267.81,5560.686,1.3167532869779694,0.79005197218678161736,B,2,0.01271,2025-01-01,C,3,0.016816,2024-04-01,0,539.27,0,0,30,30,,,,,0,1.3230527143981117,1,0
F0000568,C000361,2025-12-31,2022-09-09,2024-09-09,term_loan,4074.65,3891.67,182.99,0.1169,24,0,senior_unsecured,KZT,annuity,energy,Almaty,micro,LLP,private,5.7,11,0,0,0,2.6332507644394369,2.1025796007658546,0.54265274998831780664,0.30616373184159374543,1.7215051076039469,4.6337439682089129,0.12855532326332331750,0.09962953291411532832,0.28634431459679422354,0.88029417366208119076,0.56419824989034851198,,real_estate,6085.75,4564.3125,1.5637888104592630,1.1728416078444472,B,2,0.005756,2025-01-01,B,2,0.006818,2024-09-01,0,279.18,0,0,30,15,,,,,0,1.1845031271716470,0,0
F0000569,C000362,2025-12-31,2023-02-27,2027-02-27,term_loan,35508.67,28726.66,6782.01,0.1351,48,0,senior_unsecured,KZT,annuity,energy,Almaty,small,JSC,private,4.6,58,0,0,0,1.4691888819323982,1.1653805236342039,0.59317565043134595162,0.28192191040068875295,2.7802940579392158,5.2104141704761396,0.11741757360497965827,0.05987390568135058925,0.12794566073233093497,0.64450818166207502874,0.47527559534124596820,0.05239179599880429928,none,0.0,0.00,0.000000000000000000000000,0.000000000000000000000000,B,2,0.009703,2025-01-01,B,2,0.006817,2025-12-01,0,2470.62,0,0,30,30,,,,,0,0.70256621663403071215,0,0
F0000570,C000363,2025-12-31,2022-01-28,2026-01-28,term_loan,80588.85,70127.51,10461.33,0.13,48,0,senior_secured,KZT,amortizing,trade,Shymkent,small,JSC,private,20.6,50,0,0,0,1.3667564840571176,0.89230893195686535449,0.59512697384307118009,0.28962220564357491324,2.1864963517149796,3.5491600313041779,0.15486564946100244319,0.08384695341935640328,0.37066735916362007482,0.31064706987507716349,0.48665615637167420604,,none,0.0,0.00,0.000000000000000000000000,0.000000000000000000000000,B,2,0.014874,2025-01-01,B,2,0.008297,2025-12-01,60,6783.86,0,0,60,30,,,,,0,0.55781901304289363991,0,0
F0000571,C000363,2025-12-31,2024-07-20,2027-07-20,credit_line,77554.74,38289.27,39265.47,0.1362,36,1,senior_secured,KZT,annuity,trade,Shymkent,small,JSC,private,20.6,50,0,0,0,2.1437950148857224,1.4684317107764010,0.52351848454580062233,0.25240798408014171191,1.4069911675514848,4.5847849789015489,0.18289840111377921954,0.13256491412183706636,0.75205386185378426022,0.63883569827360581780,0.48213767332232469896,-0.10645385873080006554,none,0.0,0.00,0.000000000000000000000000,0.000000000000000000000000,B,2,0.005585,2025-01-01,B,2,0.008297,2025-12-01,0,3889.53,0,0,60,60,,,,,0,1.4855863921217547,0,0
F0000572,C000363,2025-12-31,2024-01-26,2027-01-26,working_capital,34674.56,31247.94,3426.62,0.1185,36,0,senior_secured,KZT,annuity,trade,Shymkent,small,JSC,private,20.6,50,0,0,0,2.1437950148857224,1.4684317107764010,0.52351848454580062233,0.25240798408014171191,1.4069911675514848,4.5847849789015489,0.18289840111377921954,0.13256491412183706636,0.75205386185378426022,0.63883569827360581780,0.48213767332232469896,-0.10645385873080006554,none,0.0,0.00,0.000000000000000000000000,0.000000000000000000000000,B,2,0.005585,2025-01-01,B,2,0.008297,2025-12-01,0,3124.55,0,0,30,30,,,,,0,1.4855863921217547,0,0
F0000573,C000364,2025-12-31,2024-08-20,2027-08-20,credit_line,5179725.24,4036274.83,1143450.4,0.1317,36,1,senior_secured,EUR,amortizing,real_estate,Astana,large,LLP,private,4.6,433,0,0,0,1.3252962711066752,0.94181096521135219852,1.2193533296262899,0.41161180846464670053,6.1629536221423965,1.0256028717330797,0.06252452991160861811,0.02035064178183387061,0.07194445412907751464,0.14146252606050216255,0.33756565752012044807,0.28847437464707362730,none,0.0,0.00,0.000000000000000000000000,0.000000000000000000000000,C,3,0.015526,2025-01-01,C,3,0.022154,2025-12-01,0,121404.66,0,0,15,15,,,,,0,1.4268968182403710,0,0
F0000574,C000365,2025-12-31,2023-01-11,2026-01-11,overdraft,2131570.8,1997943.48,133627.32,0.0955,36,1,senior_secured,KZT,amortizing,real_estate,Aktobe,large,IE,private,23.2,437,0,0,0,3.0854126701347266,2.4547035340881429,0.24835082359057887416,0.13879416439039833928,2.5139428988068504,4.7185414074749964,0.09624458714894468724,0.04526157745310479317,0.33795293645861863213,1.7470623490134793,0.55886331433798176820,0.27160155649429370705,none,0.0,0.00,0.000000000000000000000000,0.000000000000000000000000,A,1,0.004297,2025-01-01,B,2,0.011116,2025-12-01,0,179122.61,0,0,60,15,,,,,0,2.5869211077495927,1,0
F0000575,C000365,2025-12-31,2025-05-29,2028-05-29,working_capital,3930229.11,3218972.46,711256.65,0.1439,36,0,senior_secured,KZT,annuity,real_estate,Aktobe,large,IE,private,23.2,437,0,0,0,1.8895154273181377,1.2446206998512727,0.39720274243981296138,0.23162938770837524809,1.7133137467031078,4.9111174250986676,0.18563708160382154440,0.11826041753236096372,0.42218438929541980927,0.29891378227876651382,0.58315153184893584128,0.59236620194693123022,guarantee,4337071.99,3035950.393,1.3473467213198836,0.94314270492391848547,B,2,0.011116,2025-01-01,B,2,0.011116,2025-12-01,0,489261.1,0,0,30,30,,,,,0,1.00000000000000000000,0,0
F0000576,C000366,2025-12-31,2025-03-25,2026-09-25,credit_line,14000.71,5528.62,8472.09,0.1335,18,1,senior_secured,KZT,amortizing,services,Almaty,micro,LLP,foreign_owned,13.5,8,0,0,0,2.8062167779340964,2.5964719309168946,0.37549965822724187691,0.18745266706593767508,2.4781435768422800,3.1985336165345968,0.10332073378020569411,0.05823117843480762069,0.43083073204855846095,1.3697769874862923,0.49920862232182531249,-0.29897546821467948291,equipment,3506.72,2104.032,0.63428486674794071577,0.38057092004876442946,B,2,0.008119,2025-01-01,B,2,0.008119,2025-12-01,0,212.46,0,0,15,15,,,,,0,1.00000000000000000000,0,0
F0000577,C000367,2025-12-31,2024-12-17,2027-12-17,credit_line,69636.0,44040.17,25595.83,0.0973,36,1,senior_secured,KZT,amortizing,real_estate,Shymkent,micro,LLP,private,14.7,7,0,0,0,2.8299056203513415,2.5625095896297864,0.43329523737221461226,0.24971397152056724823,1.4149366484060590,5.9578319468276896,0.22590439727052300220,0.16491366599295368110,0.71115690321620649734,0.69529805606183323062,0.57631367710154375957,-0.06005067371010625880,guarantee,73836.89,51685.823,1.6765804945802889,1.1736063462062022,B,2,0.007545,2025-01-01,A,1,0.004311,2025-12-01,0,3646.07,0,0,30,30,,,,,0,0.57137176938369781312,-1,0
F0000578,C000367,2025-12-31,2024-04-21,2027-04-21,credit_line,66616.61,41177.85,25438.76,0.1165,36,1,senior_secured,EUR,annuity,real_estate,Shymkent,micro,LLP,private,14.7,7,0,0,0,2.8299056203513415,2.5625095896297864,0.43329523737221461226,0.24971397152056724823,1.4149366484060590,5.9578319468276896,0.22590439727052300220,0.16491366599295368110,0.71115690321620649734,0.69529805606183323062,0.57631367710154375957,-0.06005067371010625880,guarantee,93490.22,65443.154,2.2704007130046858,1.5892804991032800,B,2,0.007545,2025-01-01,A,1,0.004311,2025-12-01,0,4954.32,0,0,30,30,,,,,0,0.57137176938369781312,-1,0
F0000579,C000368,2025-12-31,2023-04-06,2025-04-06,credit_line,207084.51,126564.39,80520.12,0.0915,24,1,senior_secured,KZT,annuity,real_estate,Karaganda,medium,LLP,private,18.4,94,0,0,0,2.3964177794804366,1.7265182206250317,0.44980640165906326640,0.25700624659374045100,1.5442585400609778,12.6133426525547029,0.15238123559192284110,0.11850458074264599634,0.61741380798019835396,2.0045159014394251,0.57137080674218982665,0.06032994402009740541,real_estate,193237.62,144928.2150,1.5267929628547177,1.1450947221410382,B,2,0.006235,2025-01-01,B,2,0.0057,2025-04-01,15,8598.72,0,0,30,30,,,,,0,0.91419406575781876504,0,0
F0000580,C000369,2025-12-31,2023-09-30,2025-03-30,overdraft,10885.48,6141.71,4743.76,0.0911,18,1,senior_secured,KZT,amortizing,agriculture,Other,micro,IE,private,25.5,7,0,0,0,3.5716837256686098,2.6083576774216019,0.44255894459946869197,0.18622203293905353677,1.1202594734036231,13.8571591650358774,0.12828632159198529990,0.08124836098157067674,0.35327783777423868693,0.59256451266712363860,0.42078470045971160575,-0.03341698499975848664,real_estate,8517.24,6387.9300,1.3867864161609715,1.0400898121207286,B,2,0.00703,2025-01-01,B,2,0.006975,2025-03-01,0,403.64,0,0,30,30,,,,,0,0.99217638691322901849,0,0
F0000581,C000370,2025-12-31,2022-12-09,2026-12-09,leasing,743229.6,622349.06,120880.54,0.1127,48,0,subordinated,USD,bullet,trade,Atyrau,medium,LLP,private,7.5,119,0,0,0,1.5598369871605859,1.1105261946898570,1.2746718858330640,0.42459050221475545544,2.0437128871770181,3.1109163581660061,0.17160159129701332944,0.11933222937287518974,0.40513980233957351114,0.65750906857179320868,0.33309787948862117667,,inventory,1081438.58,486647.3610,1.7376720710400045,0.78195243196800200839,B,2,0.007996,2025-01-01,B,2,0.006236,2025-12-01,0,45213.83,0,0,60,60,,,,,0,0.77988994497248624312,0,0
F0000582,C000371,2025-12-31,2023-03-16,2024-09-16,leasing,193306.22,185633.19,7673.04,0.131,18,0,senior_unsecured,USD,amortizing,agriculture,Other,small,LLP,private,17.9,28,0,0,0,0.69344347461136325877,0.54984202081856663790,0.86564715579553601878,0.35707941331235659724,1.3585296363402210,6.7645189168915021,0.18424800791875475981,0.15713449347109862355,0.37683389517034626474,0.13179550714738413501,0.41249995557854981321,0.12863249207358620091,receivables,594530.93,326992.0115,3.2027189211153458,1.7614954066134402,B,2,0.008458,2025-01-01,B,2,0.008334,2024-09-01,0,15438.03,0,0,30,30,,,,,0,0.98533932371719082525,0,0
F0000583,C000372,2025-12-31,2023-12-19,2027-12-19,trade_finance,8159.28,5088.42,3070.86,0.1771,48,1,subordinated,KZT,bullet,construction,Shymkent,micro,LLP,private,10.1,7,0,0,0,1.8935900046274873,1.6198457504241863,1.5906362186961096,0.33186498222322604569,15.8396414275396070,0.75441517966267416280,0.03126159308080622636,0.000056132140968486234331,0.04586172274658943496,0.17482174812838716739,0.20863663125643231553,-0.11692532859410193783,equipment,5912.65,3547.590,1.1619815188211665,0.69718891129269989506,D,4,0.035605,2025-01-01,C,3,0.033936,2025-12-01,150,2605.56,0,0,150,90,2024-10-20,90dpd,150,0,1,0.95312456115714085100,-1,1
F0000584,C000373,2025-12-31,2023-07-28,2026-07-28,credit_line,268063.17,206128.01,61935.16,0.1201,36,1,senior_unsecured,KZT,annuity,trade,Karaganda,medium,JSC,private,16.2,211,0,0,1,2.1874385498169921,1.8077515595927980,0.57140503911328599931,0.29605562426529601753,2.7879789506614740,2.5013967395522571,0.10036151217511459924,0.05686594852511119766,0.25250031130054586783,0.57126115449388416455,0.51811867939547593870,0.30434991206752834012,none,0.0,0.00,0.000000000000000000000000,0.000000000000000000000000,B,2,0.012819,2025-01-01,A,1,0.004473,2025-12-01,5,16164.06,1,0,60,30,,,,,0,0.34893517435057336766,-1,0
F0000585,C000374,2025-12-31,2023-08-30,2027-08-30,overdraft,7556.59,3303.57,4253.01,0.151,48,1,senior_unsecured,KZT,annuity,trade,Karaganda,micro,LLP,private,17.0,9,0,0,0,1.3528931860099003,1.1707334775959678,1.7333372580441811,0.48188357045806005608,7.7893185494916103,1.0284456044630754,0.06029336078956038511,-0.01532146116890915420,0.08668094347136749247,0.36525249532416066369,0.27800912270344638199,0.00669233898775228782,real_estate,3710.92,2783.1900,1.1233059992674591,0.84247949945059435701,D,4,0.040923,2025-01-01,C,3,0.028044,2025-12-01,15,242.64,0,0,30,30,,,,,0,0.68528700241917747966,-1,0
F0000586,C000374,2025-12-31,2024-07-18,2027-07-18,term_loan,4930.28,4340.96,589.32,0.1462,36,0,senior_secured,KZT,annuity,trade,Karaganda,micro,LLP,private,17.0,9,0,0,0,1.08477585719587806191,0.94438940566889646768,1.7674076248768963,0.48271927071608962910,13.7413351169817675,0.55712227066270224914,0.05029810344008217313,0.01237302195627941686,0.05110975333708895897,0.42874473872744369319,0.27312277254077821613,-0.40000135511951448326,none,0.0,0.00,0.00000000000000000000,0.00000000000000000000,D,4,0.062033,2025-01-01,C,3,0.028044,2025-12-01,0,321.51,0,0,15,15,,,,,0,0.45208195637805684071,-1,0
F0000587,C000374,2025-12-31,2022-10-11,2025-10-11,term_loan,25895.03,23267.38,2627.65,0.133,36,0,senior_secured,KZT,annuity,trade,Karaganda,micro,LLP,private,17.0,9,0,0,0,0.82464770421534107350,0.55740904540349060770,8.3346175158983561,0.41673108726441065175,10.4127184985507393,1.2992576875302707,0.05603673986816539818,0.04455013115392862822,0.04177328542785062666,0.25244256225357838257,0.05000002537242920204,,equipment,19347.28,11608.368,0.83151949209580107429,0.49891169525748064458,D,4,0.047006,2025-01-01,C,3,0.028044,2025-10-01,180,17945.63,0,0,360,180,2023-03-25,90dpd,180,0,1,0.59660468876313662086,-1,1
F0000588,C000375,2025-12-31,2025-06-22,2027-06-22,trade_finance,102467.84,67862.07,34605.78,0.1181,24,1,senior_unsecured,KZT,annuity,services,Other,small,LLP,private,4.7,83,0,0,0,1.4149039222258930,1.2662151035135696,1.3848591473928540,0.40625896820684496036,6.0325084827589144,1.10158231739082558116,0.11453460431395569038,0.04190022988825597363,0.15087880558308540984,0.19968677261382092753,0.29335760894649183182,-0.45904824378484411020,real_estate,119889.27,89916.9525,1.7666609639228512,1.3249957229421384,C,3,0.028324,2025-01-01,C,3,0.028324,2025-12-01,0,9685.79,1,0,30,30,,,,,0,1.00000000000000000000,0,0
F0000589,C000376,2025-12-31,2023-02-24,2027-02-24,overdraft,143562.52,58703.62,84858.9,0.1012,48,1,senior_unsecured,KZT,bullet,transport,Other,small,LLP,private,23.7,37,0,0,0,2.4216272008809381,1.9256036268409232,0.13591286283698780886,0.08939980237516403128,1.1813013896169620,13.0880060663019996,0.12339530591121798118,0.06449281047622434459,0.32508807655084052646,0.48865757251820713242,0.65777293266487248014,0.02697943139421425169,real_estate,87631.43,65723.5725,1.4927772767675997,1.1195829575756998,B,2,0.011154,2025-01-01,B,2,0.010395,2025-12-01,5,3804.43,0,0,60,15,,,,,0,0.93195266272189349112,0,0
F0000590,C000377,2025-12-31,2023-10-31,2028-10-31,overdraft,37141.91,20147.3,16994.61,0.1072,60,1,subordinated,KZT,bullet,transport,Other,small,LLP,private,8.3,32,0,0,0,2.1067950283098793,1.5869276057905958,1.4204844600271699,0.39025829714851391243,5.8332247451643609,2.6607700734369294,0.04808989152542267425,0.01343816636661685922,0.18082251029098342313,1.1943676770304102,0.27473605528993211828,0.04679878657613386192,inventory,33642.92,15139.3140,1.6698475726275977,0.75143140768241898418,C,3,0.029326,2025-01-01,C,3,0.021705,2025-12-01,15,2145.6,0,0,60,60,,,,,0,0.74012821387164973061,0,0
F0000591,C000378,2025-12-31,2025-04-30,2030-04-30,leasing,51888.88,44896.38,6992.49,0.1168,60,0,senior_secured,EUR,bullet,services,Kostanay,small,LLP,private,8.1,35,0,0,0,1.7825785132925540,1.5189376845635798,0.61952096025333124001,0.28753846297322582280,4.3431965610494591,2.4046951929699177,0.09747666718930557567,0.07561689995955631443,0.13376324992556188551,0.25546666034834986626,0.46413032233105900521,0.14289320139549540365,real_estate,36947.95,27710.9625,0.82296055940367575292,0.61722041955275681469,B,2,0.010667,2025-01-01,B,2,0.010667,2025-12-01,0,2009.36,0,0,5,5,,,,,0,1.00000000000000000000,0,0
F0000592,C000379,2025-12-31,2023-08-23,2027-08-23,overdraft,49158.57,25019.64,24138.93,0.139,48,1,senior_secured,EUR,amortizing,transport,Aktobe,small,LLP,private,16.9,38,0,0,0,2.7375579842882517,2.2737503761109306,0.37860662707438005530,0.18509871521696515532,2.0366212052126630,3.0956330759211523,0.08992104737421387464,0.01319597244620797644,0.35443310063844025509,0.94897091502851616875,0.48889454642483358306,0.09056536780169527761,real_estate,20231.7,15173.775,0.80863273812093219567,0.60647455359069914675,B,2,0.013928,2025-01-01,C,3,0.016339,2025-12-01,0,2466.93,0,0,30,30,,,,,0,1.1731045376220563,1,0
F0000593,C000379,2025-12-31,2022-02-17,2026-02-17,credit_line,161091.14,96044.45,65046.7,0.1205,48,1,senior_secured,KZT,annuity,transport,Aktobe,small,LLP,private,16.9,38,0,0,0,0.95431167435949263344,0.63451519967659673440,0.55430640284960351265,0.21937332991562233357,3.1347412575482751,5.5015547147192148,0.08028404632650048814,-0.02058718675359719217,0.34631742223272029732,0.18046371378369754712,0.39576185443259894349,,none,0.0,0.00,0.000000000000000000000000,0.000000000000000000000000,B,2,0.012038,2025-01-01,C,3,0.016339,2025-12-01,0,6093.42,0,0,30,5,,,,,0,1.3572852633327795,1,0
F0000594,C000380,2025-12-31,2023-07-11,2028-07-11,credit_line,5521713.59,4201218.05,1320495.54,0.1236,60,1,senior_unsecured,USD,annuity,services,Aktobe,large,LLP,private,19.7,699,0,0,1,2.4521288150618432,1.7645879958008668,0.39607069753830771091,0.21250978836025961865,2.0369490443058335,3.4538088165620404,0.15403342577178608279,0.08700912991647675583,0.32811491792448098699,1.1969861372041143,0.53654509076553385882,0.23196001406331015269,equipment,3265632.17,1959379.302,0.77730604104207350056,0.46638362462524410034,B,2,0.008153,2025-01-01,B,2,0.009092,2025-12-01,0,218347.64,0,0,30,15,,,,,0,1.1151723292039740,0,0
F0000595,C000381,2025-12-31,2024-11-05,2026-11-05,credit_line,1893141.93,1449490.52,443651.41,0.1042,24,1,senior_unsecured,KZT,annuity,trade,Other,large,LLP,private,25.9,1241,1,0,0,4.3561457160645484,4.0754915586760080,0.14049399932230483610,0.10757101942939900723,0.70888431950113044870,10.8825264597265995,0.20317833660316769581,0.14991404765477243772,1.0155954796592431,1.2166972008753184,0.76566273256000212298,-0.06716192870847831297,receivables,2834863.22,1559174.7710,1.9557652712347508,1.0756708991791129,A,1,0.002657,2025-01-01,A,1,0.003454,2025-12-01,0,73382.04,0,0,30,30,,,,,0,1.2999623635679338,0,0
F0000596,C000382,2025-12-31,2022-01-09,2027-01-09,credit_line,58884.06,55920.89,2963.17,0.1228,60,1,senior_secured,KZT,bullet,real_estate,Shymkent,small,IE,private,3.5,26,0,0,0,1.7517041193955544,1.3784343540895959,0.98427724384186870773,0.40873627898602478021,5.5931170385999098,1.9409342107390580,0.09639744725696721318,0.05369339749078021770,0.10834725745326908072,0.87009399764831938328,0.41526539554102627801,,real_estate,81242.07,60931.5525,1.4528035945064537,1.0896026958798403,C,3,0.018031,2025-01-01,B,2,0.009101,2025-12-01,0,3156.14,0,0,15,15,,,,,0,0.50474183350895679663,-1,0
F0000597,C000382,2025-12-31,2023-05-04,2025-05-04,credit_line,83712.85,62615.21,21097.64,0.111,24,1,subordinated,KZT,bullet,real_estate,Shymkent,small,IE,private,3.5,26,0,0,0,2.4737368390375716,2.3025949753526073,0.55029572890147544826,0.27021474707100673755,6.5711354474916700,0.98320012316060913185,0.06459761243058131078,0.02955011511581421560,0.06717098782036684637,0.46225756712420543759,0.49103551577698287321,0.06700123358703694514,none,0.0,0.00,0.000000000000000000000000,0.000000000000000000000000,B,2,0.009461,2025-01-01,B,2,0.009101,2025-05-01,0,5048.83,0,0,30,30,,,,,0,0.96194905401120388965,0,0
F0000598,C000382,2025-12-31,2022-03-06,2026-03-06,working_capital,115928.29,109448.17,6480.12,0.1364,48,0,senior_unsecured,KZT,annuity,real_estate,Shymkent,small,IE,private,3.5,26,0,0,0,1.7517041193955544,1.3784343540895959,0.98427724384186870773,0.40873627898602478021,5.5931170385999098,1.9409342107390580,0.09639744725696721318,0.05369339749078021770,0.10834725745326908072,0.87009399764831938328,0.41526539554102627801,,real_estate,252183.23,189137.4225,2.3041338196883511,1.7281003647662633,C,3,0.018031,2025-01-01,B,2,0.009101,2025-12-01,60,7445.47,0,0,60,0,,,,,0,0.50474183350895679663,-1,0
F0000599,C000383,2025-12-31,2023-03-24,2026-03-24,term_loan,48764.23,48532.32,231.91,0.11,36,0,senior_secured,KZT,amortizing,agriculture,Shymkent,micro,LLP,foreign_owned,3.3,11,0,0,0,2.2343277517947131,1.6675789196388064,0.46278440781540877758,0.24294811437460491808,4.3403807602754224,2.6967714495178720,0.08404300358886462206,0.00117114449943601064,0.12642634544788657512,0.40662296349938767540,0.52497039716927940542,0.02988026537204795780,inventory,146389.5,65875.275,3.0163301486514554,1.3573485668931549,B,2,0.006799,2025-01-01,B,2,0.009289,2025-12-01,5,3126.58,0,0,15,15,,,,,0,1.3662303279894102,0,0
F0000600,C000384,2025-12-31,2024-04-08,2025-04-08,overdraft,102318.4,89574.68,12743.72,0.1581,12,1,senior_secured,KZT,annuity,construction,Other,medium,LLP,foreign_owned,20.2,151,0,0,1,1.1663125379941752,1.0363338464685633,4.3172698821097918,0.58289939816071525444,10.7313287385456195,1.1427472264155465,0.07070152086130776585,0.02233497173926921104,0.08842166183664497300,0.37207055935605773580,0.13501574237371052235,0.25483492757497353638,real_estate,103568.01,77676.0075,1.1562197040502964,0.86716477803772226705,C,3,0.019678,2025-01-01,C,3,0.01576,2025-04-01,90,49503.76,0,0,360,360,2024-08-11,writeoff,150,0,1,0.80089439983738184775,0,1
F0000601,C000385,2025-12-31,2024-06-14,2027-06-14,credit_line,1754563.33,1136645.6,617917.73,0.1347,36,1,senior_secured,KZT,annuity,real_estate,Karaganda,large,IE,private,25.2,346,0,0,0,1.0306120596844119,0.89593292847955048521,1.0667899061420175,0.28650360988169573296,1.8386950162627055,7.6869478128857358,0.12038050287058439685,0.04106576059333936985,0.19772251691220083823,1.0631920025438147,0.26856610493983680209,-0.09986363645630251985,real_estate,2542305.44,1906729.0800,2.2366738058019140,1.6775053543514355,C,3,0.022805,2025-01-01,C,3,0.021352,2025-12-01,30,61477.95,0,0,30,15,,,,,0,0.93628590221442666082,0,0
F0000602,C000386,2025-12-31,2022-06-20,2025-06-20,leasing,158395.79,154214.14,4181.65,0.1319,36,0,senior_unsecured,KZT,amortizing,services,Astana,small,LLP,private,23.1,46,0,0,0,0.88324807549692392860,0.77366194375681105227,0.70470253920553486385,0.31998689721208660171,4.7156035397093499,1.5948366961079865,0.11634006621968773637,0.04702464761998831509,0.12988446454020793792,0.19445621842504796259,0.45407371111906639990,,none,0.0,0.00,0.000000000000000000000000,0.000000000000000000000000,C,3,0.016547,2025-01-01,B,2,0.008807,2025-06-01,0,14712.15,0,0,60,60,,,,,0,0.53224149392639149090,-1,0
F0000603,C000386,2025-12-31,2022-06-19,2023-06-19,term_loan,86547.19,71981.74,14565.45,0.1201,12,0,senior_secured,KZT,bullet,services,Astana,small,LLP,private,23.1,46,0,0,0,0.88324807549692392860,0.77366194375681105227,0.70470253920553486385,0.31998689721208660171,4.7156035397093499,1.5948366961079865,0.11634006621968773637,0.04702464761998831509,0.12988446454020793792,0.19445621842504796259,0.45407371111906639990,,inventory,74091.63,33341.2335,1.02931146149009457121,0.46319015767054255704,C,3,0.016547,2025-01-01,B,2,0.008807,2023-06-01,0,7138.25,0,0,15,15,,,,,0,0.53224149392639149090,-1,0
F0000604,C000387,2025-12-31,2025-04-30,2029-04-30,overdraft,14080.97,8330.79,5750.18,0.129,48,1,senior_secured,USD,annuity,trade,Aktobe,small,LLP,private,24.4,55,0,0,0,2.9410645134287380,2.4975625716792672,0.60032140872614785913,0.30406769622151700798,3.0779340476617036,4.9035232337137028,0.13045765973928934360,0.06641415931465780593,0.16659519174686035737,0.61027144934484443534,0.50650816679474003871,0.76870670541630932791,equipment,15038.51,9023.106,1.8051721385366814,1.0831032831220088,B,2,0.014131,2025-01-01,B,2,0.014131,2025-12-01,0,573.77,0,1,15,15,,,,,0,1.00000000000000000000,0,0
F0000605,C000387,2025-12-31,2023-06-03,2026-06-03,term_loan,46933.86,40932.83,6001.03,0.1328,36,0,senior_secured,KZT,amortizing,trade,Aktobe,small,LLP,private,24.4,55,0,0,0,2.8184747396922820,1.9157292651048293,0.43628877110606457219,0.26094548988753237706,1.2258330414185487,5.5031602888396657,0.15182105543176192505,0.08088964811235922056,0.61006808703893921176,1.03117022844004947764,0.59810269520802053960,0.12098826188717007519,none,0.0,0.00,0.000000000000000000000000,0.000000000000000000000000,B,2,0.011748,2025-01-01,B,2,0.014131,2025-12-01,0,4929.55,0,1,60,60,,,,,0,1.2028430371127000,0,0
F0000606,C000388,2025-12-31,2024-08-04,2027-08-04,term_loan,328087.62,313068.52,15019.1,0.1139,36,0,senior_secured,USD,annuity,construction,Shymkent,small,IE,private,6.1,26,0,0,0,2.9821568757541145,2.5709695930852326,0.74650774262558705601,0.33468899683055757682,1.9546924964011453,3.4701397365093787,0.12528355373888999133,0.04785699302265891297,0.33977030692288106767,1.3157842072898321,0.44833961889451123006,0.07906866980220241116,none,0.0,0.00,0.000000000000000000000000,0.000000000000000000000000,A,1,0.00476,2025-01-01,C,3,0.015493,2025-12-01,0,23288.27,0,0,30,30,,,,,0,3.2548319327731092,2,0
F0000607,C000388,2025-12-31,2025-05-08,2028-05-08,term_loan,269486.57,248674.76,20811.81,0.1081,36,0,senior_unsecured,USD,amortizing,construction,Shymkent,small,IE,private,6.1,26,0,0,0,1.8564768100868483,1.4289336571229805,0.49286923373461330237,0.26488733813011793205,2.0152880089977402,5.3810263994970095,0.16871590493703202248,0.11022680944419612633,0.22916190657632318577,0.88906256145776994040,0.53743938554043970974,0.28776296340092250879,none,0.0,0.00,0.000000000000000000000000,0.000000000000000000000000,C,3,0.015493,2025-01-01,C,3,0.015493,2025-12-01,0,27193.21,0,0,30,30,,,,,0,1.00000000000000000000,0,0
F0000608,C000389,2025-12-31,2024-01-20,2027-01-20,credit_line,21804.24,11022.5,10781.74,0.1093,36,1,senior_unsecured,EUR,bullet,trade,Other,micro,LLP,private,4.6,8,0,0,0,1.3049627553143395,0.90664233579436508328,0.42001557296556698727,0.19769705844804582910,1.13477808720818237844,8.0898219946876874,0.12328159648851783492,0.06856166315875891962,0.68604212300898635859,0.88613773393392550599,0.47068982955127975218,0.01949808093390445504,real_estate,11061.02,8295.7650,1.00349466999319573599,0.75262100249489680200,B,2,0.00587,2025-01-01,B,2,0.005632,2025-12-01,0,550.05,0,0,5,0,,,,,0,0.95945485519591141397,0,0
F0000609,C000390,2025-12-31,2025-04-20,2029-04-20,term_loan,219658.34,194432.64,25225.7,0.1037,48,0,senior_secured,KZT,amortizing,manufacturing,Other,small,LLP,state_related,22.3,19,0,1,0,2.7068859331011204,1.8337563660117950,0.29504760107693079718,0.18798239986884808382,2.2800257904488307,7.1184579987909008,0.10397640616874860588,0.04584097039043434629,0.42810825474670301709,1.4716308379544396,0.63712566779973072308,0.18893123818212856933,none,0.0,0.00,0.000000000000000000000000,0.000000000000000000000000,B,2,0.00908,2025-01-01,B,2,0.00908,2025-12-01,0,16216.19,0,0,60,60,,,,,0,1.00000000000000000000,0,0
F0000610,C000391,2025-12-31,2024-06-20,2027-06-20,overdraft,91164.01,39624.18,51539.84,0.1599,36,1,senior_unsecured,KZT,amortizing,trade,Shymkent,small,JSC,state_related,8.1,23,0,1,0,1.5518977178583604,1.2143231947791035,0.68235037792199428446,0.23295358107388090452,4.4018016627517561,3.2078866910927365,0.05864604953045897310,-0.01273648186122223609,0.18152380875851995572,0.94677261974290450655,0.34139877196713732899,0.00395627274305893447,equipment,94074.16,56444.496,2.3741604242661930,1.4244962545597158,C,3,0.028254,2025-01-01,C,3,0.025952,2025-12-01,0,5263.91,0,0,60,60,,,,,0,0.91852481064628017272,0,0
F0000611,C000391,2025-12-31,2024-02-17,2025-02-17,term_loan,129208.42,104701.93,24506.5,0.1493,12,0,senior_secured,KZT,annuity,trade,Shymkent,small,JSC,state_related,8.1,23,0,1,0,1.5518977178583604,1.2143231947791035,0.68235037792199428446,0.23295358107388090452,4.4018016627517561,3.2078866910927365,0.05864604953045897310,-0.01273648186122223609,0.18152380875851995572,0.94677261974290450655,0.34139877196713732899,0.00395627274305893447,real_estate,102150.32,76612.7400,0.97562977110355081325,0.73172232832766310994,C,3,0.028254,2025-01-01,C,3,0.025952,2025-02-01,0,11122.16,0,0,60,60,,,,,0,0.91852481064628017272,0,0
F0000612,C000391,2025-12-31,2022-04-23,2024-04-23,working_capital,165494.3,159370.12,6124.18,0.1467,24,0,senior_unsecured,KZT,bullet,trade,Shymkent,small,JSC,state_related,8.1,23,0,1,0,1.3420102566375125,0.93692065664523925384,0.49435415318258526454,0.20827696710545619364,28.4656898808972101,0.30540623023472849428,0.01256133898354911674,-0.04002336840996140145,0.01679122502695817876,0.68151344028799077395,0.42131125179104334798,,inventory,357845.2,161030.340,2.2453719680953996,1.0104173856429298,C,3,0.021285,2025-01-01,C,3,0.025952,2024-04-01,90,50771.66,0,0,150,30,2023-09-29,90dpd,90,0,1,1.2192623913554146,0,0
F0000613,C000391,2025-12-31,2024-02-29,2029-02-28,credit_line,186767.4,140664.85,46102.55,0.1367,60,1,senior_secured,KZT,annuity,trade,Shymkent,small,JSC,state_related,8.1,23,0,1,0,1.5518977178583604,1.2143231947791035,0.68235037792199428446,0.23295358107388090452,4.4018016627517561,3.2078866910927365,0.05864604953045897310,-0.01273648186122223609,0.18152380875851995572,0.94677261974290450655,0.34139877196713732899,0.00395627274305893447,inventory,86077.91,38735.0595,0.61193617310934465860,0.27537127789920509637,C,3,0.028254,2025-01-01,C,3,0.025952,2025-12-01,360,80096.37,0,0,360,150,2024-09-03,90dpd,90,1,1,0.91852481064628017272,0,1
F0000614,C000392,2025-12-31,2022-03-20,2024-03-20,overdraft,224720.92,193782.7,30938.22,0.1398,24,1,senior_unsecured,KZT,bullet,services,Aktobe,medium,LLP,private,21.7,202,0,0,0,1.8686003917886218,1.6530628241981523,1.4173306332267250,0.39880566049568487274,12.1968697600904896,1.1282834922737596,0.05619087619407743136,-0.01387312187886162842,0.07059910668190852465,0.50961988765895370746,0.28137800111450032320,,none,0.0,0.00,0.000000000000000000000000,0.000000000000000000000000,C,3,0.024894,2025-01-01,C,3,0.015865,2024-03-01,0,6593.2,0,0,15,15,,,,,0,0.63730216116333252993,0,0
F0000615,C000393,2025-12-31,2024-05-01,2027-05-01,credit_line,120339.79,53281.96,67057.83,0.1436,36,1,senior_secured,KZT,amortizing,transport,Other,medium,LLP,private,17.2,119,0,0,1,2.5381545043078735,2.1088743349801638,0.80582367702673683617,0.30613138029027528664,4.6775112876136885,4.0450636401086222,0.08825950899894843590,0.02991885974999904004,0.22514321734303094855,2.3957697406783152,0.37989871608118310094,0.00718525886372390252,real_estate,69779.76,52334.8200,1.3096320030269157,0.98222400227018675739,C,3,0.016606,2025-01-01,C,3,0.029706,2025-12-01,30,4518.26,0,0,60,60,,,,,0,1.7888714922317235,0,0
F0000616,C000394,2025-12-31,2023-09-20,2025-09-20,credit_line,696277.33,608937.24,87340.08,0.1458,24,1,senior_unsecured,KZT,amortizing,energy,Atyrau,medium,LLP,private,11.6,95,1,0,0,1.4592139966362536,1.3439309141904631,0.82310452235479325265,0.31400486686742973177,5.6139989034597925,1.1407701280807733,0.07691559633583674313,0.01553213536931829978,0.10592645435022926508,0.66978873644230046471,0.38148844811240170105,-0.01332333514403718489,real_estate,918364.21,688773.1575,1.5081426289513842,1.1311069717135382,B,2,0.009269,2025-01-01,B,2,0.007979,2025-09-01,0,50756.84,0,0,30,30,,,,,0,0.86082641061603193441,0,0
F0000617,C000395,2025-12-31,2022-05-02,2027-05-02,overdraft,11969.41,8562.97,3406.44,0.1337,60,1,senior_secured,USD,amortizing,services,Astana,small,LLP,private,8.7,38,0,0,0,1.6180718044092316,1.4261969057343595,0.84588741720232858936,0.39920433718616730406,7.2234265261419708,1.03427006847572385369,0.08508926106327774640,0.04276049955035804430,0.07261891821902340475,0.53864940771206772447,0.47193554256485795611,,guarantee,11807.12,8264.984,1.3788580364055929,0.96520062548391504350,B,2,0.013571,2025-01-01,C,3,0.017595,2025-12-01,0,400.09,0,0,30,30,,,,,0,1.2965146267776877,1,0
F0000618,C000396,2025-12-31,2023-10-19,2025-10-19,leasing,305442.8,303900.07,1542.73,0.095,24,0,senior_secured,USD,annuity,transport,Aktobe,small,LLP,foreign_owned,5.0,29,0,0,0,1.2924051415756084,0.97827092579290886956,0.85399178771745737364,0.36250888323393069569,1.9743778859432175,5.2223610406877824,0.13327483280005302016,0.05643124877631853999,0.35703568501281391513,0.11271911152793423260,0.42448755180988522976,-0.08827639385574938510,none,0.0,0.00,0.000000000000000000000000,0.000000000000000000000000,B,2,0.006302,2025-01-01,B,2,0.005458,2025-10-01,0,14404.44,0,0,15,15,,,,,0,0.86607426213900349096,0,0
F0000619,C000396,2025-12-31,2023-12-21,2026-12-21,term_loan,335363.24,294672.18,40691.06,0.1034,36,0,senior_unsecured,KZT,annuity,transport,Aktobe,small,LLP,foreign_owned,5.0,29,0,0,0,1.2924051415756084,0.97827092579290886956,0.85399178771745737364,0.36250888323393069569,1.9743778859432175,5.2223610406877824,0.13327483280005302016,0.05643124877631853999,0.35703568501281391513,0.11271911152793423260,0.42448755180988522976,-0.08827639385574938510,equipment,578309.57,346985.742,1.9625523183084335,1.1775313909850601,B,2,0.006302,2025-01-01,B,2,0.005458,2025-12-01,0,28876.46,0,0,60,30,,,,,0,0.86607426213900349096,0,0
F0000620,C000396,2025-12-31,2023-02-22,2024-08-22,leasing,461260.42,393037.12,68223.3,0.1242,18,0,senior_unsecured,KZT,annuity,transport,Aktobe,small,LLP,foreign_owned,5.0,29,0,0,0,1.2924051415756084,0.97827092579290886956,0.85399178771745737364,0.36250888323393069569,1.9743778859432175,5.2223610406877824,0.13327483280005302016,0.05643124877631853999,0.35703568501281391513,0.11271911152793423260,0.42448755180988522976,-0.08827639385574938510,equipment,653165.53,391899.318,1.6618418382467285,0.99710510294803707090,B,2,0.006302,2025-01-01,B,2,0.005458,2024-08-01,0,14388.69,0,0,15,15,,,,,0,0.86607426213900349096,0,0
F0000621,C000396,2025-12-31,2024-03-29,2026-03-29,term_loan,130917.95,108565.82,22352.13,0.1233,24,0,senior_secured,KZT,annuity,transport,Aktobe,small,LLP,foreign_owned,5.0,29,0,0,0,2.1419132044829144,1.9443020293486330,0.37381546094349276453,0.17469737430892279555,2.4753109172692804,2.6233595309147686,0.07162848391282127355,0.01700196126882560953,0.18851937054041436806,1.2452619010882218,0.46733587173734008210,-0.09994343488958738433,real_estate,255507.85,191630.8875,2.3534833523110681,1.7651125142333011,B,2,0.007244,2025-01-01,B,2,0.005458,2025-12-01,0,8381.46,0,0,30,30,,,,,0,0.75345113197128658200,0,0
F0000622,C000397,2025-12-31,2023-03-12,2025-03-12,term_loan,274418.35,231364.93,43053.43,0.1162,24,0,senior_secured,KZT,amortizing,transport,Aktobe,medium,LLP,private,24.9,119,0,0,0,1.3892242932894161,1.1768307715913941,1.2804078113930254,0.41011825504533859690,5.6828550013294214,2.1728290946355687,0.08153679915761531114,0.03445290558326041846,0.16597326391670506657,0.67585757702357673177,0.32030283742110929081,0.01853293934348332713,equipment,494291.81,296575.086,2.1364163099394537,1.2818497859636722,C,3,0.026547,2025-01-01,C,3,0.017601,2025-03-01,30,16434.73,0,0,60,60,,,,,0,0.66301276980449768335,0,0
F0000623,C000398,2025-12-31,2024-04-25,2027-04-25,credit_line,426073.81,350446.64,75627.17,0.1163,36,1,senior_secured,KZT,amortizing,trade,Atyrau,medium,JSC,foreign_owned,21.3,181,0,0,0,1.6655754277298214,1.3373038742398818,1.0698458038465965,0.37805824211648284278,3.2405173740853827,2.5852755731324500,0.13331986322573763062,0.08360857287028309533,0.12166090859499699309,0.17776087169495841820,0.35337638448193792523,-0.01749787451276376909,none,0.0,0.00,0.000000000000000000000000,0.000000000000000000000000,C,3,0.022537,2025-01-01,C,3,0.031864,2025-12-01,0,29048.57,0,0,30,30,,,,,0,1.4138527754359498,0,0
F0000624,C000398,2025-12-31,2024-07-20,2029-07-20,leasing,571524.72,507039.33,64485.38,0.13,60,0,senior_secured,USD,annuity,trade,Atyrau,medium,JSC,foreign_owned,21.3,181,0,0,0,1.6655754277298214,1.3373038742398818,1.0698458038465965,0.37805824211648284278,3.2405173740853827,2.5852755731324500,0.13331986322573763062,0.08360857287028309533,0.12166090859499699309,0.17776087169495841820,0.35337638448193792523,-0.01749787451276376909,none,0.0,0.00,0.000000000000000000000000,0.000000000000000000000000,C,3,0.022537,2025-01-01,C,3,0.031864,2025-12-01,0,39617.66,0,0,30,30,,,,,0,1.4138527754359498,0,0
F0000625,C000399,2025-12-31,2025-04-28,2027-04-28,term_loan,425819.53,365106.07,60713.45,0.132,24,0,senior_secured,KZT,bullet,trade,Almaty,small,IE,private,19.3,23,0,0,0,1.7587032510856629,1.4183293732209186,1.3671700825812441,0.36367900896191084085,5.3296867230233715,1.5558319428993385,0.07160899520837315841,0.01177346190325347217,0.12268447305301195952,0.18537537350405347392,0.26600860682620971735,0.31677895514047173198,receivables,243304.04,133817.2220,0.66639275539845174308,0.36651601546914845869,C,3,0.015482,2025-01-01,C,3,0.015482,2025-12-01,5,6759.52,0,0,5,5,,,,,0,1.00000000000000000000,0,0
F0000626,C000399,2025-12-31,2025-04-09,2027-04-09,working_capital,245012.57,206027.96,38984.61,0.1264,24,0,senior_secured,KZT,amortizing,trade,Almaty,small,IE,private,19.3,23,0,0,0,1.7587032510856629,1.4183293732209186,1.3671700825812441,0.36367900896191084085,5.3296867230233715,1.5558319428993385,0.07160899520837315841,0.01177346190325347217,0.12268447305301195952,0.18537537350405347392,0.26600860682620971735,0.31677895514047173198,equipment,453365.24,272019.144,2.2005034656461191,1.3203020793876715,C,3,0.015482,2025-01-01,C,3,0.015482,2025-12-01,0,12495.79,0,0,30,30,,,,,0,1.00000000000000000000,0,0
F0000627,C000400,2025-12-31,2024-06-17,2026-06-17,term_loan,448126.87,396763.4,51363.47,0.1148,24,0,senior_secured,KZT,bullet,transport,Shymkent,medium,JSC,private,18.6,102,0,0,0,0.93154291224008936472,0.86108261066583150768,0.70529833479366356596,0.30292506622356924585,2.7479250012566754,4.3747340111066960,0.16023524518939651342,0.10228828352365867561,0.28316314548644319345,0.43189940935459626942,0.42949919385842670100,0.09350979183793583900,equipment,436898.12,262138.872,1.1011552980945319,0.66069317885671914295,B,2,0.006773,2025-01-01,B,2,0.008528,2025-12-01,0,43539.29,0,0,60,60,,,,,0,1.2591170825335893,0,0
F0000628,C000401,2025-12-31,2024-01-11,2025-01-11,overdraft,14265.6,7707.11,6558.5,0.1991,12,1,senior_secured,USD,annuity,trade,Kostanay,micro,LLP,private,2.0,8,0,0,0,1.4073858735497111,1.14668450399129883640,3.2521405967378668,0.35893238256244896689,-31.9389466152314584,-0.34093283483149046748,-0.00832112759769895349,-0.06847585956595731021,-0.01246243226118460559,0.48372084319098263937,0.11036803972204775379,0.02353261936614148505,equipment,3893.78,2336.268,0.50521920668058455115,0.30313152400835073069,C,3,0.030659,2025-01-01,C,3,0.029386,2025-01-01,0,444.89,0,0,15,15,,,,,0,0.95847875012231318699,0,0
F0000629,C000401,2025-12-31,2023-12-09,2026-12-09,overdraft,15562.28,8013.33,7548.96,0.1328,36,1,senior_secured,KZT,annuity,trade,Kostanay,micro,LLP,private,2.0,8,0,0,0,1.2759005549338456,0.99424130081661343461,1.4211401983197520,0.36943175087626485758,16.2874531835205993,0.39986759138444134491,0.03296712905223279686,-0.01096625626668765167,0.05225960298887130262,1.00447120886860300541,0.25995447269245696700,-0.23363820637791634156,none,0.0,0.00,0.00000000000000000000,0.00000000000000000000,D,4,0.058685,2025-01-01,C,3,0.029386,2025-12-01,0,853.91,0,0,60,60,,,,,0,0.50074124563346681435,-1,0
F0000630,C000402,2025-12-31,2023-02-07,2025-02-07,working_capital,74155.87,64083.29,10072.58,0.1361,24,0,subordinated,USD,amortizing,trade,Astana,medium,LLP,private,7.3,197,0,0,0,0.99966957658194293753,0.91734140668868063701,0.82705099808136394607,0.33955903717462829642,4.4780489456611373,1.6806912582278523,0.09281574191079448308,0.06862753037969981293,0.15858432434637042481,0.11598694005770594042,0.41056602067146411309,0.08574697081168605587,equipment,57283.1,34369.86,0.89388512980528933518,0.53633107788317360111,B,2,0.011236,2025-01-01,B,2,0.010179,2025-02-01,0,2847.82,0,0,15,15,,,,,0,0.90592737629049483802,0,0
F0000631,C000403,2025-12-31,2023-10-11,2025-10-11,trade_finance,14036.18,5233.61,8802.57,0.1009,24,1,senior_unsecured,KZT,amortizing,construction,Shymkent,micro,LLP,private,18.3,12,0,0,0,1.24346025248791882926,0.84361460473460883839,1.13241300005883930892,0.32492634658594059285,2.5045382911269185,4.0420893062015664,0.20559458061080203792,0.14735733992190120182,0.31801422455552355267,0.72134934107682814835,0.28693272381106333968,0.17513019914645507031,equipment,8632.14,5179.284,1.6493663073862974,0.98961978443177844738,B,2,0.009134,2025-01-01,B,2,0.007963,2025-10-01,0,489.77,0,0,30,30,,,,,0,0.87179767900153273484,0,0
F0000632,C000403,2025-12-31,2022-01-03,2027-01-03,term_loan,3232.66,2610.22,622.45,0.1128,60,0,senior_unsecured,KZT,bullet,construction,Shymkent,micro,LLP,private,18.3,12,0,0,0,2.7290427633238896,1.8801012132615325,0.33550549120612656230,0.18513203113406193938,1.3836795433470485,5.1884673835538494,0.17833687223488502840,0.12621958419949155677,0.74774570510170913075,1.1747358488032882,0.55180030129617532904,,real_estate,4011.94,3008.9550,1.5370122058677046,1.1527591544007785,B,2,0.005774,2025-01-01,B,2,0.007963,2025-12-01,0,194.85,0,0,60,5,,,,,0,1.3791132663664704,0,0
F0000633,C000403,2025-12-31,2024-03-08,2028-03-08,working_capital,4236.86,4221.12,15.74,0.1167,48,0,senior_unsecured,KZT,amortizing,construction,Shymkent,micro,LLP,private,18.3,12,0,0,0,3.1349369961889913,2.7519036533008116,0.63167720834777595124,0.23745812432741362097,1.5891607205629321,6.6551336354084581,0.16177564814118282760,0.08642707190775961614,0.57615063410999518790,1.8767705763865700,0.37591687841407564446,0.05578338116898766497,receivables,4099.76,2254.8680,0.97124933666894094458,0.53418713516791751952,B,2,0.010446,2025-01-01,B,2,0.007963,2025-12-01,5,294.43,0,0,30,30,,,,,0,0.76230135937200842428,0,0
F0000634,C000404,2025-12-31,2024-02-16,2026-02-16,term_loan,32720.6,32510.31,210.29,0.087,24,0,senior_unsecured,KZT,annuity,energy,Shymkent,micro,LLP,private,2.7,6,1,0,1,1.3045471683605645,1.00752652013084283574,2.8641384295117246,0.46076655266217861310,19.7790736351483937,0.36665462430516724692,0.03649662789906655567,-0.02465302668324270492,0.02489356434046592129,0.18851938271034514624,0.16087440045302894882,0.32760551642237160103,real_estate,57547.97,43160.9775,1.7701452246994876,1.3276089185246157,C,3,0.027996,2025-01-01,C,3,0.020529,2025-12-01,0,1626.59,0,0,60,60,,,,,0,0.73328332618945563652,0,0
F0000635,C000405,2025-12-31,2025-02-14,2026-08-14,overdraft,50146.32,31540.24,18606.08,0.1073,18,1,senior_unsecured,KZT,amortizing,agriculture,Astana,small,IE,private,14.0,49,1,0,0,1.10430519889484699898,0.94684223934741936658,0.65923489089149793673,0.34440457971377532003,3.2879229249182297,3.7205432406472020,0.10850222644845324633,0.07246369943311125094,0.11706291521738615399,0.47127259803826644811,0.52243075187969705706,-0.08587778402855475598,real_estate,52321.79,39241.3425,1.6588900401518822,1.24416753011391162528,C,3,0.015243,2025-01-01,C,3,0.015243,2025-12-01,0,1536.11,0,0,5,5,,,,,0,1.00000000000000000000,0,0
F0000636,C000406,2025-12-31,2022-11-04,2024-11-04,working_capital,7218.24,6529.13,689.11,0.12,24,0,senior_secured,EUR,bullet,services,Astana,micro,LLP,state_related,14.0,6,0,1,0,1.00054916170465783981,0.91339020984467210803,0.87306726795885127203,0.31825912020304806017,2.3477991701656541,7.3031625379071324,0.14363983277060366738,0.09399635560631500736,0.33862485391507596416,0.41291281841496609343,0.36452989578581704621,,equipment,15894.38,9536.628,2.4343794655643248,1.4606276793385949,B,2,0.008356,2025-01-01,B,2,0.01024,2024-11-01,0,382.0,0,0,30,30,,,,,0,1.2254667304930589,0,0
F0000637,C000407,2025-12-31,2023-01-16,2025-01-16,working_capital,26446.37,25468.42,977.95,0.1179,24,0,senior_unsecured,KZT,bullet,agriculture,Shymkent,micro,LLP,private,15.6,15,0,0,0,0.94081057716157735811,0.86358503000281635096,0.99073902726887663414,0.37921825978073407802,6.5641453444530190,1.24144383803132169100,0.08819735254641949184,0.01801785182939197905,0.15560245657376179399,0.12273584829104156337,0.38276301764967016502,0.10673616518193845852,real_estate,43221.93,32416.4475,1.6970793633841440,1.2728095225381080,C,3,0.021407,2025-01-01,C,3,0.015633,2025-01-01,0,1464.17,0,0,30,15,,,,,0,0.73027514364460223291,0,0
F0000638,C000408,2025-12-31,2024-07-28,2025-07-28,overdraft,13989.94,5902.3,8087.64,0.1376,12,1,senior_secured,USD,amortizing,construction,Kostanay,micro,IE,private,22.5,5,0,0,0,0.90355240035063614173,0.78164326889267489979,3.0497097575238309,0.51545484401600494051,5.9278754932820017,1.4562483645583631,0.10646223406539941478,0.06067642829699095964,0.06770956852544860629,0.39748404082354484828,0.16901767217170242324,0.19530802024600758301,none,0.0,0.00,0.00000000000000000000,0.00000000000000000000,C,3,0.025885,2025-01-01,C,3,0.019984,2025-07-01,0,308.15,0,0,15,15,,,,,0,0.77203013328182344987,0,0
F0000639,C000408,2025-12-31,2022-05-18,2025-05-18,credit_line,16692.23,13837.49,2854.74,0.1284,36,1,senior_unsecured,KZT,annuity,construction,Kostanay,micro,IE,private,22.5,5,0,0,0,0.88570875288544491233,0.69427525738143727390,2.0256447260302016,0.39194409300158521864,2.9212350910177218,2.6486256317510653,0.15272609416531474301,0.08084363607792437382,0.35831865592055245375,0.17066108205886031024,0.19349103421985829510,,real_estate,13940.74,10455.5550,1.00746161334172599221,0.75559621000629449416,C,3,0.025071,2025-01-01,C,3,0.019984,2025-05-01,360,2265.25,0,0,360,30,2024-12-19,90dpd,90,0,1,0.79709624665948705676,0,0
F0000640,C000409,2025-12-31,2022-02-25,2024-02-25,overdraft,24288.98,15507.95,8781.03,0.106,24,1,senior_unsecured,KZT,annuity,manufacturing,Almaty,small,LLP,private,3.6,56,1,0,0,3.5498044082533185,3.3279090189930835,0.49528547942985443259,0.31234801647238147096,2.6932116187642728,4.1417680267609819,0.13904544149293070980,0.09756372799691710035,0.31958745346830310903,0.65513104589332787143,0.63064238594666540988,,none,0.0,0.00,0.000000000000000000000000,0.000000000000000000000000,B,2,0.005475,2025-01-01,A,1,0.003114,2024-02-01,0,1121.48,0,0,60,60,,,,,0,0.56876712328767123288,-1,0
F0000641,C000410,2025-12-31,2025-01-06,2029-01-06,term_loan,2253590.79,2252822.02,768.77,0.1169,48,0,senior_secured,KZT,amortizing,trade,Shymkent,medium,LLP,private,25.7,111,0,0,0,3.9215093019460781,2.9009176607977452,0.40404778956053739757,0.22694331580901061178,1.0231796465139816,9.7202119532402193,0.15731947172614406053,0.10721520460299901299,1.0022686545777400,1.5788156168576569,0.56167443968904154323,0.01380475251359747647,receivables,4934907.68,2714199.2240,2.1905448527176594,1.2047996689947127,B,2,0.008302,2025-01-01,B,2,0.008302,2025-12-01,30,189800.39,0,0,30,30,,,,,0,1.00000000000000000000,0,0
F0000642,C000411,2025-12-31,2024-02-22,2028-02-22,term_loan,7224.33,6232.28,992.04,0.1233,48,0,senior_secured,USD,amortizing,real_estate,Almaty,micro,LLP,private,21.8,16,0,0,0,0.87990564277977660398,0.70217753926625209467,0.74625978606427834831,0.30515714877788975669,1.8272548252049162,4.6239481574620369,0.14758113293168271880,0.09988866885301135428,0.37627659696249646355,0.33267484568688466051,0.40891544000684682158,0.11599854517965259520,receivables,6209.25,3415.0875,0.99630472315107793616,0.54796759773309286489,B,2,0.005699,2025-01-01,B,2,0.005832,2025-12-01,0,666.68,0,0,60,30,,,,,0,1.0233374276188805,0,0
F0000643,C000412,2025-12-31,2022-03-10,2023-03-10,leasing,61401.4,60983.96,417.45,0.1132,12,0,senior_secured,KZT,amortizing,construction,Aktobe,small,LLP,private,20.5,43,0,0,0,1.6035985583003509,1.5075141951837535,1.0888712139831660,0.42943503242197149955,7.2119508979966647,2.5647535657469210,0.06628910003992730078,0.01020140926319812853,0.07584773491841173077,0.95140209119918211542,0.39438551309577605170,,equipment,112528.88,67517.328,1.8452209400635839,1.10713256403815035954,C,3,0.017226,2025-01-01,B,2,0.009544,2023-03-01,0,4808.65,0,0,15,15,,,,,0,0.55404620921862301173,-1,0
F0000644,C000412,2025-12-31,2023-08-18,2025-08-18,credit_line,108361.69,69306.6,39055.09,0.1146,24,1,senior_secured,KZT,bullet,construction,Aktobe,small,LLP,private,20.5,43,0,0,0,0.93295019418261072681,0.87430086534642486773,0.75679478026866866231,0.26435575123796760856,2.7701130663855281,2.8874704950973710,0.13979031368785025335,0.08281504806520310994,0.21330730308530195996,0.26148469421745715107,0.34930969151784984696,0.20418641448656418981,none,0.0,0.00,0.000000000000000000000000,0.000000000000000000000000,B,2,0.010756,2025-01-01,B,2,0.009544,2025-08-01,30,6294.81,0,0,60,60,,,,,0,0.88731870583860171067,0,0
F0000645,C000413,2025-12-31,2024-03-23,2025-03-23,working_capital,323112.35,292726.34,30386.02,0.1488,12,0,senior_secured,USD,amortizing,agriculture,Shymkent,medium,JSC,private,19.3,98,0,0,0,0.83797253133953943748,0.58781962262005746630,0.63600263368194796923,0.26916680577353161361,3.0378253115340607,2.0663052289274632,0.10675969603241809983,0.02592919829817025757,0.30637528563794805577,0.17594337218547282418,0.42321649552812462011,-0.07156980939070320698,real_estate,271271.53,203453.6475,0.92670693727117279572,0.69503020295337959679,B,2,0.012816,2025-01-01,B,2,0.014099,2025-03-01,0,20439.52,0,0,15,15,,,,,0,1.1001092384519351,0,0
F0000646,C000413,2025-12-31,2022-03-30,2027-03-30,credit_line,149252.55,67926.47,81326.08,0.1095,60,1,senior_secured,KZT,annuity,agriculture,Shymkent,medium,JSC,private,19.3,98,0,0,0,0.94069707070044110032,0.72078378841652843092,1.1981794029685700,0.45100980491289072357,5.4908113558896746,1.1850576587520720,0.10376964927318420634,0.05140228781847521750,0.12568701578325999141,0.28283044502115026004,0.37641258378793995957,,inventory,112469.76,50611.3920,1.6557574683330372,0.74509086074986673089,B,2,0.01294,2025-01-01,B,2,0.014099,2025-12-01,0,5612.29,0,0,60,30,,,,,0,1.0895672333848532,0,0
F0000647,C000414,2025-12-31,2024-10-25,2026-10-25,term_loan,21964.72,18661.4,3303.33,0.116,24,0,subordinated,KZT,amortizing,energy,Kostanay,micro,LLP,private,22.8,7,0,0,0,2.0019316058744109,1.8469632361876959,0.25312589906897532492,0.17820220157821778559,2.2213002411406878,4.7459061407177876,0.11431630609765191492,0.09816417404692660973,0.44745878453515865390,0.64589352316526807485,0.70400619704923489241,0.38951094031376076839,none,0.0,0.00,0.000000000000000000000000,0.000000000000000000000000,B,2,0.009115,2025-01-01,B,2,0.010978,2025-12-01,30,2355.41,0,0,30,30,,,,,0,1.2043883708173341,0,0
F0000648,C000415,2025-12-31,2024-04-10,2027-04-10,term_loan,15966.65,15447.05,519.59,0.1386,36,0,senior_secured,KZT,bullet,transport,Aktobe,micro,IE,state_related,25.6,11,0,1,0,1.6233324982544876,1.19871565861779133010,0.31531391911765892907,0.18413440032279306504,1.7901683217773460,3.8392772313809666,0.07999310335810495335,0.00093136436080874490,0.57316407176635828226,0.19180901129687295301,0.58397168395881560210,-0.07753432266904671138,equipment,13279.11,7967.466,0.85965346134051485559,0.51579207680430891335,B,2,0.009968,2025-01-01,C,3,0.01608,2025-12-01,30,1361.28,0,0,30,30,,,,,0,1.6131621187800963,1,0
F0000649,C000415,2025-12-31,2022-11-07,2025-11-07,overdraft,10887.08,9751.88,1135.2,0.1198,36,1,senior_secured,USD,bullet,transport,Aktobe,micro,IE,state_related,25.6,11,0,1,0,1.5786686332576657,1.4383270148915494,0.69536223524782136805,0.27908282836645470264,3.1518718539089970,2.2736188644303039,0.12931295361689665792,0.09119893265860293465,0.26218258003511319084,0.66238713416643466435,0.40134884268915162380,,none,0.0,0.00,0.00000000000000000000,0.00000000000000000000,C,3,0.016805,2025-01-01,C,3,0.01608,2025-11-01,0,1044.19,0,0,30,30,,,,,0,0.95685807795299018149,0,0
F0000650,C000416,2025-12-31,2022-05-26,2023-05-26,trade_finance,297812.77,112522.03,185290.73,0.1547,12,1,senior_secured,KZT,annuity,agriculture,Kostanay,medium,IE,private,9.7,202,0,0,0,2.3819448763028492,1.9266528745660916,0.56850281353850814040,0.23225107598593833415,4.6001813562745177,1.9285158012150810,0.05124683073289047933,0.00503523912137589221,0.15698369101626225115,0.85464803857224653682,0.40853109334736223157,,none,0.0,0.00,0.000000000000000000000000,0.000000000000000000000000,C,3,0.021739,2025-01-01,C,3,0.024633,2023-05-01,90,21149.44,0,0,90,90,2023-03-08,90dpd,90,0,1,1.1331247987487925,0,1
F0000651,C000417,2025-12-31,2023-02-11,2024-02-11,term_loan,730976.16,730805.87,170.3,0.1291,12,0,senior_secured,KZT,amortizing,transport,Atyrau,medium,IE,state_related,2.7,137,0,1,0,2.0538746955622825,1.7134982403141740,0.71683454547291992260,0.29574075202680800910,3.9913586637251421,2.2750364110902971,0.12212259491337626961,0.10109598900585802264,0.24680992686050457094,0.71221698298396722777,0.41256487134237910100,0.04714722161531986466,equipment,922023.7,553214.22,1.2616533854606286,0.75699203127637713145,A,1,0.004121,2025-01-01,B,2,0.005708,2024-02-01,0,40466.51,0,0,15,15,,,,,0,1.3851007037126911,1,0
F0000652,C000418,2025-12-31,2022-03-07,2023-09-07,term_loan,81538.34,80046.88,1491.46,0.1264,18,0,senior_unsecured,KZT,amortizing,real_estate,Karaganda,small,LLP,private,23.1,36,1,0,0,2.6782594881351455,1.9436734460735489,0.24770688942133183318,0.14775982250800924188,1.5738188282001093,11.8629266278112513,0.15673296099123751947,0.14947423779847180096,0.31190102322932281758,1.5213336415349790,0.59651075048090517123,,none,0.0,0.00,0.000000000000000000000000,0.000000000000000000000000,B,2,0.00639,2025-01-01,A,1,0.003087,2023-09-01,0,7635.32,0,0,60,60,,,,,0,0.48309859154929577465,-1,0
F0000653,C000418,2025-12-31,2022-04-16,2025-04-16,working_capital,102843.96,94398.11,8445.85,0.0984,36,0,senior_secured,KZT,amortizing,real_estate,Karaganda,small,LLP,private,23.1,36,1,0,0,2.6782594881351455,1.9436734460735489,0.24770688942133183318,0.14775982250800924188,1.5738188282001093,11.8629266278112513,0.15673296099123751947,0.14947423779847180096,0.31190102322932281758,1.5213336415349790,0.59651075048090517123,,receivables,60759.62,33417.7910,0.64365292906817731838,0.35400911098749752511,B,2,0.00639,2025-01-01,A,1,0.003087,2025-04-01,0,6570.13,0,0,30,30,,,,,0,0.48309859154929577465,-1,0
F0000654,C000418,2025-12-31,2023-10-16,2024-10-16,term_loan,57275.3,55018.27,2257.02,0.137,12,0,senior_secured,KZT,bullet,real_estate,Karaganda,small,LLP,private,23.1,36,1,0,0,1.1904579568939955,1.1172283607131759,0.20914558362563317076,0.13159797803055043088,1.1096826570727937,7.9424590086862122,0.18156460478530033774,0.15140974287211294878,0.81568716133493641397,0.89346289445301355724,0.62921710202644509229,0.10952582120995606962,equipment,86115.22,51669.132,1.5652113379791840,0.93912680278751040336,A,1,0.002946,2025-01-01,A,1,0.003087,2024-10-01,0,4299.65,0,0,5,5,,,,,0,1.0478615071283096,0,0
F0000655,C000419,2025-12-31,2023-01-26,2024-01-26,working_capital,785968.21,632965.07,153003.15,0.1163,12,0,senior_secured,KZT,amortizing,manufacturing,Kostanay,medium,LLP,private,18.9,183,1,0,0,0.60927558460031701850,0.43393900776623833090,1.4403670702302513,0.33796749075252119473,3.4273671283798255,2.1961358600807861,0.11165897780353307617,0.01885911547842446179,0.16154244358506902504,0.05908766834012948646,0.23463983434340460026,0.02392612418048076408,real_estate,892903.27,669677.4525,1.4106675270406312,1.0580006452804734,C,3,0.016066,2025-01-01,C,3,0.027227,2024-01-01,30,50034.96,0,0,30,30,,,,,0,1.6946968753890203,0,0
F0000656,C000420,2025-12-31,2022-01-20,2027-01-20,term_loan,3946.45,3799.5,146.95,0.1273,60,0,senior_secured,KZT,bullet,services,Karaganda,micro,IE,private,13.8,8,0,0,0,1.6362127652599602,1.13273788709924164609,1.00262760474720733078,0.40449496457213136066,6.1885396318001539,2.7033702111316185,0.09598734184567526950,0.05470818236894161072,0.14895561316077276017,0.89651750293016421309,0.40343489712126641991,,real_estate,7017.46,5263.0950,1.8469430188182656,1.3852072641136992,B,2,0.009781,2025-01-01,B,2,0.013396,2025-12-01,0,245.4,0,0,30,15,,,,,0,1.3695941110315919,0,0
F0000657,C000421,2025-12-31,2025-06-08,2029-06-08,term_loan,43717.82,39341.52,4376.31,0.0967,48,0,senior_secured,KZT,annuity,real_estate,Other,small,LLP,private,3.7,22,0,0,0,0.69739425513429803349,0.53136774228357099770,2.9413140281319125,0.43633936855014088020,3.7458832576070427,4.1369761999561215,0.09755855582365848189,0.06076987243811909113,0.24412914998305694636,0.14138437157251759215,0.14834844711473013120,-0.45041185832674891661,none,0.0,0.00,0.000000000000000000000000,0.000000000000000000000000,C,3,0.030102,2025-01-01,C,3,0.030102,2025-12-01,0,1176.72,0,0,15,15,,,,,0,1.00000000000000000000,0,0
F0000658,C000422,2025-12-31,2023-12-08,2024-12-08,term_loan,601711.63,534186.57,67525.07,0.117,12,0,senior_secured,KZT,annuity,transport,Other,medium,LLP,private,9.3,105,0,0,0,1.8371839313233446,1.6157048454580529,0.49960454670613866825,0.23883865586563162163,1.2228097823251773,9.1239405028365694,0.14334404737709390327,0.11609728931304654252,0.67852645519829228860,0.97058129595924526646,0.47805540890346144255,-0.00220877612657970523,guarantee,1269470.23,888629.161,2.3764547843275057,1.6635183490292540,B,2,0.011041,2025-01-01,B,2,0.009837,2024-12-01,0,26218.48,0,0,15,15,,,,,0,0.89095190653020559732,0,0
F0000659,C000423,2025-12-31,2024-04-14,2027-04-14,term_loan,9361.22,7661.06,1700.16,0.136,36,0,senior_unsecured,USD,bullet,agriculture,Aktobe,micro,JSC,private,7.6,9,1,0,0,1.7058158275095627,1.5737117804602289,0.97168524788131024519,0.33699765634599832877,5.2699796849470955,2.5528952664170593,0.07854486535923143834,0.01762657413590230953,0.15453875236462704361,0.57100717827162938798,0.34681771394677182359,-0.02591602465317491323,receivables,12119.5,6665.725,1.5819612429611568,0.87007868362863624616,C,3,0.0195,2025-01-01,B,2,0.01117,2025-12-01,0,845.33,0,0,60,60,,,,,0,0.57282051282051282051,-1,0
F0000660,C000424,2025-12-31,2024-04-10,2027-04-10,overdraft,441565.46,350018.12,91547.35,0.1402,36,1,senior_unsecured,KZT,annuity,construction,Atyrau,medium,LLP,private,12.1,214,0,0,0,3.6496368732476100,3.1079399563269260,0.38677418260250156872,0.23121862410376249633,2.1122685834485032,5.5402616584449452,0.12540292151795963808,0.05091275193091043274,0.17116271691338687865,0.71454571607200931043,0.59781297331676404943,0.07287545445786534973,real_estate,427015.23,320261.4225,1.2199803541599503,0.91498526561996276079,B,2,0.014573,2025-01-01,B,2,0.013062,2025-12-01,5,31392.72,0,0,60,60,,,,,0,0.89631510327317642215,0,0
F0000661,C000425,2025-12-31,2023-12-08,2025-12-08,term_loan,127525.73,116218.55,11307.18,0.1023,24,0,senior_secured,KZT,annuity,construction,Shymkent,small,JSC,private,16.0,62,0,0,0,0.66231770024401947145,0.50777799583781682727,2.3097229085243497,0.31140594427734331594,2.2616119148030615,3.7837024705261497,0.11729164244070221749,0.07051288267572365679,0.47605499573872351166,0.41059903837516996724,0.13482394062424410381,0.06891753336977865551,guarantee,272907.73,191035.411,2.3482286605709674,1.6437600623996772,C,3,0.021688,2025-01-01,C,3,0.021769,2025-12-01,0,9356.85,0,0,60,15,,,,,0,1.0037347842124677,0,0
F0000662,C000426,2025-12-31,2022-03-02,2023-03-02,credit_line,845741.38,765992.6,79748.78,0.1368,12,1,subordinated,KZT,annuity,energy,Kostanay,medium,IE,private,21.2,184,0,0,0,1.2952186802292112,1.1911899656004087,0.30077554829967844346,0.17195189763132244546,6.6745552458294408,1.0678852046343343,0.04009743674005331799,-0.02593254128867093149,0.07372505419513814643,0.16171993473761946425,0.57169506831053220211,,equipment,1742533.65,1045520.190,2.2748700836013298,1.3649220501607979,B,2,0.013044,2025-01-01,B,2,0.012305,2023-03-01,0,40376.8,0,0,5,5,,,,,0,0.94334559950935295921,0,0
F0000663,C000427,2025-12-31,2023-06-16,2024-06-16,overdraft,32590.36,13304.04,19286.33,0.1095,12,1,subordinated,KZT,amortizing,transport,Atyrau,small,LLP,private,5.3,39,0,0,0,3.5324789179321914,3.3019164522479292,0.58611306047098692476,0.29327856774991593838,3.5043164122870113,2.9698184028990766,0.14732885469449878355,0.09806606508595937763,0.17318190661835960019,0.89987775098130026772,0.50037883051820079180,0.06366794891114573653,none,0.0,0.00,0.000000000000000000000000,0.000000000000000000000000,B,2,0.014606,2025-01-01,B,2,0.01003,2024-06-01,5,900.21,0,0,15,15,,,,,0,0.68670409420785978365,0,0
F0000664,C000427,2025-12-31,2022-07-02,2024-01-02,working_capital,141458.69,133337.14,8121.55,0.1431,18,0,senior_secured,KZT,amortizing,transport,Atyrau,small,LLP,private,5.3,39,0,0,0,2.5658819466040404,1.8431511327350547,0.53698930057948398349,0.29887353366964143134,2.2435609407904496,8.0482954255568821,0.12480197349970938214,0.09301581397497812529,0.40760860505140036794,0.80030200463097370825,0.55657260460704993810,,guarantee,217130.46,151991.322,1.6284319582675915,1.1399023707873140,B,2,0.013754,2025-01-01,B,2,0.01003,2024-01-01,15,11416.58,0,0,60,60,,,,,0,0.72924240221026610441,0,0
F0000665,C000427,2025-12-31,2023-06-26,2026-06-26,credit_line,209684.02,172460.42,37223.61,0.1089,36,1,senior_unsecured,USD,bullet,transport,Atyrau,small,LLP,private,5.3,39,0,0,0,3.5324789179321914,3.3019164522479292,0.58611306047098692476,0.29327856774991593838,3.5043164122870113,2.9698184028990766,0.14732885469449878355,0.09806606508595937763,0.17318190661835960019,0.89987775098130026772,0.50037883051820079180,0.06366794891114573653,real_estate,350835.44,263126.5800,2.0342954052877756,1.5257215539658317,B,2,0.014606,2025-01-01,B,2,0.01003,2025-12-01,0,22674.2,0,0,30,30,,,,,0,0.68670409420785978365,0,0
F0000666,C000427,2025-12-31,2024-03-10,2026-03-10,working_capital,115695.23,105751.55,9943.68,0.1275,24,0,senior_secured,KZT,bullet,transport,Atyrau,small,LLP,private,5.3,39,0,0,0,0.84710075173979413190,0.79081740387587188607,0.49038914186011632429,0.26221201899121501843,1.5663304286604666,5.3048844807575253,0.13004177630251750580,0.07438606789335542991,0.55715787565371544713,0.31206036382251267099,0.53470192671193174449,-0.01050383626986391710,receivables,213130.1,117221.555,2.0153851172866970,1.1084618145076833,C,3,0.017575,2025-01-01,B,2,0.01003,2025-12-01,0,10041.96,0,0,60,60,,,,,0,0.57069701280227596017,-1,0
F0000667,C000428,2025-12-31,2024-09-12,2027-09-12,working_capital,520485.6,498006.8,22478.81,0.1329,36,0,senior_secured,EUR,annuity,manufacturing,Other,small,LLP,state_related,6.7,45,1,1,0,0.97064475945257462341,0.88205045999083597150,1.0700445534734997,0.41739849387807204109,3.4123589553986498,2.7137998855765529,0.17020312583503455615,0.12607912995483195469,0.13672180338985707026,0.32792537233032218257,0.39007580808027465409,0.07748078869492444074,real_estate,1016786.67,762590.0025,2.0417124224006580,1.5312843168004935,B,2,0.005917,2025-01-01,B,2,0.008239,2025-12-01,0,81870.17,0,0,60,60,,,,,0,1.3924285955720804,0,0
F0000668,C000429,2025-12-31,2022-07-20,2025-07-20,term_loan,37279.38,35810.86,1468.52,0.1246,36,0,senior_unsecured,USD,amortizing,agriculture,Shymkent,micro,IE,private,25.4,6,0,0,0,1.7839051790521382,1.6615140454650738,1.7675245872966755,0.46596231618876522547,7.0968248774524935,2.3272366776339420,0.10705393731520670619,0.03099541546989141059,0.07654468632601425192,0.18793685157383052158,0.26362423444497995745,,equipment,84673.68,50804.208,2.3644693257855299,1.4186815954713179,C,3,0.024473,2025-01-01,C,3,0.018306,2025-07-01,0,2598.91,0,0,60,5,,,,,0,0.74800800882605320149,0,0
F0000669,C000430,2025-12-31,2023-08-02,2026-08-02,overdraft,10732.02,9926.06,805.96,0.1132,36,1,senior_unsecured,KZT,annuity,transport,Kostanay,micro,LLP,foreign_owned,8.8,8,0,0,0,0.95027700501795465115,0.87404984977027494492,0.89970105382312215334,0.37052781883002743604,5.8093028563744710,1.2958415896065247,0.07530232606475292307,0.02220547407162455743,0.14838786899380712783,0.15955550356338419282,0.41183437237906338277,0.13907275521768212707,equipment,21443.54,12866.124,2.1603274612484712,1.2961964767490827,C,3,0.016625,2025-01-01,C,3,0.017862,2025-12-01,0,942.38,0,0,60,0,,,,,0,1.0744060150375940,0,0
F0000670,C000430,2025-12-31,2025-04-11,2027-04-11,term_loan,52025.66,48917.99,3107.67,0.1046,24,0,senior_secured,KZT,amortizing,transport,Kostanay,micro,LLP,foreign_owned,8.8,8,0,0,0,1.3834602076124567,0.93554880373036285920,0.92319432900115771673,0.32781262583959949821,4.7898763695759561,2.6424400847174228,0.06905746768553149811,-0.01033601547192016211,0.10988210903813093594,0.71196914340379194187,0.35508518146366170990,0.37083126372599924396,none,0.0,0.00,0.000000000000000000000000,0.000000000000000000000000,C,3,0.017862,2025-01-01,C,3,0.017862,2025-12-01,0,3268.72,0,0,5,5,,,,,0,1.00000000000000000000,0,0
F0000671,C000430,2025-12-31,2024-07-13,2026-01-13,working_capital,32316.93,30137.57,2179.35,0.1303,18,0,senior_unsecured,USD,amortizing,transport,Kostanay,micro,LLP,foreign_owned,8.8,8,0,0,0,2.8986371495755647,1.9193292706802711,0.92721194746795706245,0.36679234897716992154,2.2951039808794491,3.6861541025677787,0.16427826193078210751,0.11585488141000221157,0.34789813823116708808,0.58411526277147887234,0.39558630578349581592,-0.16592760002547418354,none,0.0,0.00,0.000000000000000000000000,0.000000000000000000000000,B,2,0.01385,2025-01-01,C,3,0.017862,2025-12-01,0,2302.3,0,0,30,30,,,,,0,1.2896750902527076,1,0
F0000672,C000431,2025-12-31,2023-04-09,2024-10-09,credit_line,279593.16,121997.92,157595.25,0.1339,18,1,senior_unsecured,KZT,bullet,transport,Karaganda,medium,LLP,private,24.0,105,0,0,0,0.93785802455590993556,0.82929033790298535397,0.73458276386815984456,0.25749778802784964808,21.2151103459035268,0.41218709369458947841,0.01264318715344933137,-0.02230861351948135340,0.02321349152513692177,0.46274697694328642624,0.35053611477612124308,0.05035709178990093895,real_estate,208351.22,156263.4150,1.7078260022793831,1.2808695017095373,C,3,0.024887,2025-01-01,C,3,0.01695,2024-10-01,30,12343.27,0,0,60,60,,,,,0,0.68107847470566962671,0,0
F0000673,C000432,2025-12-31,2022-01-24,2024-01-24,overdraft,47410.49,43309.71,4100.78,0.122,24,1,senior_secured,KZT,annuity,services,Astana,micro,JSC,foreign_owned,8.3,5,0,0,0,2.9590412356189436,2.5966184136141152,0.38285480571535194460,0.17187469659058484209,1.8674353501127725,4.3426087260855109,0.14777259183981013663,0.09471412734938294956,0.40631195628936822946,1.4265200765553345,0.44892918679561165576,,equipment,123327.68,73996.608,2.8475757514885230,1.7085454508931138,B,2,0.007745,2025-01-01,B,2,0.006584,2024-01-01,0,5746.8,0,0,60,60,,,,,0,0.85009683666881859264,0,0
F0000674,C000433,2025-12-31,2025-05-28,2027-05-28,term_loan,17339.33,14165.87,3173.46,0.1032,24,0,senior_secured,KZT,annuity,manufacturing,Astana,micro,LLP,state_related,6.2,9,0,1,0,4.8459864672932991,3.5716100410130380,0.21378052509655691420,0.14243590756735737731,0.92007062948400956589,9.3929969422598722,0.17900917684149042499,0.11585728369845395888,0.46415394358247174305,1.4336803162743462,0.66627167045746679120,0.23776650749153149831,none,0.0,0.00,0.000000000000000000000000,0.000000000000000000000000,B,2,0.008756,2025-01-01,B,2,0.008756,2025-12-01,0,614.21,0,0,0,0,,,,,0,1.00000000000000000000,0,0
F0000675,C000433,2025-12-31,2024-09-16,2026-03-16,term_loan,3092.53,2784.4,308.12,0.1337,18,0,senior_unsecured,KZT,bullet,manufacturing,Astana,micro,LLP,state_related,6.2,9,0,1,0,1.2082517278287692,0.94443047762993026462,0.74099580407664837310,0.35359649852397092561,2.4463821109626609,4.5229550863764306,0.11973708528057301365,0.04697245188225334064,0.35201542588866532529,0.09221006664701313421,0.47719095921816449979,0.26498179065753158144,receivables,4196.66,2308.1630,1.5072044246516305,0.82896243355839678207,B,2,0.006862,2025-01-01,B,2,0.008756,2025-12-01,0,232.85,0,0,60,60,,,,,0,1.2760128242494899,0,0
F0000676,C000433,2025-12-31,2023-10-05,2024-10-05,working_capital,5360.7,5042.6,318.1,0.128,12,0,senior_secured,KZT,amortizing,manufacturing,Astana,micro,LLP,state_related,6.2,9,0,1,0,1.9715586944915848,1.5049010250919362,0.49747764004630071628,0.26446282846145010538,4.2497935285583056,3.0033570890788890,0.10338479333514633864,0.03944848662577227281,0.24876398983314216268,0.54925427890110200223,0.53160746769811865081,0.21439553266471617400,none,0.0,0.00,0.00000000000000000000,0.00000000000000000000,B,2,0.005587,2025-01-01,B,2,0.008756,2024-10-01,0,411.68,0,0,60,60,,,,,0,1.5672095936996599,0,0
F0000677,C000434,2025-12-31,2022-06-01,2023-12-01,term_loan,6371.2,5475.46,895.74,0.1089,18,0,subordinated,KZT,annuity,services,Aktobe,micro,LLP,private,22.9,9,0,0,0,1.11622942993267535099,0.76125334918206884457,2.0409204734674911,0.47606389545103362060,6.8832698461069633,1.6207911151251729,0.10751102876734993423,0.05467568017265043552,0.12478958764396031551,0.22482499270008191167,0.23325940507726335782,,real_estate,10976.8,8232.600,2.0047265435232839,1.5035449076424629,C,3,0.016721,2025-01-01,C,3,0.029108,2023-12-01,0,524.27,0,0,30,30,,,,,0,1.7408049757789606,0,0
F0000678,C000435,2025-12-31,2022-10-01,2023-10-01,term_loan,27382.84,22733.54,4649.31,0.1126,12,0,senior_unsecured,KZT,amortizing,agriculture,Shymkent,micro,LLP,private,15.6,10,1,0,0,3.1982278055149953,2.6301348897428367,1.0855544127563635,0.36564016883271073547,2.4092652711063072,7.4058182754528560,0.11706330596852486635,0.08022885214686036161,0.23749337248664301154,0.59746525776667434206,0.33682343743995558362,,receivables,18378.02,10107.9110,0.80840995287139618379,0.44462547407926790108,B,2,0.014705,2025-01-01,B,2,0.013488,2023-10-01,0,1784.69,0,0,30,30,,,,,0,0.91723903434206052363,0,0
F0000679,C000436,2025-12-31,2022-07-09,2023-07-09,term_loan,435349.36,374698.28,60651.09,0.1398,12,0,subordinated,KZT,annuity,energy,Almaty,medium,LLP,private,23.0,169,1,0,0,1.3356864654299693,1.1386702213991995,1.3311263292789233,0.41472225985966418381,4.3993884511586321,1.5629932666292006,0.10415053452742107980,0.04447955108768619944,0.22669034583371268135,0.09779909614311623717,0.31155740123052103812,,real_estate,663301.73,497476.2975,1.7702289159160272,1.3276716869370204,C,3,0.017394,2025-01-01,C,3,0.027402,2023-07-01,0,20193.46,0,0,60,60,,,,,0,1.5753708175232839,0,0
F0000680,C000437,2025-12-31,2025-01-30,2026-01-30,term_loan,192942.32,177642.61,15299.71,0.1062,12,0,senior_unsecured,KZT,bullet,construction,Karaganda,small,LLP,private,12.4,38,0,0,0,1.8878258049190330,1.7923682258764569,0.35099578150132692184,0.16166355045147763969,1.2636722964759743,13.2886035157628544,0.10344068090741504257,0.03349753856970732444,0.53835162792306328818,0.94636257940361537022,0.46058545136921105360,0.25141615679914382331,none,0.0,0.00,0.000000000000000000000000,0.000000000000000000000000,B,2,0.007036,2025-01-01,B,2,0.007036,2025-12-01,15,11815.61,0,0,60,60,,,,,0,1.00000000000000000000,0,0
F0000681,C000438,2025-12-31,2024-04-22,2025-04-22,credit_line,4565757.95,4118113.18,447644.77,0.0962,12,1,senior_unsecured,KZT,bullet,construction,Atyrau,large,LLP,private,3.7,729,0,0,0,1.8202917016997101,1.3107484011798503,0.84000720807278680462,0.31319809879497872490,8.3176356211644447,0.86617144301877630067,0.05417832021525131853,0.03091857809975175968,0.09342557837097980046,0.15131051046520371216,0.37285168006301208134,0.23064305593341154856,real_estate,2647657.23,1985742.9225,0.64292968995087211275,0.48219726746315408456,C,3,0.018541,2025-01-01,C,3,0.027762,2025-04-01,0,271709.75,0,0,30,30,,,,,0,1.4973302410873200,0,0
F0000682,C000439,2025-12-31,2022-10-20,2024-10-20,term_loan,23359.86,22167.61,1192.26,0.1078,24,0,senior_secured,KZT,amortizing,agriculture,Shymkent,micro,LLP,private,24.1,8,1,0,0,2.8709988763930618,2.0896138309763752,0.22077726105625940185,0.15506376903117749619,1.8602023742078288,6.6853695058574826,0.08029080676662598299,0.03563202735635862113,0.59030721558211598052,1.5011817260055496,0.70235389409810408973,,real_estate,51157.65,38368.2375,2.3077656995950398,1.7308242746962798,B,2,0.009949,2025-01-01,A,1,0.004998,2024-10-01,0,2577.78,0,0,30,30,,,,,0,0.50236204643682782189,-1,0
F0000683,C000440,2025-12-31,2025-05-25,2028-05-25,credit_line,41656.48,26142.71,15513.77,0.1183,36,1,senior_unsecured,KZT,annuity,transport,Other,small,LLP,foreign_owned,16.5,40,0,0,0,1.4878398757167001,1.1040721447894273,1.3414899481508492,0.44119654292229026960,4.6462622583124050,3.8282468224267160,0.10262707930576266171,0.05181855239946301547,0.22418587517368168372,0.73080158996020761085,0.32888546316015941727,0.14015348649503644050,real_estate,53264.0,39948.000,2.0374322325420739,1.5280741744065554,C,3,0.015475,2025-01-01,C,3,0.015475,2025-12-01,0,3605.95,0,0,30,30,,,,,0,1.00000000000000000000,0,0
F0000684,C000441,2025-12-31,2025-03-02,2027-03-02,term_loan,23789.26,23126.29,662.96,0.1466,24,0,senior_secured,KZT,amortizing,services,Kostanay,small,JSC,private,2.6,27,0,0,0,1.5119607559731584,1.3968490082450202,4.9081008039953999,0.59885351363380527505,12.9353920652092216,0.81229437573914976169,0.04376036864452050524,-0.00351907974719419504,0.03842321288683852156,1.08175884110529496961,0.12201328732822956720,-0.33004576596037360283,none,0.0,0.00,0.000000000000000000000000,0.000000000000000000000000,D,4,0.038581,2025-01-01,D,4,0.038581,2025-12-01,0,2697.06,0,0,30,30,,,,,0,1.00000000000000000000,0,0
F0000685,C000442,2025-12-31,2022-06-10,2023-12-10,term_loan,38668.42,38222.3,446.13,0.095,18,0,senior_unsecured,KZT,bullet,agriculture,Aktobe,small,IE,private,18.8,40,1,0,0,1.3399327324398717,1.2650091378812327,0.82226172279209225250,0.34684621474384917891,5.0529395269312672,2.8756936350448530,0.10158804887823100442,0.04855164363216520008,0.21149074661093525492,0.47789883738295188437,0.42181972616466882288,,real_estate,54093.98,40570.4850,1.4152465968819249,1.0614349476614437,B,2,0.010781,2025-01-01,B,2,0.014498,2023-12-01,0,1519.49,0,0,15,15,,,,,0,1.3447732121324552,0,0
F0000686,C000443,2025-12-31,2025-02-13,2026-08-13,leasing,128401.92,105863.61,22538.31,0.1429,18,0,senior_secured,KZT,annuity,energy,Other,medium,LLP,private,22.8,177,1,0,0,0.78758145219503608171,0.53647098257228698426,0.65672661192819635417,0.27907661274672732337,2.1116955756073747,3.6125240331021392,0.11628677554160114503,0.07363977185412419009,0.29271225158436291160,0.52997703456322586891,0.42495097301956198560,0.81345183928806954047,real_estate,268291.42,201218.5650,2.5343120265783493,1.9007340199337619,A,1,0.004749,2025-01-01,A,1,0.004749,2025-12-01,0,5515.96,0,0,0,0,,,,,0,1.00000000000000000000,0,0
F0000687,C000444,2025-12-31,2022-02-27,2025-02-27,working_capital,2177064.23,1786569.12,390495.11,0.1483,36,0,senior_unsecured,KZT,amortizing,agriculture,Karaganda,large,LLP,private,14.3,475,0,0,0,1.7313740855183152,1.4871977044756880,3.6862552004569991,0.60125873318157774143,14.6146397458374897,0.48387656337545324932,0.06574818562204038964,0.01780782329404639390,0.03580763439976424670,0.60021248180170788348,0.16310827668877548231,,none,0.0,0.00,0.000000000000000000000000,0.000000000000000000000000,C,3,0.034863,2025-01-01,D,4,0.062155,2025-02-01,0,133266.32,1,0,60,30,,,,,0,1.7828356710552735,1,0
F0000688,C000445,2025-12-31,2024-03-25,2026-03-25,credit_line,996039.85,893683.52,102356.33,0.1031,24,1,senior_unsecured,KZT,amortizing,construction,Astana,medium,LLP,private,13.8,143,0,0,0,1.4892976882710744,1.0094409650473562,0.83759422359317133906,0.29532487921039201136,2.2385637069445855,4.7070176156571027,0.14675064987848943652,0.07635660623495139613,0.32658999016313882973,0.21388287698534408385,0.35258705336276833035,0.12838872471614060119,inventory,2114543.45,951544.5525,2.3660987392941967,1.0647444326823885,B,2,0.006588,2025-01-01,B,2,0.005901,2025-12-01,0,40195.11,0,0,15,5,,,,,0,0.89571948998178506375,0,0
F0000689,C000446,2025-12-31,2022-01-13,2025-01-13,term_loan,13704.22,12882.35,821.87,0.1237,36,0,senior_unsecured,KZT,amortizing,trade,Almaty,micro,LLP,private,10.1,6,0,0,0,7.0162296194470062,6.0569507038577320,0.28703987635126647207,0.19728678726660792475,2.5461813337653804,3.4142706118083812,0.12631589718634775500,0.10207189497153603105,0.28229605533406250464,0.91944908734830105150,0.68731491169253863709,,real_estate,30574.99,22931.2425,2.3734015921008201,1.7800511940756151,B,2,0.005526,2025-01-01,B,2,0.005169,2025-01-01,0,1916.05,0,0,60,15,,,,,0,0.93539630836047774159,0,0
F0000690,C000447,2025-12-31,2025-03-10,2027-03-10,trade_finance,41260.26,20767.12,20493.14,0.1078,24,1,senior_unsecured,KZT,amortizing,energy,Other,micro,LLP,private,18.5,7,0,0,0,1.3436135695962849,1.1988593018401291,0.71662096024395504124,0.32793819946359471958,4.8184841512369486,1.45232965000429033150,0.09019453665543556038,0.02120911676492034362,0.19666687602119939439,0.79682086112156109591,0.45761737048823781974,-0.28721586619172216675,real_estate,22369.6,16777.200,1.07716428662231450485,0.80787321496673587864,A,1,0.004793,2025-01-01,A,1,0.004793,2025-12-01,60,2521.61,0,0,60,60,,,,,0,1.00000000000000000000,0,0
F0000691,C000448,2025-12-31,2024-11-19,2029-11-19,leasing,62726.74,58905.02,3821.72,0.096,60,0,senior_unsecured,KZT,amortizing,construction,Other,small,JSC,private,3.1,24,1,0,0,4.2342555675997562,3.8909848899558086,0.36720576450968926327,0.19374536541112223896,1.4990218531161218,4.3207623231927834,0.23132202001976154201,0.21200182360930181258,0.56071753430518432087,1.4954807543124488,0.52762070788790676245,0.18894815642169793781,guarantee,49568.01,34697.607,0.84149041966202540972,0.58904329376341778680,B,2,0.006704,2025-01-01,A,1,0.003702,2025-12-01,0,2937.86,0,0,5,5,,,,,0,0.55220763723150357995,-1,0
F0000692,C000449,2025-12-31,2025-03-22,2027-03-22,credit_line,11676.28,9683.67,1992.61,0.0975,24,1,senior_secured,KZT,amortizing,energy,Atyrau,small,IE,private,13.5,55,0,0,0,3.1427587069399770,2.3822208129949795,1.0386809042611030,0.37041080375353084258,3.4502247887827219,2.2397368193230023,0.10341288897507093512,0.06743635070474993256,0.31184294925855143896,2.6756644342385762,0.35661655300867763554,-0.23422025417920425676,guarantee,17324.02,12126.814,1.7889932226108490,1.2522952558275943,B,2,0.009579,2025-01-01,B,2,0.009579,2025-12-01,30,520.15,0,0,30,30,,,,,0,1.00000000000000000000,0,0
F0000693,C000450,2025-12-31,2023-06-07,2028-06-07,credit_line,271139.81,245934.85,25204.96,0.1051,60,1,senior_secured,USD,amortizing,manufacturing,Almaty,medium,LLP,private,19.1,203,0,0,0,2.2351244208702937,1.7106651026671080,0.55020651693708663572,0.24772206260075886607,4.3675009575197156,2.1477605421559129,0.09682196125638418980,0.03968569087917343150,0.10732476620951962419,0.17533494183814164941,0.45023469365609976110,-0.11402812135479907918,none,0.0,0.00,0.000000000000000000000000,0.000000000000000000000000,B,2,0.006331,2025-01-01,B,2,0.006046,2025-12-01,0,31313.6,0,0,30,30,,,,,0,0.95498341494234718054,0,0
F0000694,C000451,2025-12-31,2022-11-29,2023-11-29,term_loan,10725.75,9159.84,1565.91,0.1433,12,0,senior_secured,USD,bullet,trade,Shymkent,small,IE,private,3.0,42,0,0,0,1.1609804157230874,0.97409048354578002997,1.2266154481559459,0.36880060449824616228,40.8567429254806946,0.31644871273454673241,0.01139304107190775576,-0.01755440674338646317,0.01624979603054775765,0.29993028473183209628,0.30066522075250974969,,none,0.0,0.00,0.00000000000000000000,0.00000000000000000000,C,3,0.016297,2025-01-01,C,3,0.024725,2023-11-01,0,486.46,0,0,15,15,,,,,0,1.5171503957783641,0,0
F0000695,C000452,2025-12-31,2022-08-05,2024-08-05,trade_finance,98362.31,61275.3,37087.01,0.1209,24,1,senior_unsecured,KZT,annuity,manufacturing,Almaty,small,IE,foreign_owned,3.8,70,0,0,0,2.0079315970358831,1.6086481866895706,1.7157722530564521,0.36817367164946486668,7.4075564104188853,1.8136553444272101,0.06633910445361683970,0.00955574806514617839,0.06641991010648357939,0.17859020550289271442,0.21458190094495674602,,none,0.0,0.00,0.000000000000000000000000,0.000000000000000000000000,C,3,0.018929,2025-01-01,C,3,0.026767,2024-08-01,0,5653.18,0,0,30,30,,,,,0,1.4140736436156163,0,0
F0000696,C000453,2025-12-31,2022-07-05,2027-07-05,credit_line,593332.24,260783.1,332549.14,0.1471,60,1,senior_unsecured,KZT,amortizing,transport,Almaty,medium,LLP,state_related,14.0,131,0,1,0,1.2994287247242539,1.1063885744129122,1.6464899130940707,0.36129451766283935724,4.6077267739912692,2.5942976478988452,0.09385606285904960809,0.02779659644955448768,0.08941414567626823068,0.44717720786825100912,0.21943318011824171753,,real_estate,423629.9,317722.425,1.6244530416273140,1.2183397812204855,B,2,0.011681,2025-01-01,B,2,0.013985,2025-12-01,0,15572.28,0,0,60,5,,,,,0,1.1972433866963445,0,0
F0000697,C000453,2025-12-31,2022-01-14,2027-01-14,leasing,197369.45,171994.44,25375.01,0.1188,60,0,subordinated,KZT,amortizing,transport,Almaty,medium,LLP,state_related,14.0,131,0,1,0,1.2994287247242539,1.1063885744129122,1.6464899130940707,0.36129451766283935724,4.6077267739912692,2.5942976478988452,0.09385606285904960809,0.02779659644955448768,0.08941414567626823068,0.44717720786825100912,0.21943318011824171753,,equipment,262847.43,157708.458,1.5282321335503636,0.91693928013021816287,B,2,0.011681,2025-01-01,B,2,0.013985,2025-12-01,0,10564.64,0,0,30,5,,,,,0,1.1972433866963445,0,0
F0000698,C000453,2025-12-31,2022-10-09,2026-10-09,working_capital,447277.96,445623.7,1654.25,0.1482,48,0,senior_unsecured,KZT,bullet,transport,Almaty,medium,LLP,state_related,14.0,131,0,1,0,1.2994287247242539,1.1063885744129122,1.6464899130940707,0.36129451766283935724,4.6077267739912692,2.5942976478988452,0.09385606285904960809,0.02779659644955448768,0.08941414567626823068,0.44717720786825100912,0.21943318011824171753,,inventory,554963.11,249733.3995,1.2453626456582089,0.56041319054619401975,B,2,0.011681,2025-01-01,B,2,0.013985,2025-12-01,0,28682.17,0,0,60,60,,,,,0,1.1972433866963445,0,0
F0000699,C000453,2025-12-31,2023-10-15,2027-10-15,term_loan,538911.77,491284.43,47627.34,0.1108,48,0,senior_unsecured,KZT,amortizing,transport,Almaty,medium,LLP,state_related,14.0,131,0,1,0,1.6805242703878244,1.5761954681601407,0.81611371622902926695,0.36528407456645620566,7.7489858860813681,1.8143340767774006,0.07224983660158862871,0.02518292270398945278,0.12043033733153200777,0.44700932192595014786,0.44758967690716408700,0.06042225292784356306,none,0.0,0.00,0.000000000000000000000000,0.000000000000000000000000,C,3,0.019858,2025-01-01,B,2,0.013985,2025-12-01,0,38091.7,0,0,30,30,,,,,0,0.70425017625138483231,-1,0
F0000700,C000454,2025-12-31,2022-03-16,2023-09-16,term_loan,115674.91,107888.63,7786.28,0.1066,18,0,senior_secured,USD,amortizing,agriculture,Astana,medium,LLP,private,25.4,405,0,0,0,0.97855986596542023893,0.68298337414368068226,1.3252415229281423,0.32340272842629027865,4.3416569360810698,2.2313045725164007,0.08926150919377281375,0.03881387033750999277,0.16032155185944642612,0.22797938965295542744,0.24403304818862511382,,equipment,181775.84,109065.504,1.6848470501479164,1.01090823008874985251,B,2,0.008261,2025-01-01,B,2,0.007406,2023-09-01,0,12146.4,0,0,60,30,,,,,0,0.89650163418472339910,0,0
F0000701,C000455,2025-12-31,2023-06-09,2024-12-09,credit_line,4362.9,2785.8,1577.1,0.142,18,1,senior_secured,USD,bullet,real_estate,Aktobe,micro,LLP,private,11.7,7,0,0,0,1.1828243560949258,1.04137379074457759568,1.8956264092039082,0.37593644016299275613,8.0879124945077816,1.4826544210254429,0.07363228661882224440,-0.01416477480992416264,0.08752933560851087190,0.40277240515135541215,0.19831779001268078139,0.05443946186193777773,equipment,3723.75,2234.250,1.3366896403187594,0.80201378419125565367,D,4,0.036886,2025-01-01,C,3,0.018547,2024-12-01,0,125.49,0,0,15,15,,,,,0,0.50281949791248712249,-1,0
F0000702,C000455,2025-12-31,2023-01-03,2025-01-03,term_loan,14978.1,12799.29,2178.81,0.1569,24,0,senior_secured,KZT,amortizing,real_estate,Aktobe,micro,LLP,private,11.7,7,0,0,0,1.1828243560949258,1.04137379074457759568,1.8956264092039082,0.37593644016299275613,8.0879124945077816,1.4826544210254429,0.07363228661882224440,-0.01416477480992416264,0.08752933560851087190,0.40277240515135541215,0.19831779001268078139,0.05443946186193777773,none,0.0,0.00,0.000000000000000000000000,0.000000000000000000000000,D,4,0.036886,2025-01-01,C,3,0.018547,2025-01-01,0,2066.0,0,0,60,30,,,,,0,0.50281949791248712249,-1,0
F0000703,C000456,2025-12-31,2022-09-21,2026-09-21,credit_line,12862.94,8526.27,4336.67,0.1355,48,1,senior_unsecured,KZT,bullet,transport,Almaty,micro,IE,private,12.7,9,0,0,0,1.4012087027220804,1.00552569899115966263,0.61435235134375949127,0.27125835637877699168,2.6383963174139569,6.5203755578514597,0.13381823928839947262,0.07686184552150561080,0.24820862454373983659,0.13984127361143539870,0.44153547355269253606,,receivables,5850.99,3218.0445,0.68623090753635528783,0.37742699914499540831,B,2,0.011937,2025-01-01,B,2,0.010588,2025-12-01,0,556.35,0,0,30,30,,,,,0,0.88699003099606266231,0,0
F0000704,C000456,2025-12-31,2023-01-08,2026-01-08,overdraft,3320.69,1653.9,1666.8,0.0962,36,1,senior_secured,KZT,amortizing,transport,Almaty,micro,IE,private,12.7,9,0,0,0,3.5011181902138111,3.2017235391498951,0.43056358179926906936,0.27612457419545789502,6.2839170717520462,1.2389253896059776,0.07151379391120464182,0.05032676654729180540,0.09824473247839965725,0.30799448917126888725,0.64130963664313944510,-0.08036502490927550136,inventory,1035.04,465.7680,0.62581776407279762984,0.28161799383275893343,B,2,0.009939,2025-01-01,B,2,0.010588,2025-12-01,0,125.45,0,0,60,30,,,,,0,1.0652983197504779,0,0
F0000705,C000457,2025-12-31,2023-02-04,2026-02-04,credit_line,249889.51,186439.24,63450.27,0.1425,36,1,senior_secured,KZT,amortizing,agriculture,Other,small,LLP,private,22.4,30,0,0,0,1.4309641753134849,1.0943808194980805,0.98940718383282638660,0.42699852106508169510,3.1967993118393668,2.0396385414426714,0.11725937961133098457,0.07986489043232847621,0.23146451386513066671,0.37475795826724154401,0.43157006341003970519,0.12709709797253337590,real_estate,323831.81,242873.8575,1.7369294682814626,1.3026971012110970,B,2,0.007534,2025-01-01,B,2,0.007434,2025-12-01,0,11235.86,0,0,30,15,,,,,0,0.98672683833289089461,0,0
F0000706,C000458,2025-12-31,2023-07-02,2024-07-02,working_capital,434376.63,375509.49,58867.15,0.1317,12,0,senior_unsecured,KZT,annuity,services,Karaganda,small,LLP,private,10.8,40,0,0,0,2.9793986591041958,2.5815286412780698,0.32558365733255009526,0.18277269316676998281,2.6366259120481444,2.3864707778750058,0.12041248215813995770,0.06090855799172823907,0.34929640978631704621,0.51737555190861425430,0.56136937174363928457,0.34886558173019779263,guarantee,338145.29,236701.703,0.90049732165224372891,0.63034812515657061024,B,2,0.00829,2025-01-01,B,2,0.006574,2024-07-01,0,14567.92,0,0,0,0,,,,,0,0.79300361881785283474,0,0
F0000707,C000459,2025-12-31,2022-07-13,2024-07-13,working_capital,17309.47,17295.0,14.47,0.1045,24,0,senior_unsecured,USD,amortizing,energy,Shymkent,micro,IE,private,5.8,11,0,0,1,2.4532751371778578,1.7809610129641726,0.94848612503276670320,0.42986592728077035391,3.2441303032585534,2.3788668732081753,0.12870662914366433446,0.08966711209335009130,0.16745433519777345704,0.65685286737577423704,0.45321266799334578450,,none,0.0,0.00,0.000000000000000000000000,0.000000000000000000000000,B,2,0.00578,2025-01-01,B,2,0.006859,2024-07-01,0,1651.91,0,0,30,30,,,,,0,1.1866782006920415,0,0
F0000708,C000459,2025-12-31,2025-06-14,2028-06-14,term_loan,6048.1,5742.65,305.45,0.1361,36,0,senior_unsecured,USD,bullet,energy,Shymkent,micro,IE,private,5.8,11,0,0,1,3.5900404920805350,2.5476827081071381,0.30641977228365807591,0.18603359459942423150,0.95498999777728384085,9.5096503690356561,0.19225758294614943136,0.17671488360664322284,0.97771060317872152896,1.2532587501105253,0.60712007326736644029,0.19871680750810996465,none,0.0,0.00,0.00000000000000000000,0.00000000000000000000,B,2,0.006859,2025-01-01,B,2,0.006859,2025-12-01,0,381.72,0,0,0,0,,,,,0,1.00000000000000000000,0,0
F0000709,C000460,2025-12-31,2024-11-08,2027-11-08,term_loan,744070.3,716392.07,27678.23,0.1448,36,0,senior_secured,KZT,annuity,agriculture,Aktobe,small,LLP,private,23.5,34,0,0,0,3.2510040990267508,2.6469906496743229,0.61631991042985826794,0.22208780179032490695,2.0206342782156485,4.7794153916773032,0.07924200182326353033,0.03436865542905245625,0.41580516696779951800,2.2773746308651628,0.36034500594898455711,0.00252155183118087472,receivables,1717006.04,944353.3220,2.3967407121075475,1.3182073916591511,C,3,0.016771,2025-01-01,C,3,0.020208,2025-12-01,0,77969.68,0,0,30,30,,,,,0,1.2049370937928567,0,0
F0000710,C000461,2025-12-31,2025-06-21,2028-06-21,credit_line,330495.14,244543.88,85951.26,0.126,36,1,senior_unsecured,KZT,annuity,construction,Kostanay,medium,JSC,foreign_owned,8.6,261,0,0,0,1.7575801887914878,1.3478704320466115,2.6386442695597572,0.24677023457462355877,8.3436209563521420,1.16885606339131949148,0.03811485722742605891,-0.03550979545836385601,0.10493119127399116405,0.68909998787590313296,0.09352160024806821362,-0.61300549040247697391,equipment,312487.32,187492.392,1.2778374171539275,0.76670245029235652922,D,4,0.046967,2025-01-01,D,4,0.046967,2025-12-01,30,26405.87,0,0,30,30,,,,,0,1.00000000000000000000,0,0
F0000711,C000461,2025-12-31,2022-06-01,2026-06-01,overdraft,200382.83,140317.82,60065.02,0.1379,48,1,senior_unsecured,KZT,bullet,construction,Kostanay,medium,JSC,foreign_owned,8.6,261,0,0,0,1.2322947285044398,0.94581108374872150726,7.1609730790426252,0.63720223367535068089,-8.8856753324635264,-1.00765620689759802661,-0.05990324113702379080,-0.12562778963451725553,-0.08186289509006968199,0.36054419345651460578,0.08898263219843586018,,none,0.0,0.00,0.000000000000000000000000,0.000000000000000000000000,D,4,0.040058,2025-01-01,D,4,0.046967,2025-12-01,15,7655.2,0,0,60,15,,,,,0,1.1724749113785012,0,0
F0000712,C000462,2025-12-31,2023-06-17,2024-12-17,leasing,659278.85,626735.59,32543.26,0.1127,18,0,senior_secured,KZT,amortizing,agriculture,Shymkent,medium,LLP,private,22.6,152,0,0,0,1.4162734545093244,1.0138521850636617,0.50679362983755221279,0.27618462441419401004,3.6157415543562966,5.3291707785940191,0.11683211622179087563,0.07973338385778066134,0.27850866092016177070,0.08913848175480428296,0.54496467231192766800,0.13303938786988965466,none,0.0,0.00,0.000000000000000000000000,0.000000000000000000000000,B,2,0.006187,2025-01-01,B,2,0.008273,2024-12-01,0,57136.74,0,0,30,15,,,,,0,1.3371585582673347,0,0
F0000713,C000463,2025-12-31,2024-02-01,2027-02-01,working_capital,142799.41,123458.92,19340.5,0.0978,36,0,senior_secured,EUR,amortizing,real_estate,Almaty,small,IE,state_related,8.0,38,0,1,0,2.2624301663745548,1.7711089045797650,0.36781077229000893938,0.18893074907327335522,1.9093107503900903,9.1472161430838828,0.14767462338565329045,0.08868622826182229722,0.34281566518756906789,0.59850743662952167910,0.51366290306556470701,0.44708127567689120968,real_estate,224393.88,168295.4100,1.8175590714708990,1.3631693036031742,B,2,0.008879,2025-01-01,B,2,0.010112,2025-12-01,0,10809.12,0,0,60,60,,,,,0,1.1388669895258475,0,0
F0000714,C000464,2025-12-31,2024-05-28,2028-05-28,credit_line,32827.54,16363.61,16463.93,0.0964,48,1,senior_secured,KZT,amortizing,construction,Almaty,small,IE,private,15.9,25,1,0,0,3.7283157752284362,3.3823604984669572,0.19053468022352920256,0.13906293095943845700,0.81998710107967492183,8.3995986577516507,0.16907678904769842970,0.11775103262106763192,0.99840009787522746077,0.59425052780461237553,0.72985626971580327031,0.31148673282773846436,inventory,23762.49,10693.1205,1.4521545062489267,0.65346952781201703047,A,1,0.002722,2025-01-01,A,1,0.003454,2025-12-01,0,2404.83,0,0,60,60,,,,,0,1.2689199118295371,0,0
F0000715,C000464,2025-12-31,2024-09-23,2027-09-23,working_capital,12738.02,11834.5,903.52,0.1297,36,0,senior_secured,USD,annuity,construction,Almaty,small,IE,private,15.9,25,1,0,0,3.7283157752284362,3.3823604984669572,0.19053468022352920256,0.13906293095943845700,0.81998710107967492183,8.3995986577516507,0.16907678904769842970,0.11775103262106763192,0.99840009787522746077,0.59425052780461237553,0.72985626971580327031,0.31148673282773846436,receivables,20743.83,11409.1065,1.7528269043897081,0.96405479741433943132,A,1,0.002722,2025-01-01,A,1,0.003454,2025-12-01,0,1028.67,0,0,30,15,,,,,0,1.2689199118295371,0,0
F0000716,C000465,2025-12-31,2022-12-12,2025-12-12,term_loan,86396.73,83146.51,3250.22,0.1013,36,0,senior_unsecured,KZT,bullet,energy,Kostanay,micro,LLP,foreign_owned,25.8,9,1,0,0,1.6389307829267922,1.5165897936965309,1.1009823148645961,0.38219832992217957550,4.2089217257149926,3.4960233564063251,0.16292109089256695826,0.11861198882116700126,0.23167490911970468465,0.41293744275703422863,0.34714302379069922407,,guarantee,121849.45,85294.615,1.4654788276741862,1.02583517937193034320,A,1,0.0046,2025-01-01,B,2,0.005301,2025-12-01,0,5410.9,0,0,60,60,,,,,0,1.1523913043478261,1,0
F0000717,C000465,2025-12-31,2024-02-04,2027-02-04,leasing,82534.44,67937.99,14596.45,0.1196,36,0,senior_secured,EUR,bullet,energy,Kostanay,micro,LLP,foreign_owned,25.8,9,1,0,0,2.1536100990042471,1.9603363742340178,0.72884936662995201836,0.29580866659569208759,4.7171788129754355,2.1178206152129077,0.09788512847989139773,0.04688598418852170072,0.09907319948692182426,0.99045480524564494030,0.40585706750826975233,0.26214970431655101178,real_estate,153905.28,115428.9600,2.2653787667253623,1.6990340750440218,B,2,0.007336,2025-01-01,B,2,0.005301,2025-12-01,0,6274.55,0,0,60,60,,,,,0,0.72260087241003271538,0,0
F0000718,C000465,2025-12-31,2023-07-11,2026-07-11,term_loan,122706.29,103190.35,19515.94,0.1079,36,0,senior_secured,KZT,annuity,energy,Kostanay,micro,LLP,foreign_owned,25.8,9,1,0,0,2.7919146314533474,2.1469097417454865,0.91767558737090419562,0.33552912250468457485,2.4390873711363371,2.5670792237689188,0.15462328285237507413,0.12751157214790808433,0.14659099409563066351,0.58883585262043075663,0.36562934344364455379,0.09447726179052597896,guarantee,190681.01,133476.707,1.8478569943798039,1.2934998960658627,B,2,0.0075,2025-01-01,B,2,0.005301,2025-12-01,0,7858.39,0,0,60,30,,,,,0,0.70680000000000000000,0,0
F0000719,C000465,2025-12-31,2025-03-28,2029-03-28,overdraft,53650.96,23025.6,30625.36,0.1235,48,1,senior_secured,KZT,annuity,energy,Kostanay,micro,LLP,foreign_owned,25.8,9,1,0,0,1.3232906896036772,0.89730622242801581271,0.70058529478492941199,0.21097290651041176161,4.4231041936514879,1.9942919109685720,0.08097687972981371483,0.03756083150220884269,0.15843769084062911245,0.24288131586246437540,0.30113807423716723074,-0.19166763975101593034,real_estate,55636.64,41727.4800,2.4162949065388090,1.8122211799041067,B,2,0.005301,2025-01-01,B,2,0.005301,2025-12-01,0,1831.94,0,0,60,60,,,,,0,1.00000000000000000000,0,0
F0000720,C000466,2025-12-31,2023-11-04,2026-11-04,term_loan,190127.55,177914.3,12213.25,0.1166,36,0,senior_unsecured,KZT,bullet,transport,Almaty,small,JSC,private,2.8,33,0,0,0,3.5990892487509733,3.1396690977035742,0.47794490199880028729,0.21863547634861725844,1.5938126454716102,7.1710783468674863,0.15228256489982295494,0.09801288270233093399,0.28913958267708534442,2.8364874629114333,0.45744912318191452529,0.23135454734090692438,none,0.0,0.00,0.000000000000000000000000,0.000000000000000000000000,B,2,0.006308,2025-01-01,B,2,0.006769,2025-12-01,0,6002.81,0,0,15,15,,,,,0,1.0730818008877616,0,0
F0000721,C000466,2025-12-31,2023-03-18,2026-03-18,term_loan,161211.69,153253.27,7958.42,0.1147,36,0,senior_secured,KZT,amortizing,transport,Almaty,small,JSC,private,2.8,33,0,0,0,3.5990892487509733,3.1396690977035742,0.47794490199880028729,0.21863547634861725844,1.5938126454716102,7.1710783468674863,0.15228256489982295494,0.09801288270233093399,0.28913958267708534442,2.8364874629114333,0.45744912318191452529,0.23135454734090692438,none,0.0,0.00,0.000000000000000000000000,0.000000000000000000000000,B,2,0.006308,2025-01-01,B,2,0.006769,2025-12-01,0,12865.9,0,0,30,5,,,,,0,1.0730818008877616,0,0
F0000722,C000467,2025-12-31,2022-03-19,2023-03-19,working_capital,67270.64,65169.83,2100.81,0.0976,12,0,senior_secured,KZT,bullet,transport,Atyrau,small,LLP,private,22.0,28,0,0,0,2.9198755248057715,2.4276709662185380,0.27107654703738504547,0.16978559570839352702,1.4347861441511435,4.6207400073366788,0.10457610324453555491,0.06032606159274356868,0.31586001613202583165,1.7215015441106352,0.62633819695577664653,,none,0.0,0.00,0.000000000000000000000000,0.000000000000000000000000,B,2,0.009117,2025-01-01,B,2,0.01256,2023-03-01,0,2737.63,0,0,0,0,,,,,0,1.3776461555336185,0,0
F0000723,C000468,2025-12-31,2023-06-04,2026-06-04,leasing,151029.73,144129.1,6900.62,0.1495,36,0,senior_unsecured,EUR,amortizing,manufacturing,Karaganda,small,LLP,foreign_owned,11.7,27,0,0,0,2.2871872708764037,1.9420009558348145,3.8012455894416732,0.27092664404623693035,-17.9368998887239295,-0.35370688469793601423,-0.02518679262495817403,-0.07953763613513252698,-0.04690390216610444304,1.8355057522770609,0.07127312289391715530,-0.06196721226607794447,none,0.0,0.00,0.000000000000000000000000,0.000000000000000000000000,D,4,0.0457,2025-01-01,D,4,0.0398,2025-12-01,0,7154.3,0,0,15,5,,,,,0,0.87089715536105032823,0,0
F0000724,C000469,2025-12-31,2023-11-25,2027-11-25,leasing,152595.36,141932.84,10662.52,0.1204,48,0,senior_secured,KZT,amortizing,energy,Kostanay,small,LLP,foreign_owned,21.6,89,1,0,1,4.2209015615112453,3.7009074953829748,0.16563724907946311914,0.11123467561255052883,0.80781424950836307433,11.6420222837822786,0.16730473123875489127,0.13480937953759201559,0.96161111666141033167,1.2149276020447187,0.67155592254002359429,-0.03475184261322209897,inventory,248064.44,111628.9980,1.7477592923526366,0.78649168155868648862,A,1,0.00438,2025-01-01,A,1,0.003323,2025-12-01,15,12850.73,0,0,30,15,,,,,0,0.75867579908675799087,0,0
F0000725,C000470,2025-12-31,2022-06-11,2027-06-11,leasing,16202.83,16040.23,162.61,0.153,60,0,senior_secured,KZT,bullet,trade,Almaty,micro,JSC,private,3.6,7,0,0,0,3.1274066300360373,2.7639247631221871,1.9607635598639426,0.54021949506799139399,10.9944373037779979,1.0598376489241729,0.07663760623814623299,0.02492376044618473885,0.07820702013281332350,0.90355069246043382458,0.27551485866326342298,,guarantee,21534.4,15074.08,1.3425243902362996,0.93976707316540972293,C,3,0.019507,2025-01-01,C,3,0.020192,2025-12-01,0,1662.43,0,0,60,30,,,,,0,1.0351155995283744,0,0
F0000726,C000471,2025-12-31,2022-05-20,2024-05-20,leasing,24520.61,23559.36,961.25,0.1048,24,0,senior_secured,KZT,annuity,manufacturing,Other,micro,LLP,private,8.3,5,0,0,0,1.2026070702210548,0.87463959029141531371,0.92539740100263441811,0.38104232638414120868,4.2523365748001015,3.1874237802690969,0.08581134149293011678,0.05036509144686928899,0.21686526355679144204,0.29602765680375629770,0.41176074837825966480,,receivables,21986.07,12092.3385,0.93322017236461431889,0.51327109480053787539,B,2,0.01279,2025-01-01,B,2,0.011621,2024-05-01,0,3513.19,0,0,60,60,,,,,0,0.90860046911649726349,0,0
F0000727,C000471,2025-12-31,2025-01-02,2026-07-02,credit_line,34466.05,12410.67,22055.38,0.1429,18,1,senior_unsecured,KZT,amortizing,manufacturing,Other,micro,LLP,private,8.3,5,0,0,0,1.6468708285691428,1.2479452800656048,0.43073905540879812135,0.24199048535212992920,3.6644710232853759,1.9995498981253377,0.10937787397428947949,0.08192359785603904412,0.25539187861013439292,0.52521040482926879433,0.56180298097758032647,0.43353303438102537112,none,0.0,0.00,0.000000000000000000000000,0.000000000000000000000000,B,2,0.011621,2025-01-01,B,2,0.011621,2025-12-01,0,1376.75,0,0,30,30,,,,,0,1.00000000000000000000,0,0
F0000728,C000472,2025-12-31,2022-02-21,2025-02-21,term_loan,6988.56,6836.24,152.32,0.1395,36,0,senior_unsecured,USD,annuity,agriculture,Atyrau,micro,LLP,private,6.7,6,1,0,0,1.5908479887147266,1.17760761755956616342,2.0144059740568994,0.35536598230183696290,3.2728927118751625,2.5210401915653448,0.09265427165634539424,0.02175637169174697458,0.19738609021216126032,0.49352502127334680543,0.17641229567352305822,,none,0.0,0.00,0.00000000000000000000,0.00000000000000000000,C,3,0.024339,2025-01-01,C,3,0.01862,2025-02-01,5,679.88,0,0,60,60,,,,,0,0.76502732240437158470,0,0
F0000729,C000473,2025-12-31,2023-08-27,2024-08-27,credit_line,1258867.94,668613.14,590254.8,0.1159,12,1,senior_unsecured,KZT,annuity,agriculture,Karaganda,medium,LLP,private,15.6,137,0,0,0,3.2775947190448544,3.1006809328837028,0.46615128279935458134,0.23889475072118462899,3.6974577885862935,3.3152019838090301,0.09821736756188076565,0.04239187750820223713,0.17011446339982545029,0.53559755270575221920,0.51248330646343422500,-0.01376695312028583898,none,0.0,0.00,0.000000000000000000000000,0.000000000000000000000000,B,2,0.014213,2025-01-01,B,2,0.014535,2024-08-01,180,300877.37,0,0,180,180,2024-02-28,90dpd,90,0,1,1.0226553155561810,0,1
F0000730,C000474,2025-12-31,2023-04-03,2027-04-03,credit_line,238809.97,190156.99,48652.98,0.1332,48,1,senior_unsecured,KZT,amortizing,agriculture,Astana,small,LLP,private,14.8,42,0,0,0,1.2587705495459962,1.1786307884472954,0.50711365205301912155,0.26480583250413440598,2.9009558891329971,3.1707854616930214,0.12378652761852346375,0.07153538018102428570,0.26992229143422152480,0.20568469501337565481,0.52218241696330579746,0.07905945399930387765,none,0.0,0.00,0.000000000000000000000000,0.000000000000000000000000,B,2,0.009556,2025-01-01,B,2,0.008846,2025-12-01,360,132409.38,0,0,360,150,2023-11-29,90dpd,90,0,1,0.92570113017999162830,0,1
F0000731,C000475,2025-12-31,2022-04-11,2024-04-11,overdraft,36904.79,29268.47,7636.31,0.1127,24,1,senior_secured,KZT,amortizing,construction,Other,micro,LLP,state_related,10.8,10,0,1,0,2.3885285210481374,1.7658527253121848,0.66734174848788163219,0.31605434945943945203,1.4474308874685967,5.4033959680486877,0.15961969024975569713,0.10666239621678651763,0.52738746940887638657,0.55852601032292988939,0.47360194409473354653,,none,0.0,0.00,0.000000000000000000000000,0.000000000000000000000000,B,2,0.008709,2025-01-01,B,2,0.007795,2024-04-01,0,2126.59,0,0,60,60,,,,,0,0.89505109656677000804,0,0
F0000732,C000476,2025-12-31,2022-01-28,2024-01-28,term_loan,977550.33,884411.69,93138.64,0.1436,24,0,senior_unsecured,KZT,amortizing,construction,Shymkent,medium,LLP,private,7.2,177,0,0,0,1.8183451620488536,1.2846710645020113,0.84903366806095332743,0.31847974344080148805,9.1082346915208247,0.70038587879859564398,0.06001287717166483108,0.02853168656977983097,0.09821392230018943869,0.48170135456965794046,0.37510849736754771070,,real_estate,1700613.52,1275460.1400,1.9228754427703234,1.4421565820777425,C,3,0.025531,2025-01-01,C,3,0.022508,2024-01-01,30,62427.44,0,0,30,15,,,,,0,0.88159492381810348204,0,0
F0000733,C000477,2025-12-31,2024-01-08,2026-01-08,term_loan,12814.89,12454.39,360.51,0.141,24,0,senior_secured,KZT,bullet,trade,Karaganda,small,LLP,private,5.7,28,0,0,0,3.1118806227108967,2.6205455897825501,1.6755881229556432,0.53250298010028656737,33.1764385279233689,0.50913785939299481102,0.02071460084767287740,-0.04637743098750134690,0.02609435082470256018,1.05668119724708862745,0.31780064134196729543,-0.07771765953484276833,none,0.0,0.00,0.000000000000000000000000,0.000000000000000000000000,B,2,0.014093,2025-01-01,C,3,0.030793,2025-12-01,0,1216.65,0,0,60,30,,,,,0,2.1849854537713759,1,0
F0000734,C000478,2025-12-31,2023-06-05,2025-06-05,credit_line,50427.48,39151.01,11276.47,0.0974,24,1,senior_secured,KZT,annuity,transport,Karaganda,small,IE,private,25.6,39,1,0,0,2.6503841185045622,1.9748694652307059,0.40821207660266346750,0.26089225222013527501,1.7214923430191384,6.8601700831493124,0.15650295208957262524,0.10369991817645009851,0.60397086568508979674,0.92710019720596569924,0.63910958830862042995,0.13935401737738571364,none,0.0,0.00,0.000000000000000000000000,0.000000000000000000000000,A,1,0.002361,2025-01-01,A,1,0.002667,2025-06-01,0,3123.23,0,0,30,30,,,,,0,1.1296060991105464,0,0
F0000735,C000479,2025-12-31,2025-03-27,2028-03-27,overdraft,1059143.38,829547.84,229595.54,0.1226,36,1,senior_secured,KZT,amortizing,manufacturing,Astana,large,LLP,private,10.1,442,1,0,0,1.0625022745639152,0.72214220387632318188,1.3305426404876116,0.44555066633875085624,7.5501326588536391,0.95078090067747327846,0.10015326080524609032,0.05274919582269142455,0.09964928212016079782,0.21630935547324146093,0.33486387642222976518,-0.08803658043551539981,real_estate,651034.5,488275.875,0.78480645552642268347,0.58860484164481701260,B,2,0.013385,2025-01-01,B,2,0.013385,2025-12-01,0,33495.12,0,0,15,15,,,,,0,1.00000000000000000000,0,0
F0000736,C000480,2025-12-31,2024-01-13,2025-01-13,term_loan,13028.82,12106.55,922.27,0.1059,12,0,senior_secured,USD,amortizing,transport,Karaganda,micro,LLP,private,23.4,6,0,0,0,0.99318711976937898054,0.67379821878651977313,0.76644433674186226071,0.36788643414066144562,3.0025753381078082,2.3852266499647694,0.15459412282805746452,0.09298454095852653639,0.36211454040842960494,0.18869873221716829575,0.47999106589336735388,-0.01695602350360406630,receivables,25144.42,13829.4310,2.0769269527652387,1.14230982402088125849,B,2,0.00792,2025-01-01,B,2,0.006459,2025-01-01,15,2169.12,0,0,60,60,,,,,0,0.81553030303030303030,0,0
F0000737,C000480,2025-12-31,2023-11-02,2026-11-02,credit_line,2818.91,1759.91,1059.0,0.1359,36,1,senior_unsecured,EUR,bullet,transport,Karaganda,micro,LLP,private,23.4,6,0,0,0,1.5500711660355564,1.4588807721212795,1.01768528396655453350,0.33296338528744133203,3.0827506126038438,3.3264365694161418,0.08988188915196284486,0.05635892129914834257,0.17585878840417547173,0.49214978721726833290,0.32717716423065023403,0.07500369691218632190,real_estate,2915.53,2186.6475,1.6566358506969106,1.2424768880226830,B,2,0.010863,2025-01-01,B,2,0.006459,2025-12-01,15,92.21,0,0,15,15,,,,,0,0.59458713062689864678,0,0
F0000738,C000481,2025-12-31,2022-09-14,2026-09-14,trade_finance,51530.2,25141.88,26388.32,0.0895,48,1,senior_secured,USD,amortizing,transport,Astana,micro,IE,private,19.1,6,1,0,0,2.5126444175108688,1.8817022548366681,0.27901008033379490146,0.20640305062239083703,0.89845916535313603682,17.3455416049856535,0.25106544323955410632,0.23793887919921134451,0.79583272743193186385,0.63658773644354726735,0.73976915233836593188,,receivables,59993.44,32996.3920,2.3861954635055135,1.3124075049280324,A,1,0.003059,2025-01-01,A,1,0.002701,2025-12-01,0,1579.1,0,0,60,60,,,,,0,0.88296829029094475319,0,0
F0000739,C000482,2025-12-31,2025-04-12,2028-04-12,term_loan,51255.68,46335.86,4919.82,0.1003,36,0,senior_secured,KZT,annuity,services,Almaty,small,LLP,private,6.1,23,0,0,0,2.0737463681804834,1.6743969893305622,0.89860441799801088259,0.27783567404356386950,2.7927412611118304,2.5023068953320583,0.11049060721964306486,0.10700552703890553929,0.31553478181657952797,0.48635611348923470119,0.30918574233426356940,0.36167957116322929171,equipment,43096.16,25857.696,0.93008223004817435136,0.55804933802890461081,C,3,0.016579,2025-01-01,C,3,0.016579,2025-12-01,0,4887.68,0,0,60,60,,,,,0,1.00000000000000000000,0,0
F0000740,C000483,2025-12-31,2022-03-16,2027-03-16,term_loan,21590.25,18381.75,3208.49,0.1287,60,0,senior_secured,KZT,annuity,transport,Shymkent,micro,LLP,private,20.0,12,0,0,0,0.92138806801621823038,0.65751744833326664186,3.1574359944338453,0.60845363381139734660,8.2140549043513300,1.2272116347775369,0.05891013376611134244,-0.02126066858480997577,0.13267213588766299528,0.12031856289452314677,0.19270497798974327968,,inventory,21846.59,9830.9655,1.1884934785860976,0.53482206536374393080,C,3,0.021855,2025-01-01,C,3,0.028314,2025-12-01,0,1129.68,0,1,30,15,,,,,0,1.2955387783115992,0,0
F0000741,C000484,2025-12-31,2024-12-06,2028-12-06,term_loan,335788.62,283087.12,52701.5,0.1445,48,0,senior_secured,USD,amortizing,services,Almaty,small,LLP,foreign_owned,6.9,45,0,0,0,2.2419589830950421,1.7334030296684853,0.48908869233063630148,0.22592280276692372897,3.7441897993093993,3.0322665718867055,0.08191875347738454711,0.04045136715861328182,0.11056590301398961768,1.4803406714969390,0.46192603981568686852,-0.04309602289120873418,receivables,506141.5,278377.825,1.7879354595857275,0.98336450277215014233,B,2,0.014231,2025-01-01,C,3,0.020878,2025-12-01,0,20021.12,0,0,0,0,,,,,0,1.4670789122338557,1,0
F0000742,C000484,2025-12-31,2022-04-10,2025-04-10,trade_finance,203220.44,153523.43,49697.01,0.1366,36,1,senior_secured,USD,annuity,services,Almaty,small,LLP,foreign_owned,6.9,45,0,0,0,1.1424557686869755,1.0433709228232413,0.83303194672450503942,0.31440395722017527824,4.6618121288938774,2.7467738126863249,0.10422144101333516171,0.03416109372250666353,0.13077648016447793350,0.17900608812142073717,0.37742124831636610711,,equipment,231597.74,138958.644,1.5085498024633764,0.90512988147802586224,C,3,0.023003,2025-01-01,C,3,0.020878,2025-04-01,0,13662.14,0,0,30,30,,,,,0,0.90762074512020171282,0,0
F0000743,C000484,2025-12-31,2024-07-23,2027-07-23,credit_line,104303.47,94586.03,9717.43,0.1391,36,1,senior_secured,KZT,annuity,services,Almaty,small,LLP,foreign_owned,6.9,45,0,0,0,2.2419589830950421,1.7334030296684853,0.48908869233063630148,0.22592280276692372897,3.7441897993093993,3.0322665718867055,0.08191875347738454711,0.04045136715861328182,0.11056590301398961768,1.4803406714969390,0.46192603981568686852,-0.04309602289120873418,receivables,72244.77,39734.6235,0.76379958012827052790,0.42008976907054879034,B,2,0.014231,2025-01-01,C,3,0.020878,2025-12-01,0,6882.2,0,0,0,0,,,,,0,1.4670789122338557,1,0
F0000744,C000485,2025-12-31,2023-02-08,2025-02-08,credit_line,36777.69,19291.25,17486.43,0.1306,24,1,subordinated,USD,annuity,transport,Karaganda,micro,IE,private,14.9,11,0,0,1,1.0854827028160322,0.99253380457843757595,0.44953463192713041233,0.27279873791454767343,3.1887703991446681,6.0496596842870977,0.13674736385034005341,0.05993199141283713401,0.23010712968157957436,0.35546960645657663420,0.60684698917428093352,0.17733228031691601824,equipment,27587.28,16552.368,1.4300410808008812,0.85802464848052873712,B,2,0.007279,2025-01-01,B,2,0.008174,2025-02-01,60,2164.41,0,0,60,60,,,,,0,1.1229564500618217,0,0
F0000745,C000486,2025-12-31,2023-09-05,2026-09-05,working_capital,31383.32,30450.88,932.45,0.136,36,0,senior_unsecured,KZT,annuity,services,Kostanay,micro,LLP,state_related,20.4,8,0,1,0,1.8859961832942956,1.3041279242580118,0.49035885918027792219,0.22374189764122361283,1.35067792485734876161,13.3509798612991232,0.15249945346793920423,0.07447917695007277975,0.29443534328192732403,0.90912424619870823516,0.45628195239553335065,0.00094134863460398533,guarantee,33946.52,23762.564,1.11479602559926018558,0.78035721791948212991,B,2,0.00831,2025-01-01,C,3,0.016387,2025-12-01,5,4293.63,0,0,30,30,,,,,0,1.9719614921780987,1,0
F0000746,C000487,2025-12-31,2024-12-03,2025-12-03,term_loan,76530.32,64638.96,11891.36,0.1106,12,0,senior_secured,USD,annuity,transport,Astana,micro,IE,private,18.0,10,0,0,0,1.4478326696821252,0.96120161448969311613,0.41433859495080294891,0.21421703214946177153,2.1076114274061541,3.5599701767810544,0.11079152779829079792,0.07095550983537299540,0.19341624453257768144,1.06741781574147596049,0.51700960219478737997,0.58446300629688544414,real_estate,45655.12,34241.3400,0.70630963121931417213,0.52973222341448562910,B,2,0.008437,2025-01-01,B,2,0.006454,2025-12-01,60,8168.97,0,0,60,60,,,,,0,0.76496384970961242148,0,0
F0000747,C000488,2025-12-31,2023-03-17,2024-03-17,working_capital,65412.67,57265.94,8146.73,0.1394,12,0,senior_unsecured,KZT,amortizing,manufacturing,Almaty,small,LLP,private,13.3,19,1,0,0,3.6813234832279274,2.9569627126314754,0.84146910177647023791,0.34921836582373776929,2.9875832588455400,2.2794708531312560,0.09477132561141821361,0.02956442779073763232,0.20823553070866347440,1.3150931275862729,0.41501032549678208935,0.04104949350360465542,none,0.0,0.00,0.000000000000000000000000,0.000000000000000000000000,C,3,0.025206,2025-01-01,C,3,0.024135,2024-03-01,0,1607.37,0,0,15,15,,,,,0,0.95751011663889550107,0,0
F0000748,C000489,2025-12-31,2025-02-21,2028-02-21,term_loan,14226.98,11650.43,2576.54,0.1499,36,0,senior_secured,USD,annuity,construction,Almaty,micro,LLP,private,7.6,11,0,0,0,1.38089902647862967912,0.91996801967903575745,3.2656173913441073,0.45237625849121825259,5.7280370046596678,2.8776966794564810,0.08558020523202152151,0.00647512295715584651,0.14154870736864802350,0.50692256024552190662,0.13852702392212061025,-0.21230292174826966890,real_estate,21126.08,15844.5600,1.8133304950976058,1.35999787132320437958,C,3,0.018307,2025-01-01,C,3,0.018307,2025-12-01,0,405.17,0,0,15,15,,,,,0,1.00000000000000000000,0,0
F0000749,C000490,2025-12-31,2024-09-24,2026-09-24,leasing,11921.63,9906.21,2015.43,0.0889,24,0,senior_secured,KZT,annuity,real_estate,Aktobe,micro,JSC,private,11.5,9,0,0,0,1.10480747008914227879,1.03581849872953620086,3.2519236432409086,0.48548706665780865922,7.1257567805529983,0.88125085299217016372,0.07532249266878007420,0.03078302289284807768,0.13461718028057454351,0.19632483230160432164,0.14929227125824087788,-0.06357553760950330720,none,0.0,0.00,0.00000000000000000000,0.00000000000000000000,C,3,0.021586,2025-01-01,C,3,0.020691,2025-12-01,0,787.42,0,0,5,5,,,,,0,0.95853794125822292226,0,0
F0000750,C000491,2025-12-31,2022-08-24,2024-08-24,credit_line,486067.65,289645.6,196422.05,0.1061,24,1,senior_unsecured,KZT,amortizing,manufacturing,Shymkent,medium,LLP,private,3.6,174,1,0,0,4.7047770077910857,3.9954575950605935,0.12986251943511487468,0.10779433858700795965,0.79295486488318740846,11.1679242906438938,0.16723597956949018211,0.14232291768538480953,0.51218503644830496720,0.35213090314424703395,0.83006504922204927951,,none,0.0,0.00,0.000000000000000000000000,0.000000000000000000000000,A,1,0.004588,2025-01-01,A,1,0.00385,2024-08-01,0,29019.06,0,0,30,30,,,,,0,0.83914559721011333915,0,0
F0000751,C000492,2025-12-31,2025-03-05,2027-03-05,overdraft,25752.99,16488.35,9264.65,0.1081,24,1,senior_unsecured,KZT,amortizing,transport,Karaganda,small,LLP,private,5.2,40,0,0,0,1.5344633848636947,1.3494630200493622,1.5259460340865881,0.38767762923882714823,4.9039273994744001,1.9199744068159568,0.13333470349179819042,0.04678574935811814910,0.11853858626692725144,0.34400674804294433173,0.25405723438370876163,0.64919258999390072121,inventory,24198.76,10889.4420,1.4676277492896500,0.66043248718034248424,B,2,0.008131,2025-01-01,B,2,0.008131,2025-12-01,30,1921.93,0,0,30,30,,,,,0,1.00000000000000000000,0,0
F0000752,C000492,2025-12-31,2022-06-29,2023-06-29,trade_finance,58169.43,40775.03,17394.41,0.0901,12,1,senior_unsecured,KZT,amortizing,transport,Karaganda,small,LLP,private,5.2,40,0,0,0,1.8928019884641954,1.2727315107157539,0.65925827835347889941,0.28029119975379855149,2.2220376074926348,6.5938001825285329,0.14742437992973013820,0.07242952471367122244,0.41162783405901556001,0.23992230571002545967,0.42516144120910523201,,guarantee,95475.08,66832.556,2.3415085163640591,1.6390559614548414,B,2,0.005585,2025-01-01,B,2,0.008131,2023-06-01,30,3251.14,0,0,30,30,,,,,0,1.4558639212175470,0,0
F0000753,C000492,2025-12-31,2022-07-12,2024-07-12,term_loan,91683.63,76870.64,14812.99,0.0872,24,0,senior_secured,KZT,amortizing,transport,Karaganda,small,LLP,private,5.2,40,0,0,0,1.8928019884641954,1.2727315107157539,0.65925827835347889941,0.28029119975379855149,2.2220376074926348,6.5938001825285329,0.14742437992973013820,0.07242952471367122244,0.41162783405901556001,0.23992230571002545967,0.42516144120910523201,,inventory,172766.62,77744.9790,2.2474981345283453,1.01137416053775537709,B,2,0.005585,2025-01-01,B,2,0.008131,2024-07-01,0,4714.75,0,0,30,30,,,,,0,1.4558639212175470,0,0
F0000754,C000493,2025-12-31,2023-03-11,2024-03-11,credit_line,60259.5,55634.05,4625.45,0.1183,12,1,senior_secured,KZT,bullet,construction,Almaty,small,LLP,private,7.9,25,0,0,0,1.7937498480886009,1.3836260734014114,0.43132326980835245999,0.17362072620863467441,1.07838137268165149585,10.3615454160895134,0.18877117230600381269,0.10811775473010643604,0.43544167267633632722,1.15019958352417370557,0.40253039509270769094,0.14101164738941316486,inventory,131180.69,59031.3105,2.3579209135412576,1.06106441109356590074,B,2,0.006502,2025-01-01,B,2,0.005736,2024-03-01,0,3640.96,0,0,60,60,,,,,0,0.88219009535527529991,0,0
F0000755,C000493,2025-12-31,2023-06-05,2028-06-05,term_loan,37822.61,31774.93,6047.68,0.1217,60,0,senior_secured,KZT,bullet,construction,Almaty,small,LLP,private,7.9,25,0,0,0,1.7937498480886009,1.3836260734014114,0.43132326980835245999,0.17362072620863467441,1.07838137268165149585,10.3615454160895134,0.18877117230600381269,0.10811775473010643604,0.43544167267633632722,1.15019958352417370557,0.40253039509270769094,0.14101164738941316486,none,0.0,0.00,0.000000000000000000000000,0.000000000000000000000000,B,2,0.006502,2025-01-01,B,2,0.005736,2025-12-01,30,3926.92,0,0,60,30,,,,,0,0.88219009535527529991,0,0
F0000756,C000494,2025-12-31,2023-09-15,2025-09-15,term_loan,15015.36,13889.5,1125.86,0.1304,24,0,senior_secured,KZT,amortizing,agriculture,Shymkent,micro,IE,private,11.5,5,0,0,1,1.04619965975210510515,0.89433472958870033882,1.4522253228838948,0.33914186031540376604,33.1376845645883313,0.23513436498659548608,0.01731261967643260611,-0.03769529309807387311,0.02299376450404620596,0.30890217543154666135,0.23353253449810427168,-0.00195182571629382740,equipment,23260.91,13956.546,1.6747118326793621,1.00482709960761726484,C,3,0.022564,2025-01-01,C,3,0.026379,2025-09-01,0,768.06,0,0,30,30,,,,,0,1.1690746321574189,0,0
F0000757,C000494,2025-12-31,2024-01-27,2025-01-27,working_capital,3001.26,2417.54,583.73,0.1599,12,0,senior_secured,KZT,bullet,agriculture,Shymkent,micro,IE,private,11.5,5,0,0,1,0.79302517603205620332,0.54459875431917794342,1.2600299906914485,0.29492519340997560834,9.6313872305979966,1.0179970087389321,0.04582591438534015877,-0.02152997254989242525,0.05438935989158183365,0.36963593638362076613,0.23406204264085313929,-0.23047411563612198689,equipment,1896.37,1137.822,0.78442135393830091746,0.47065281236298055048,C,3,0.023993,2025-01-01,C,3,0.026379,2025-01-01,90,883.96,0,0,120,120,2024-09-16,90dpd,90,0,1,1.0994456716542325,0,1
F0000758,C000495,2025-12-31,2022-05-09,2023-05-09,term_loan,32513.62,29825.42,2688.2,0.1418,12,0,senior_secured,USD,bullet,transport,Karaganda,small,LLP,private,19.0,27,0,0,0,1.5562936484372525,1.3129579015186810,0.71376363351245796772,0.28165517814044299932,2.3030768680984884,3.6780470610024585,0.09416578428212137864,0.04376757360119583660,0.31415278516384851823,0.46774183390652812280,0.39460567184462335681,,real_estate,37295.54,27971.6550,1.2504615190666217,0.93784613929996627038,B,2,0.01474,2025-01-01,B,2,0.009059,2023-05-01,0,2747.84,0,0,5,5,,,,,0,0.61458616010854816825,0,0
F0000759,C000496,2025-12-31,2024-01-16,2027-01-16,term_loan,9527.69,8133.94,1393.74,0.1208,36,0,senior_secured,EUR,bullet,services,Karaganda,micro,LLP,private,16.1,10,0,0,0,2.0173217625108800,1.7948863223010227,0.79081999391026338111,0.33159258631454119183,12.0104006028138193,0.90762003979778826228,0.04834415565621481315,0.00815371923492488115,0.05505469614000396715,0.52805494797572281680,0.41930222916464091849,0.01444582587495848959,none,0.0,0.00,0.00000000000000000000,0.00000000000000000000,C,3,0.031206,2025-01-01,C,3,0.01875,2025-12-01,0,452.61,0,0,30,30,,,,,0,0.60084599115554701019,0,0
F0000760,C000497,2025-12-31,2024-06-26,2026-06-26,credit_line,541574.99,368654.6,172920.39,0.119,24,1,senior_secured,KZT,bullet,transport,Aktobe,small,LLP,private,23.1,45,0,0,0,2.9735556745043191,2.4251425412078542,0.45376649839606574026,0.27114235410951668997,1.4761199358524694,9.6996296904911043,0.18787523293033303158,0.18258878213365107036,0.70589578308163279567,0.47967625978083910070,0.59753718061586090077,0.42530747550574022968,real_estate,467869.88,350902.4100,1.2691280130506984,0.95184600978802380331,B,2,0.007774,2025-01-01,B,2,0.005262,2025-12-01,60,51317.97,0,0,60,60,,,,,0,0.67687162335991767430,0,0
F0000761,C000498,2025-12-31,2023-12-09,2025-12-09,credit_line,34254.33,14109.46,20144.87,0.1153,24,1,senior_unsecured,KZT,amortizing,manufacturing,Kostanay,micro,LLP,private,17.0,5,0,0,0,2.4392378792199403,1.7680684152636572,0.42925827611626378487,0.25099417481122107469,1.29983360890518661002,11.5092873825370892,0.21912081789256366131,0.17382137560256969757,0.75750200736393810539,0.85987249214252200562,0.58471598283929133017,0.27071191313598916203,none,0.0,0.00,0.000000000000000000000000,0.000000000000000000000000,B,2,0.006854,2025-01-01,B,2,0.006576,2025-12-01,0,1257.99,0,0,60,60,,,,,0,0.95943974321564050190,0,0
F0000762,C000499,2025-12-31,2023-12-18,2026-12-18,term_loan,830939.71,707248.79,123690.92,0.1155,36,0,senior_secured,KZT,amortizing,energy,Karaganda,medium,LLP,private,3.8,99,0,0,0,1.4916204227619512,1.2174191874480313,0.54557400444128273932,0.31651152343344646058,2.4819702147849693,5.5587456327687764,0.15738944121250188025,0.08790768798389883626,0.37830581094842983046,0.21577196001532442553,0.58014407001958050802,0.00364087144127942854,none,0.0,0.00,0.000000000000000000000000,0.000000000000000000000000,B,2,0.010801,2025-01-01,B,2,0.010648,2025-12-01,0,42709.03,0,0,15,15,,,,,0,0.98583464494028330710,0,0
F0000763,C000500,2025-12-31,2023-02-27,2028-02-27,term_loan,426368.01,400931.04,25436.97,0.0931,60,0,senior_unsecured,USD,amortizing,transport,Kostanay,medium,LLP,private,15.8,109,1,0,0,3.3021392346196796,2.2634459465294718,0.30648532957840482991,0.22111140844692959826,1.4969464126496946,4.1876819995010280,0.17476459291164682699,0.15398620453942779733,0.36018360004744187272,1.01269418141322656302,0.72144206298907059441,0.23482614934349514066,receivables,357904.37,196847.4035,0.89268311577971114434,0.49097571367884112939,A,1,0.003264,2025-01-01,A,1,0.004754,2025-12-01,0,37050.9,0,0,30,30,,,,,0,1.4564950980392157,0,0
