facility_id,company_id,observation_date,target_default_12m,product_type,limit_amount,outstanding_amount,undrawn_amount,interest_rate,term_months,revolving_flag,seniority,currency,repayment_type,industry,region,company_size,legal_form,ownership_type,years_in_business,employees_count,exporter_flag,state_related_flag,related_party_flag,revenue,revenue_prev_year,ebitda,net_income,total_assets,current_assets,cash,inventory,accounts_receivable,total_liabilities,current_liabilities,short_term_debt,long_term_debt,equity,interest_expense,operating_cash_flow,capex,total_debt,current_ratio,quick_ratio,debt_to_equity,debt_to_assets,debt_to_ebitda,interest_coverage,ebitda_margin,net_profit_margin,operating_cf_to_debt,cash_to_short_term_debt,equity_to_assets,revenue_growth_yoy,collateral_type,collateral_value,avg_collateral_haircut,effective_collateral_value,loan_to_value,collateral_coverage,effective_collateral_coverage,watchlist_flag,restructuring_flag
F0000632,C000403,2022-01-03,0,term_loan,3232.66,2610.22,622.45,0.1128,60,0,senior_unsecured,KZT,bullet,construction,Shymkent,micro,LLP,private,18.3,12,0,0,0,40393.89,,7203.72,5098.5,53840.71,30285.17,6124.92,9421.01,10376.26,24131.39,11097.36,5213.87,4753.77,29709.32,1388.41,7453.26,3187.43,9967.64,2.7290427633238896,1.8801012132615325,0.33550549120612656230,0.18513203113406193938,1.3836795433470485,5.1884673835538494,0.17833687223488502840,0.12621958419949155677,0.74774570510170913075,1.1747358488032882,0.55180030129617532904,,real_estate,4011.94,0.25000000000000000000,3008.9550,0.65061292043250896075,1.5370122058677046,1.1527591544007785,0,0
F0000498,C000314,2022-01-04,0,working_capital,45660.17,38148.23,7511.94,0.1176,60,0,senior_secured,KZT,amortizing,manufacturing,Kostanay,small,IE,private,19.2,45,0,0,0,255939.86,,49702.44,35528.25,284460.85,114125.26,22758.28,25907.36,21609.73,152093.44,72274.42,18591.34,46323.63,132367.42,9805.89,25290.85,9987.59,64914.97,1.5790546641536521,1.2205964433889611,0.49041501299942236541,0.22820352958939692404,1.3060720962592581,5.0686312002276183,0.19419577708607014163,0.13881483720433386187,0.38959965628883445529,1.2241333868349457,0.46532737281773572708,,none,0.0,1.00000000000000000000,0.00,,0.000000000000000000000000,0.000000000000000000000000,0,0
F0000388,C000243,2022-01-05,0,overdraft,381432.67,353063.42,28369.25,0.1176,12,1,senior_secured,KZT,bullet,services,Other,medium,LLP,private,23.7,108,1,0,0,2631194.3,,562030.22,381524.22,1948369.47,1250100.12,242701.48,143581.07,301089.1,456231.22,239038.75,93881.49,185030.08,1492138.25,20313.43,344170.24,197936.89,278911.57,5.2296965240991262,4.6290362964163760,0.18692072936271153159,0.14315127304884324635,0.49625724751953729463,27.6679132967696741,0.21360270505298677486,0.14500039772813433048,1.2339762025648488,2.5851899027167123,0.76583947396794305138,,real_estate,253013.47,0.25000000000000000000,189760.1025,1.3954332945198530,0.71662329107897952158,0.53746746830923464119,0,0
F0000596,C000382,2022-01-09,0,credit_line,58884.06,55920.89,2963.17,0.1228,60,1,senior_secured,KZT,bullet,real_estate,Shymkent,small,IE,private,3.5,26,0,0,0,311327.85,,30011.21,16716.25,410671.18,153687.39,36266.24,32749.17,58331.52,240133.65,87735.93,41680.83,126175.38,170537.53,15462.25,18186.76,23956.72,167856.21,1.7517041193955544,1.3784343540895959,0.98427724384186870773,0.40873627898602478021,5.5931170385999098,1.9409342107390580,0.09639744725696721318,0.05369339749078021770,0.10834725745326908072,0.87009399764831938328,0.41526539554102627801,,real_estate,81242.07,0.25000000000000000000,60931.5525,0.68832428814283043256,1.4528035945064537,1.0896026958798403,0,0
F0000308,C000187,2022-01-10,0,overdraft,1534791.27,926997.97,607793.3,0.1371,18,1,senior_secured,KZT,bullet,agriculture,Astana,large,LLP,private,22.0,625,0,0,0,12523085.53,,404348.92,-200497.4,19233855.4,10294733.23,2501693.63,2535490.9,2157603.55,15736620.6,4498866.45,3185405.03,4238890.01,3497234.8,816875.95,263249.89,242893.42,7424295.04,2.2882949170451592,1.7247105279153152,2.1229043700468725,0.38600139626712593462,18.3611101026311632,0.49499427667077234922,0.03228828223135197257,-0.01601022364014789253,0.03545789715813880155,0.78536123552237876638,0.18182702985278760076,,receivables,990752.92,0.45000000000000000000,544914.1060,0.93565000040575202140,1.0687757169522173,0.58782664432371950070,0,0
F0000437,C000272,2022-01-10,0,credit_line,150268.35,126956.48,23311.87,0.1323,12,1,senior_secured,KZT,amortizing,energy,Almaty,medium,LLP,private,25.5,277,0,0,0,1521356.86,,129906.47,-7801.05,1321260.75,791713.43,61497.87,57094.84,252526.36,968340.31,288419.16,90498.05,525754.66,352920.44,93827.17,91891.49,99558.12,616252.71,2.7450098322178041,2.5470519711658546,1.7461519372468197,0.46641263656700617195,4.7438184564633309,1.3845293426200534,0.08538855899989171508,-0.00512769239427493691,0.14911332398035215131,0.67954911735667232609,0.26710885039156729661,,none,0.0,1.00000000000000000000,0.00,,0.000000000000000000000000,0.000000000000000000000000,0,0
F0000538,C000339,2022-01-11,0,term_loan,209477.67,193710.64,15767.03,0.1115,24,0,senior_secured,KZT,amortizing,trade,Kostanay,small,LLP,private,21.1,45,0,0,0,758195.28,,93752.15,36703.82,930616.54,499544.7,78928.52,70781.3,99755.18,518502.41,239982.64,95432.01,186670.58,412114.13,27136.33,66217.72,43561.11,282102.59,2.0815868181131769,1.7866434005393057,0.68452540076701568083,0.30313515596875164071,3.0090252863534330,3.4548573812302548,0.12365171938290093286,0.04840945461965946293,0.23472921677181340306,0.82706546786555161104,0.44283989407710290642,,receivables,229685.14,0.45000000000000000000,126326.8270,0.84337471723246876137,1.1857125659179072,0.65214191125484898506,0,0
F0000362,C000225,2022-01-13,0,term_loan,69263.31,68200.46,1062.85,0.134,36,0,senior_secured,KZT,bullet,real_estate,Karaganda,small,LLP,private,8.7,35,0,0,0,459271.2,,64314.65,45401.98,719361.57,296833.01,71295.36,102823.6,90681.96,516272.38,289092.3,109038.74,146817.88,203089.19,15233.03,61455.42,35426.38,255856.62,1.0267759120530018,0.67109850383424255852,1.2598239226814583,0.35567179381016975928,3.9782012340889673,4.2220523428365860,0.14003632276528552193,0.09885657972892704790,0.24019476220705174640,0.65385348363343156753,0.28231865374737769214,,equipment,60307.93,0.40000000000000000000,36184.758,1.13087051735982316090,0.88427453421868415550,0.53056472053121049330,0,0
F0000689,C000446,2022-01-13,0,term_loan,13704.22,12882.35,821.87,0.1237,36,0,senior_unsecured,KZT,amortizing,trade,Almaty,micro,LLP,private,10.1,6,0,0,0,43976.65,,5554.95,4488.78,71692.13,40321.57,3460.08,5512.88,7955.6,22417.06,5746.9,3763.21,10380.7,49275.07,1626.98,3992.77,822.6,14143.91,7.0162296194470062,6.0569507038577320,0.28703987635126647207,0.19728678726660792475,2.5461813337653804,3.4142706118083812,0.12631589718634775500,0.10207189497153603105,0.28229605533406250464,0.91944908734830105150,0.68731491169253863709,,real_estate,30574.99,0.25000000000000000000,22931.2425,0.42133619667577977949,2.3734015921008201,1.7800511940756151,0,0
F0000697,C000453,2022-01-14,0,leasing,197369.45,171994.44,25375.01,0.1188,60,0,subordinated,KZT,amortizing,transport,Almaty,medium,LLP,state_related,14.0,131,0,1,0,1647979.1,,154672.83,45808.21,1972601.59,1210654.6,130865.52,179852.07,276126.38,1539747.35,931682.19,292648.01,420042.13,432854.24,59620.31,63724.58,126492.26,712690.14,1.2994287247242539,1.1063885744129122,1.6464899130940707,0.36129451766283935724,4.6077267739912692,2.5942976478988452,0.09385606285904960809,0.02779659644955448768,0.08941414567626823068,0.44717720786825100912,0.21943318011824171753,,equipment,262847.43,0.40000000000000000000,157708.458,0.65435085288830862832,1.5282321335503636,0.91693928013021816287,1,0
F0000047,C000029,2022-01-19,0,leasing,736157.03,686865.78,49291.25,0.1433,24,0,senior_secured,KZT,amortizing,energy,Aktobe,medium,IE,private,12.9,146,0,0,0,6779108.28,,817784.53,381433.94,11805583.51,5474418.52,400023.44,1012396.99,936191.96,6858898.06,3610258.31,1399629.79,2003410.77,4946685.45,420761.53,766381.28,105823.95,3403040.56,1.5163509228235805,1.2359286086651235,0.68794359261311025952,0.28825687075250717531,4.1612924128070752,1.9435819857390480,0.12063305323100695480,0.05626609345145317549,0.22520486208956616139,0.28580660604544577463,0.41901236358286537588,,real_estate,1980222.3,0.25000000000000000000,1485166.725,0.34686296583974435597,2.8829829024238185,2.1622371768178639,0,0
F0000656,C000420,2022-01-20,0,term_loan,3946.45,3799.5,146.95,0.1273,60,0,senior_secured,KZT,bullet,services,Karaganda,micro,IE,private,13.8,8,0,0,0,79196.38,,7601.85,4332.69,116303.92,35936.73,7235.99,11058.0,8012.35,69382.86,21963.36,8071.22,38973.13,46921.06,2811.99,7007.52,1333.24,47044.35,1.6362127652599602,1.13273788709924164609,1.00262760474720733078,0.40449496457213136066,6.1885396318001539,2.7033702111316185,0.09598734184567526950,0.05470818236894161072,0.14895561316077276017,0.89651750293016421309,0.40343489712126641991,,real_estate,7017.46,0.25000000000000000000,5263.0950,0.54143522015088080303,1.8469430188182656,1.3852072641136992,0,0
F0000673,C000432,2022-01-24,0,overdraft,47410.49,43309.71,4100.78,0.122,24,1,senior_secured,KZT,annuity,services,Astana,micro,JSC,foreign_owned,8.3,5,0,0,0,235108.01,,34742.52,22268.05,377480.87,224128.85,33399.3,27451.26,79384.07,208018.7,75743.74,23413.13,41466.28,169462.18,8000.38,26361.28,4568.15,64879.41,2.9590412356189436,2.5966184136141152,0.38285480571535194460,0.17187469659058484209,1.8674353501127725,4.3426087260855109,0.14777259183981013663,0.09471412734938294956,0.40631195628936822946,1.4265200765553345,0.44892918679561165576,,equipment,123327.68,0.40000000000000000000,73996.608,0.35117590795513221363,2.8475757514885230,1.7085454508931138,0,0
F0000045,C000027,2022-01-26,0,term_loan,382957.66,315011.42,67946.23,0.1386,12,0,senior_secured,EUR,annuity,energy,Almaty,small,LLP,private,16.3,33,0,0,0,1727681.85,,111889.56,34959.86,1472404.9,400087.91,75188.56,74410.68,157405.67,993740.43,566859.8,125011.92,135253.71,478664.48,26220.39,57731.48,89079.81,260265.63,0.70579693603250750891,0.57452871062650764792,0.54373290869629599422,0.17676226831355967370,2.3260939626538884,4.2672729124166345,0.06476282655860510429,0.02023512604476339206,0.22181753311030734254,0.60145112562066081378,0.32509025200880545834,,none,0.0,1.00000000000000000000,0.00,,0.000000000000000000000000,0.000000000000000000000000,0,0
F0000570,C000363,2022-01-28,0,term_loan,80588.85,70127.51,10461.33,0.13,48,0,senior_secured,KZT,amortizing,trade,Shymkent,small,JSC,private,20.6,50,0,0,0,314215.71,,48661.22,26346.03,367366.79,134848.5,20833.67,46810.49,46708.37,188585.48,98663.15,67065.4,39332.18,178781.31,13710.63,39438.11,19282.61,106397.58,1.3667564840571176,0.89230893195686535449,0.59512697384307118009,0.28962220564357491324,2.1864963517149796,3.5491600313041779,0.15486564946100244319,0.08384695341935640328,0.37066735916362007482,0.31064706987507716349,0.48665615637167420604,,none,0.0,1.00000000000000000000,0.00,,0.000000000000000000000000,0.000000000000000000000000,0,0
F0000732,C000476,2022-01-28,0,term_loan,977550.33,884411.69,93138.64,0.1436,24,0,senior_unsecured,KZT,amortizing,construction,Shymkent,medium,LLP,private,7.2,177,0,0,0,2432086.86,,145956.53,69391.54,4174225.7,2313059.13,441346.26,678869.87,393649.35,2608438.17,1272068.24,916223.83,413182.5,1565787.53,208394.45,130566.21,28140.92,1329406.33,1.8183451620488536,1.2846710645020113,0.84903366806095332743,0.31847974344080148805,9.1082346915208247,0.70038587879859564398,0.06001287717166483108,0.02853168656977983097,0.09821392230018943869,0.48170135456965794046,0.37510849736754771070,,real_estate,1700613.52,0.25000000000000000000,1275460.1400,0.52005448598338792461,1.9228754427703234,1.4421565820777425,0,0
F0000243,C000145,2022-01-29,0,leasing,766020.99,731915.08,34105.91,0.1381,12,0,senior_secured,USD,annuity,real_estate,Shymkent,medium,IE,private,2.2,197,0,0,0,2195732.19,,288745.53,93081.16,2010944.48,565940.4,139126.04,49155.88,96378.42,1489029.21,519227.11,167326.82,682145.1,521915.27,79734.98,281991.59,120060.12,849471.92,1.0899669703301894,0.99529571943961092478,1.6276050325180177,0.42242435256094191124,2.9419396379919717,3.6213156383810468,0.13150307278593934536,0.04239185471885804070,0.33196104940113853322,0.83146288204126511219,0.25953738414498643941,,real_estate,1008011.48,0.25000000000000000000,756008.6100,0.72609796070973318677,1.3772246364974472,1.0329184773730854,0,0
F0000099,C000062,2022-02-01,0,credit_line,78344.1,49350.48,28993.61,0.0988,12,1,senior_secured,KZT,amortizing,trade,Atyrau,micro,IE,private,8.1,10,1,0,0,115412.26,,21909.32,16476.52,180564.69,95365.32,4881.87,25461.25,24510.8,71193.63,26202.84,12462.88,22396.0,109371.06,5461.43,15469.22,4160.67,34858.88,3.6395031988898913,2.6678050928830615,0.31872124124974193356,0.19305479936304268570,1.5910525748859390,4.0116453016883856,0.18983529132866820215,0.14276230272243174165,0.44376698276020342593,0.39171283042121885150,0.60571676555366389741,,real_estate,84223.66,0.25000000000000000000,63167.7450,0.58594556446490214270,1.7066431775334303,1.2799823831500727,0,0
F0000165,C000103,2022-02-01,0,overdraft,274405.36,153872.95,120532.41,0.1185,48,1,senior_secured,KZT,bullet,services,Other,medium,LLP,private,6.7,235,0,0,0,2113161.03,,315521.64,255599.97,3056627.51,1847621.5,371453.71,440736.92,283427.85,1002615.89,497145.96,236219.7,223833.2,2054011.62,37818.5,203216.57,94429.69,460052.9,3.7164568329188474,2.8299225845061680,0.22397774945401720756,0.15050996514783052515,1.4580708315283858,8.3430500945304547,0.14931263425769308267,0.12095621979173068510,0.44172435387321762345,1.5724925143838554,0.67198623753798512400,,none,0.0,1.00000000000000000000,0.00,,0.000000000000000000000000,0.000000000000000000000000,0,0
F0000250,C000150,2022-02-01,0,working_capital,193314.04,185806.02,7508.01,0.1227,18,0,senior_secured,KZT,bullet,real_estate,Kostanay,small,LLP,private,24.6,38,0,0,0,594374.57,,47214.79,43823.24,895088.84,456380.73,57503.38,26696.54,173708.47,697612.51,252755.47,182168.61,214028.11,197476.33,30929.22,50993.29,9519.06,396196.72,1.8056215756675810,1.6999995687531510,2.0062997929929121,0.44263396245673222783,8.3913688909767469,1.5265431847295211,0.07943608691064962621,0.07373000496976174469,0.12870699686761667285,0.31566020073381467861,0.22062204462296725764,,receivables,225794.45,0.45000000000000000000,124186.9475,0.82289896850874766851,1.2152160086094089,0.66836880473517488831,0,0
F0000014,C000010,2022-02-06,0,credit_line,16182.06,12144.07,4037.99,0.1097,36,1,senior_secured,KZT,amortizing,construction,Aktobe,small,IE,foreign_owned,23.7,37,0,0,0,287973.24,,27157.27,24362.28,315904.65,169279.42,12414.48,16542.24,45743.61,112813.72,38837.61,7964.87,38635.48,203090.93,3961.38,10139.62,15402.63,46600.35,4.3586466829447023,3.9327131612887611,0.22945559410260221862,0.14751397296620989909,1.7159438338242393,6.8555074241804624,0.09430483888016817118,0.08459911066736617611,0.21758677778171193993,1.5586544413154264,0.64288680144467642372,,none,0.0,1.00000000000000000000,0.00,,0.000000000000000000000000,0.000000000000000000000000,0,0
F0000112,C000070,2022-02-08,0,trade_finance,25903.48,20679.83,5223.65,0.1125,48,1,senior_unsecured,KZT,annuity,transport,Almaty,micro,IE,private,14.7,9,0,0,0,129042.45,,17114.31,12931.0,111068.22,28679.52,3335.61,6936.85,8103.12,58549.95,30446.42,8436.57,9397.89,52518.27,2118.54,14374.62,6319.11,17834.46,0.94196690448335140880,0.71412895177823862379,0.33958582413320164583,0.16057212405132629298,1.04207882175793239692,8.0783511286074372,0.13262542674910465510,0.10020733487313670811,0.80600253666216975451,0.39537513468151156216,0.47284695838287495739,,guarantee,25219.83,0.30000000000000000000,17653.881,0.81998292613391922150,1.21953758807495032599,0.85367631165246522820,0,0
F0000219,C000129,2022-02-10,0,working_capital,90331.95,89177.51,1154.44,0.1047,24,0,senior_secured,KZT,bullet,transport,Aktobe,small,LLP,private,12.2,21,1,0,0,504104.23,,74805.41,38889.98,628137.98,299457.77,40999.72,50454.91,58325.04,312911.16,131864.47,68392.65,108614.45,315226.82,10952.21,45255.8,18315.89,177007.10,2.2709511515876870,1.8883241255206956,0.56152296939708366185,0.28179652502464506286,2.3662339394971567,6.8301657838920181,0.14839274409579939450,0.07714670436310363831,0.25567223009698481021,0.59947552843763182155,0.50184327335213833114,,real_estate,119511.66,0.25000000000000000000,89633.7450,0.74618250637636528519,1.3401547094104780,1.00511603205785853406,0,0
F0000002,C000001,2022-02-13,0,working_capital,10932.79,8813.54,2119.25,0.1268,36,0,senior_secured,KZT,amortizing,trade,Kostanay,micro,LLP,private,23.9,13,0,0,0,42791.95,,3710.31,1139.67,68341.01,38765.19,7712.59,13547.53,10368.89,49226.33,29289.24,9266.57,6484.34,19114.68,1488.81,3682.68,1293.91,15750.91,1.3235300745256620,0.86098717481232015580,0.82402164200499302107,0.23047523002659749980,4.2451735838784360,2.4921312994942269,0.08670579396358427228,0.02663281294729499357,0.23380744350643867561,0.83230256718505336926,0.27969560297689483957,,none,0.0,1.00000000000000000000,0.00,,0.00000000000000000000,0.00000000000000000000,0,1
F0000030,C000018,2022-02-15,0,credit_line,11492.82,6789.08,4703.74,0.1149,24,1,senior_unsecured,KZT,bullet,trade,Karaganda,micro,IE,private,22.9,8,0,0,0,55200.4,,6476.83,3360.0,39778.82,17920.09,3963.43,2648.54,2595.85,22790.83,11867.08,7925.78,8206.83,16987.99,2045.72,4134.96,1805.26,16132.61,1.51006734596884827607,1.28688354675286591141,0.94964795717445089148,0.40555778175420990366,2.4908188110541731,3.1660393406722328,0.11733302657227121543,0.06086912413678161752,0.25631066516825237826,0.50006813209551615109,0.42706118482147032014,,equipment,13458.51,0.40000000000000000000,8075.106,0.50444514288728841454,1.9823761098705568,1.1894256659223341,0,0
F0000295,C000180,2022-02-17,1,working_capital,438850.32,353037.66,85812.66,0.1504,12,0,senior_secured,KZT,bullet,energy,Almaty,medium,LLP,private,14.0,239,1,0,0,4119823.48,,450828.85,353172.69,5370960.36,3319330.64,662776.4,810812.9,711449.84,3628870.79,1308913.74,755506.55,1897420.82,1742089.57,133331.16,228110.53,235302.65,2652927.37,2.5359430026305630,1.9164882018886898,1.5228421176989195,0.49393910812627930101,5.8845554582409710,3.3812714897252825,0.10942916661079857722,0.08572519956607461250,0.08598446100693665051,0.87726095822729796320,0.32435345882910221292,,receivables,396418.4,0.45000000000000000000,218030.120,0.89056829854517348337,1.1228785053696538,0.61758317795330957043,0,0
F0000593,C000379,2022-02-17,0,credit_line,161091.14,96044.45,65046.7,0.1205,48,1,senior_secured,KZT,annuity,transport,Aktobe,small,LLP,private,16.9,38,0,0,0,347541.9,,27902.07,-7154.91,398707.4,110290.64,6317.56,36959.16,17003.14,240914.22,115570.88,35007.37,52458.4,157793.18,5071.67,30290.92,18219.38,87465.77,0.95431167435949263344,0.63451519967659673440,0.55430640284960351265,0.21937332991562233357,3.1347412575482751,5.5015547147192148,0.08028404632650048814,-0.02058718675359719217,0.34631742223272029732,0.18046371378369754712,0.39576185443259894349,,none,0.0,1.00000000000000000000,0.00,,0.000000000000000000000000,0.000000000000000000000000,0,0
F0000107,C000068,2022-02-20,0,working_capital,201107.4,197498.01,3609.39,0.1435,24,0,senior_unsecured,KZT,bullet,construction,Atyrau,small,LLP,private,17.1,23,0,0,0,801300.72,,26390.56,585.82,1146849.27,590490.96,88741.7,111707.01,205703.53,622470.72,277617.1,74863.27,248693.7,524378.55,39169.76,16010.79,27999.55,323556.97,2.1269977966054685,1.7246198090823656,0.61702937696440863189,0.28212684828233792223,12.2603298300604459,0.67374832013267377691,0.03293465155004478219,0.00073108632674135124,0.04948368134365951072,1.1853837001776706,0.45723406180482636572,,real_estate,408948.8,0.25000000000000000000,306711.600,0.48294067619222748667,2.0706476991844120,1.5529857743883090,0,0
F0000469,C000296,2022-02-20,0,credit_line,384489.31,289252.43,95236.89,0.1431,24,1,senior_unsecured,KZT,amortizing,manufacturing,Aktobe,small,LLP,private,13.5,38,0,0,0,1397284.74,,147638.63,70573.76,1626109.03,925263.93,198457.25,163140.4,221046.66,850453.78,544495.09,202033.5,154688.3,775655.24,34703.4,60579.84,46107.09,356721.8,1.6993062875920516,1.3996885261169205,0.45989736367925523200,0.21937139110530614297,2.4161819978958082,4.2542987142470190,0.10566109095272879027,0.05050778698119897881,0.16982376742884791454,0.98229872768625005259,0.47700075806109999893,,none,0.0,1.00000000000000000000,0.00,,0.000000000000000000000000,0.000000000000000000000000,0,0
F0000728,C000472,2022-02-21,0,term_loan,6988.56,6836.24,152.32,0.1395,36,0,senior_unsecured,USD,annuity,agriculture,Atyrau,micro,LLP,private,6.7,6,1,0,0,105447.27,,9770.14,2294.15,89982.22,48627.88,8015.33,12631.63,5961.69,74108.25,30567.27,16240.98,15735.64,15873.97,3875.44,6311.74,7741.35,31976.62,1.5908479887147266,1.17760761755956616342,2.0144059740568994,0.35536598230183696290,3.2728927118751625,2.5210401915653448,0.09265427165634539424,0.02175637169174697458,0.19738609021216126032,0.49352502127334680543,0.17641229567352305822,,none,0.0,1.00000000000000000000,0.00,,0.00000000000000000000,0.00000000000000000000,0,0
F0000427,C000266,2022-02-23,0,term_loan,31840.8,25927.03,5913.77,0.0969,36,0,senior_secured,KZT,amortizing,real_estate,Almaty,micro,LLP,private,12.1,3,0,0,0,94255.49,,9136.76,3771.37,167512.55,97373.18,6363.14,7863.62,43044.2,96446.68,44892.74,14811.44,34046.47,71065.87,6957.52,7699.38,1250.13,48857.91,2.1690184203503729,1.9938537946224713,0.68750175013688005227,0.29166716165445514381,5.3473999535940530,1.3132208028147961,0.09693610419934159803,0.04001220512460335202,0.15758717472769506514,0.42960981511588339824,0.42424206425130534996,,real_estate,22640.98,0.25000000000000000000,16980.7350,1.14513726879313527948,0.87325775455190972510,0.65494331591393229383,0,0
F0000474,C000300,2022-02-25,0,term_loan,37473.94,30095.01,7378.93,0.136,36,0,senior_secured,KZT,annuity,agriculture,Almaty,micro,LLP,private,25.5,14,0,0,0,270996.87,,47380.63,34162.48,292939.31,167374.82,23811.01,23874.75,44758.94,199776.33,108463.16,32058.76,73338.97,93162.98,10271.65,19527.99,5501.79,105397.73,1.5431490286655856,1.3230305110048426,1.1313263057922793,0.35979374021192307717,2.2244898389911658,4.6127574440328477,0.17483829241275000704,0.12606226780405249699,0.18527903779331869861,0.74273022412594872665,0.31802826326040025151,,equipment,41013.78,0.40000000000000000000,24608.268,0.73377801314582562251,1.3628099807908354,0.81768598847450125453,0,0
F0000640,C000409,2022-02-25,0,overdraft,24288.98,15507.95,8781.03,0.106,24,1,senior_unsecured,KZT,annuity,manufacturing,Almaty,small,LLP,private,3.6,56,1,0,0,310772.36,,43211.48,30320.11,372589.72,146735.07,19703.04,9172.29,29855.07,137618.85,41336.1,30074.96,86302.7,234970.87,10433.1,37192.84,16929.03,116377.66,3.5498044082533185,3.3279090189930835,0.49528547942985443259,0.31234801647238147096,2.6932116187642728,4.1417680267609819,0.13904544149293070980,0.09756372799691710035,0.31958745346830310903,0.65513104589332787143,0.63064238594666540988,,none,0.0,1.00000000000000000000,0.00,,0.000000000000000000000000,0.000000000000000000000000,0,0
F0000109,C000069,2022-02-27,0,term_loan,7343.75,6508.99,834.76,0.1342,18,0,senior_secured,KZT,bullet,services,Shymkent,small,LLP,private,24.2,44,0,0,0,185444.02,,25970.1,16543.15,195392.22,105069.36,25521.14,16530.38,47246.62,92867.38,51024.73,17281.67,28697.96,102524.84,4883.53,27717.94,13598.1,45979.63,2.0591850265547706,1.7352170212365651,0.44847307247687487247,0.23531965602315179182,1.7704833635604022,5.3178950472301798,0.14004280105662075272,0.08920832281353693691,0.60283086227531626505,1.4767751033320275,0.52471301057943862862,,none,0.0,1.00000000000000000000,0.00,,0.00000000000000000000,0.00000000000000000000,0,0
F0000687,C000444,2022-02-27,0,working_capital,2177064.23,1786569.12,390495.11,0.1483,36,0,senior_unsecured,KZT,amortizing,agriculture,Karaganda,large,LLP,private,14.3,475,0,0,0,12534561.71,,824124.69,223213.26,20031784.63,11775934.35,2408603.34,1660764.74,3783962.83,16764434.76,6801496.25,4012917.78,8031367.67,3267349.87,1703171.33,431277.37,702712.74,12044285.45,1.7313740855183152,1.4871977044756880,3.6862552004569991,0.60125873318157774143,14.6146397458374897,0.48387656337545324932,0.06574818562204038964,0.01780782329404639390,0.03580763439976424670,0.60021248180170788348,0.16310827668877548231,,none,0.0,1.00000000000000000000,0.00,,0.000000000000000000000000,0.000000000000000000000000,0,0
F0000445,C000277,2022-02-28,0,term_loan,1620090.98,1589934.24,30156.74,0.119,24,0,senior_secured,KZT,amortizing,agriculture,Atyrau,large,LLP,private,14.8,606,0,0,0,4936333.79,,1024320.69,978902.53,7117402.17,2162832.59,305811.12,389153.73,625584.99,3985694.4,1985572.91,825701.94,1269218.56,3131707.77,195741.59,1051286.46,178394.65,2094920.50,1.0892738207231081,0.89328316833250912957,0.66893869219477013974,0.29433780050116235036,2.0451803038362917,5.2330252860416634,0.20750636678481177019,0.19830557892642020871,0.50182642253011510461,0.37036502542309637785,0.44000713957126297951,,guarantee,5060075.12,0.30000000000000000000,3542052.584,0.31421158822638190399,3.1825688086319847,2.2277981660423893,0,0
F0000662,C000426,2022-03-02,0,credit_line,845741.38,765992.6,79748.78,0.1368,12,1,subordinated,KZT,annuity,energy,Kostanay,medium,IE,private,21.2,184,0,0,0,4787828.49,,191979.65,-124160.56,7451960.68,2191916.33,122102.77,176049.22,982756.75,3191711.5,1692313.71,755026.09,526352.69,4260249.17,179775.55,94469.72,139320.75,1281378.78,1.2952186802292112,1.1911899656004087,0.30077554829967844346,0.17195189763132244546,6.6745552458294408,1.0678852046343343,0.04009743674005331799,-0.02593254128867093149,0.07372505419513814643,0.16171993473761946425,0.57169506831053220211,,equipment,1742533.65,0.40000000000000000000,1045520.190,0.43958554258048330946,2.2748700836013298,1.3649220501607979,0,0
F0000272,C000166,2022-03-03,0,working_capital,3051582.72,2951407.37,100175.35,0.0962,18,0,senior_secured,KZT,amortizing,services,Almaty,large,JSC,private,6.5,653,1,0,0,12733098.05,,1648781.48,1036729.1,11699622.58,4979141.16,1133461.09,923641.39,1757385.47,3185388.23,1271554.59,562664.98,1456504.56,8514234.35,268518.59,1110979.69,365862.9,2019169.54,3.9157903240316249,3.1894028002368345,0.23715221557179712818,0.17258416040289053495,1.2246435106731063,6.1402880150681560,0.12948784918843847276,0.08142002016547732466,0.55021614975431929307,2.0144511037456072,0.72773581299577272347,,equipment,6738087.5,0.40000000000000000000,4042852.50,0.43801855793650646419,2.2830082924133919,1.3698049754480352,0,0
F0000374,C000233,2022-03-05,0,term_loan,390806.4,343792.55,47013.85,0.1216,36,0,senior_secured,KZT,amortizing,energy,Other,medium,LLP,state_related,25.5,109,1,1,1,2014039.89,,345018.02,225731.74,2225302.26,828228.18,169689.73,174861.25,308829.55,599406.97,358328.24,156245.2,132695.63,1625895.29,29992.3,273894.04,146194.78,288940.83,2.3113673094813850,1.8233754894674224,0.17771183161493751544,0.12984340832871845463,0.83746590975161239404,11.5035532453329688,0.17130644815580092607,0.11207908101561980483,0.94792432069915491002,1.0860476353833590,0.73064020076086203229,,guarantee,563841.74,0.30000000000000000000,394689.218,0.60973235149281427799,1.6400638699122480,1.1480447089385736,0,0
F0000472,C000298,2022-03-05,0,term_loan,583067.99,509000.57,74067.42,0.1041,36,0,senior_secured,EUR,amortizing,agriculture,Atyrau,medium,JSC,private,15.5,120,0,0,0,1460315.05,,329355.0,282636.21,2471560.11,1267801.66,247273.32,96446.34,534277.79,1175284.41,464052.64,194630.89,338418.6,1296275.7,36208.43,123835.56,41631.5,533049.49,2.7320212206959969,2.5241863078292152,0.41121614020844485475,0.21567328580974710747,1.6184648479604075,9.0960861876640329,0.22553694834549572026,0.19354468064956257213,0.23231531466243406405,1.2704731504850027,0.52447670390666727503,,inventory,723403.38,0.55000000000000000000,325531.5210,0.70361928637933651900,1.4212231235811779,0.63955040561153006174,0,0
F0000598,C000382,2022-03-06,0,working_capital,115928.29,109448.17,6480.12,0.1364,48,0,senior_unsecured,KZT,annuity,real_estate,Shymkent,small,IE,private,3.5,26,0,0,0,311327.85,,30011.21,16716.25,410671.18,153687.39,36266.24,32749.17,58331.52,240133.65,87735.93,41680.83,126175.38,170537.53,15462.25,18186.76,23956.72,167856.21,1.7517041193955544,1.3784343540895959,0.98427724384186870773,0.40873627898602478021,5.5931170385999098,1.9409342107390580,0.09639744725696721318,0.05369339749078021770,0.10834725745326908072,0.87009399764831938328,0.41526539554102627801,,real_estate,252183.23,0.25000000000000000000,189137.4225,0.43400257027400275585,2.3041338196883511,1.7281003647662633,0,0
F0000328,C000205,2022-03-07,0,term_loan,1646357.49,1440623.32,205734.17,0.1148,36,0,senior_unsecured,KZT,annuity,construction,Atyrau,large,LLP,foreign_owned,15.0,581,0,0,0,14445546.45,,1779117.07,1409041.5,15022357.59,7646801.36,770087.39,710553.29,2222765.43,11773986.62,6853125.94,3150062.72,3575711.19,3248370.97,952813.84,1520552.51,677626.11,6725773.91,1.1158121749036470,1.0121290825132567,2.0705067161710290,0.44771760156189971244,3.7803998530574494,1.8672242103452234,0.12316024708085722849,0.09754158521292906853,0.22607844544688240940,0.24446731968562200565,0.21623576396306513431,,none,0.0,1.00000000000000000000,0.00,,0.000000000000000000000000,0.000000000000000000000000,0,1
F0000652,C000418,2022-03-07,0,term_loan,81538.34,80046.88,1491.46,0.1264,18,0,senior_unsecured,KZT,amortizing,real_estate,Karaganda,small,LLP,private,23.1,36,1,0,0,276740.13,,43374.3,41365.52,461988.17,300086.12,67724.16,82306.84,131054.64,186407.26,112045.2,44516.31,23746.98,275580.91,3656.29,21291.39,17867.51,68263.29,2.6782594881351455,1.9436734460735489,0.24770688942133183318,0.14775982250800924188,1.5738188282001093,11.8629266278112513,0.15673296099123751947,0.14947423779847180096,0.31190102322932281758,1.5213336415349790,0.59651075048090517123,,none,0.0,1.00000000000000000000,0.00,,0.000000000000000000000000,0.000000000000000000000000,0,0
F0000406,C000254,2022-03-08,0,trade_finance,28663.8,22627.51,6036.29,0.0906,48,1,senior_unsecured,KZT,bullet,energy,Kostanay,micro,LLP,private,18.1,12,0,0,0,105073.72,,13972.36,7960.77,154891.8,74874.02,16436.93,4492.52,33162.56,102943.86,26657.84,12655.28,41259.72,51947.94,4203.1,15137.23,2334.95,53915.00,2.8087054314978258,2.6401801496295274,1.03786598660120112559,0.34808169315612576005,3.8586895842935624,3.3242987318883681,0.13297673290714367018,0.07576366383525775998,0.28076101270518408606,1.29881993918743797055,0.33538211835616862868,,inventory,31045.43,0.55000000000000000000,13970.4435,0.72885155721792225136,1.3720214906545174,0.61740967079453284962,0,0
F0000020,C000012,2022-03-09,0,trade_finance,20247.84,14340.47,5907.37,0.1545,36,1,senior_secured,KZT,amortizing,services,Kostanay,micro,LLP,private,2.6,6,0,0,0,100760.87,,2987.29,-1054.08,89569.21,44324.21,8785.39,14663.08,6242.9,81893.11,40175.7,24976.66,13861.23,7676.1,4104.24,2440.53,3171.79,38837.89,1.10325918403413008361,0.73828533168059299527,5.0595862482250101,0.43360759796809640277,13.0010444248800753,0.72785460889226750872,0.02964732241791878137,-0.01046120383835510749,0.06283889263809130723,0.35174398818737173025,0.08570020881059462286,,equipment,13316.27,0.40000000000000000000,7989.762,1.07691342996199386164,0.92857974668891605366,0.55714784801334963219,0,0
F0000405,C000253,2022-03-10,0,working_capital,32264.37,28632.49,3631.88,0.1465,36,0,senior_secured,KZT,bullet,trade,Almaty,micro,LLP,foreign_owned,21.5,14,0,0,0,104357.26,,-1918.16,-9196.24,106659.92,61610.16,7336.71,4900.13,24920.82,92175.21,23154.76,10676.99,23572.7,14484.72,2379.71,-2088.81,7211.67,34249.69,2.6607989026878275,2.4491737336081220,2.3645393214366588,0.32111115403049242865,-17.8554917212328481,-0.80604779573981703653,-0.01838070489777136732,-0.08812266630994336187,-0.06098770529017926878,0.68715152866116761372,0.13580283952960024722,,equipment,34517.03,0.40000000000000000000,20710.218,0.82951777716680722530,1.2055196736295027,0.72331180417770162497,0,0
F0000643,C000412,2022-03-10,0,leasing,61401.4,60983.96,417.45,0.1132,12,0,senior_secured,KZT,amortizing,construction,Aktobe,small,LLP,private,20.5,43,0,0,0,310814.9,,20603.64,3170.75,346018.44,86790.33,20342.87,5200.3,32901.47,209553.78,54122.23,21381.99,127210.45,136464.66,8033.38,11270.4,9179.44,148592.44,1.6035985583003509,1.5075141951837535,1.0888712139831660,0.42943503242197149955,7.2119508979966647,2.5647535657469210,0.06628910003992730078,0.01020140926319812853,0.07584773491841173077,0.95140209119918211542,0.39438551309577605170,,equipment,112528.88,0.40000000000000000000,67517.328,0.54194052229081103447,1.8452209400635839,1.10713256403815035954,0,1
F0000255,C000153,2022-03-11,1,working_capital,6557.62,6247.82,309.8,0.1349,36,0,senior_unsecured,USD,amortizing,construction,Karaganda,micro,IE,state_related,4.0,8,0,1,0,56869.99,,3402.51,-594.58,98796.52,49743.6,4785.71,12079.66,21546.59,72241.75,41639.79,13295.32,11991.83,26554.77,3764.63,1195.6,3518.89,25287.15,1.19461697573402747708,0.90451801029736221052,0.95226394354008714818,0.25595182907252198762,7.4319105601453045,0.90380993616902590693,0.05982962191482713466,-0.01045507481186474624,0.04728093122396157732,0.35995448022311610401,0.26878244294434662274,,none,0.0,1.00000000000000000000,0.00,,0.00000000000000000000,0.00000000000000000000,0,0
F0000401,C000250,2022-03-11,0,term_loan,194005.1,175701.47,18303.63,0.1255,36,0,senior_unsecured,KZT,amortizing,construction,Other,small,LLP,private,25.0,58,0,0,0,481834.21,,34562.99,13985.86,801718.15,242202.79,56360.78,60935.38,68993.16,403971.14,159079.55,104081.77,81916.9,397747.01,25024.33,33556.01,28629.47,185998.67,1.5225262455167870,1.1394765071940422,0.46763059262217961111,0.23200007384141172306,5.3814403788561117,1.3811754400617319,0.07173212130371564941,0.02902629101408137874,0.18040994594208657514,0.54150481875932740191,0.49611825552408910787,,none,0.0,1.00000000000000000000,0.00,,0.000000000000000000000000,0.000000000000000000000000,0,0
F0000125,C000077,2022-03-16,0,credit_line,148718.88,80958.29,67760.59,0.0983,12,1,senior_secured,KZT,annuity,energy,Atyrau,small,LLP,private,18.1,29,0,0,0,181183.66,,22311.6,12475.71,253182.57,151272.11,27030.42,9206.64,66507.01,116309.35,39897.0,29373.45,58273.57,136873.22,13412.05,21306.79,10077.69,87647.02,3.7915660325337745,3.5608058249993734,0.64035185261222027216,0.34618109769562730957,3.9283162121945535,1.6635488236324797,0.12314355499828185389,0.06885670595240210955,0.24309771170771122623,0.92023306761718490678,0.54061075373395569845,,real_estate,146330.09,0.25000000000000000000,109747.5675,0.55325797995477211830,1.8074750590705411,1.3556062943029059,0,0
F0000436,C000272,2022-03-16,0,credit_line,280532.54,187628.13,92904.41,0.1014,24,1,senior_secured,USD,amortizing,energy,Almaty,medium,LLP,private,25.5,277,0,0,0,1521356.86,,129906.47,-7801.05,1321260.75,791713.43,61497.87,57094.84,252526.36,968340.31,288419.16,90498.05,525754.66,352920.44,93827.17,91891.49,99558.12,616252.71,2.7450098322178041,2.5470519711658546,1.7461519372468197,0.46641263656700617195,4.7438184564633309,1.3845293426200534,0.08538855899989171508,-0.00512769239427493691,0.14911332398035215131,0.67954911735667232609,0.26710885039156729661,,inventory,328232.93,0.55000000000000000000,147704.8185,0.57163103653250147692,1.7493801702335359,0.78722107660509114492,0,0
F0000700,C000454,2022-03-16,0,term_loan,115674.91,107888.63,7786.28,0.1066,18,0,senior_secured,USD,amortizing,agriculture,Astana,medium,LLP,private,25.4,405,0,0,0,1919349.69,,171324.05,74497.39,2300012.29,814208.75,52161.16,245933.82,315188.15,1738733.28,832047.97,228797.7,515032.55,561279.01,76782.01,119252.02,51719.59,743830.25,0.97855986596542023893,0.68298337414368068226,1.3252415229281423,0.32340272842629027865,4.3416569360810698,2.2313045725164007,0.08926150919377281375,0.03881387033750999277,0.16032155185944642612,0.22797938965295542744,0.24403304818862511382,,equipment,181775.84,0.40000000000000000000,109065.504,0.59352568526158371762,1.6848470501479164,1.01090823008874985251,0,0
F0000740,C000483,2022-03-16,0,term_loan,21590.25,18381.75,3208.49,0.1287,60,0,senior_secured,KZT,annuity,transport,Shymkent,micro,LLP,private,20.0,12,0,0,0,131436.13,,7742.92,-2794.42,104528.54,32466.85,2701.1,9297.98,7768.79,84385.36,35236.89,22449.57,41151.2,20143.17,6309.36,8438.05,9897.64,63600.77,0.92138806801621823038,0.65751744833326664186,3.1574359944338453,0.60845363381139734660,8.2140549043513300,1.2272116347775369,0.05891013376611134244,-0.02126066858480997577,0.13267213588766299528,0.12031856289452314677,0.19270497798974327968,,inventory,21846.59,0.55000000000000000000,9830.9655,0.84140133540291642769,1.1884934785860976,0.53482206536374393080,0,0
F0000382,C000240,2022-03-18,0,credit_line,704988.72,395368.7,309620.01,0.1378,24,1,subordinated,KZT,amortizing,energy,Almaty,medium,LLP,private,10.9,154,1,0,0,2659194.51,,283827.79,148487.37,3660949.13,991902.93,129052.13,120330.35,431180.34,2534126.42,1129463.92,459151.04,537038.83,1126822.71,88445.75,265165.86,142223.55,996189.87,0.87820683107787984941,0.77166925349859781267,0.88406974864750462830,0.27211245898956263290,3.5098390823534228,3.2090608084616841,0.10673449758287895984,0.05583922854894883188,0.26618004055793098960,0.28106683587169921253,0.30779523833481947344,,none,0.0,1.00000000000000000000,0.00,,0.000000000000000000000000,0.000000000000000000000000,0,0
F0000104,C000067,2022-03-19,0,trade_finance,691659.22,288764.06,402895.16,0.1294,24,1,subordinated,KZT,annuity,construction,Other,medium,LLP,private,4.3,204,0,0,0,1178630.18,,171944.39,100173.41,1434142.47,662653.9,98941.69,44950.73,78181.95,493858.78,246705.11,55742.03,130265.7,940283.69,21839.85,144864.95,80122.46,186007.73,2.6860161104891585,2.5038118180851625,0.19782086191455687166,0.12969961763980115588,1.0817900485151042,7.8729657026032688,0.14588493737704900786,0.08499138381133257592,0.77881145047036486064,1.7749925863840983,0.65564175782340509029,,none,0.0,1.00000000000000000000,0.00,,0.000000000000000000000000,0.000000000000000000000000,0,0
F0000722,C000467,2022-03-19,0,working_capital,67270.64,65169.83,2100.81,0.0976,12,0,senior_secured,KZT,bullet,transport,Atyrau,small,LLP,private,22.0,28,0,0,0,248128.58,,25948.32,14968.62,219278.26,76049.18,16427.79,12819.64,21654.14,81935.91,26045.35,9542.71,27687.58,137342.35,5615.62,11759.56,8930.71,37230.29,2.9198755248057715,2.4276709662185380,0.27107654703738504547,0.16978559570839352702,1.4347861441511435,4.6207400073366788,0.10457610324453555491,0.06032606159274356868,0.31586001613202583165,1.7215015441106352,0.62633819695577664653,,none,0.0,1.00000000000000000000,0.00,,0.000000000000000000000000,0.000000000000000000000000,0,0
F0000614,C000392,2022-03-20,0,overdraft,224720.92,193782.7,30938.22,0.1398,24,1,senior_unsecured,KZT,bullet,services,Aktobe,medium,LLP,private,21.7,202,0,0,0,3861631.9,,216988.48,-53572.89,6636265.46,4086401.48,606853.92,471354.41,1814268.29,4768966.35,2186878.21,1190797.17,1455783.06,1867299.11,192317.34,186846.2,219492.8,2646580.23,1.8686003917886218,1.6530628241981523,1.4173306332267250,0.39880566049568487274,12.1968697600904896,1.1282834922737596,0.05619087619407743136,-0.01387312187886162842,0.07059910668190852465,0.50961988765895370746,0.28137800111450032320,,none,0.0,1.00000000000000000000,0.00,,0.000000000000000000000000,0.000000000000000000000000,0,0
F0000012,C000008,2022-03-21,0,overdraft,1201715.06,642850.01,558865.06,0.1349,48,1,senior_secured,KZT,amortizing,construction,Aktobe,large,JSC,foreign_owned,9.3,838,0,0,0,8397121.2,,126711.11,-41160.72,9652162.03,4709107.12,619773.92,1053450.02,1323856.38,6182695.93,2801277.74,2009457.51,1882830.82,3469466.09,201429.01,66812.25,378227.16,3892288.33,1.6810568451523839,1.3049963050075856,1.1218695410278531,0.40325559371074917606,30.7178141679920569,0.62906087856957644780,0.01508982745181765389,-0.00490176561938870193,0.01716528795799667801,0.30842847729584488701,0.35944963203233752594,,receivables,1225320.76,0.45000000000000000000,673926.4180,0.52463814454592281616,1.9060756645239844,1.0483416154881914,0,0
F0000488,C000308,2022-03-22,0,term_loan,17805.96,17010.13,795.83,0.1126,48,0,senior_unsecured,USD,annuity,trade,Astana,micro,LLP,private,12.7,6,0,0,0,40502.3,,7762.15,6802.77,43071.15,26197.72,5506.69,6995.71,8005.81,20345.83,9851.29,2245.29,4422.15,22725.32,713.48,2728.27,1063.42,6667.44,2.6593187288162261,1.9491873653095178,0.29339256828946743104,0.15480060318798081779,0.85896819824404320968,10.8792818299041319,0.19164714102655898554,0.16796009115531710545,0.40919303360810146023,2.4525517861835220,0.52762278230323546040,,none,0.0,1.00000000000000000000,0.00,,0.000000000000000000000000,0.000000000000000000000000,0,0
F0000170,C000105,2022-03-23,0,credit_line,25300.81,16145.78,9155.03,0.1432,36,1,senior_secured,KZT,annuity,real_estate,Shymkent,micro,IE,state_related,6.9,6,0,1,0,56006.85,,5120.76,1722.85,94822.96,49610.33,4547.07,16913.61,18250.21,42004.56,14246.46,6869.63,22027.32,52818.4,4179.33,3948.48,2609.67,28896.95,3.4822917412465974,2.2950768120641900,0.54710006361419505324,0.30474633991598659228,5.6430978995305384,1.2252585940808694,0.09143095889163557672,0.03076141579110412387,0.13664002602350767122,0.66190901111122433086,0.55702121089660141383,,equipment,15456.94,0.40000000000000000000,9274.164,1.04456509503174625767,0.95733622036222468038,0.57440173221733480823,0,0
F0000211,C000124,2022-03-24,0,working_capital,138410.88,123640.62,14770.26,0.1022,24,0,senior_secured,KZT,annuity,agriculture,Astana,small,JSC,foreign_owned,14.7,31,0,0,0,491794.66,,56030.41,30503.78,514950.81,129558.23,23909.85,10780.17,22892.92,292494.37,111892.82,32237.3,91776.52,222456.44,9519.19,22183.07,34887.62,124013.82,1.1578779585678509,1.06153424321596327629,0.55747462289695906309,0.24082653642199339389,2.2133305824462109,5.8860480776200496,0.11393049692731515222,0.06202543964182124304,0.17887578981116781984,0.74168277119982132499,0.43199551428999597068,,none,0.0,1.00000000000000000000,0.00,,0.000000000000000000000000,0.000000000000000000000000,0,1
F0000435,C000272,2022-03-25,0,leasing,237020.72,229442.24,7578.47,0.1404,36,0,senior_secured,KZT,bullet,energy,Almaty,medium,LLP,private,25.5,277,0,0,0,1521356.86,,129906.47,-7801.05,1321260.75,791713.43,61497.87,57094.84,252526.36,968340.31,288419.16,90498.05,525754.66,352920.44,93827.17,91891.49,99558.12,616252.71,2.7450098322178041,2.5470519711658546,1.7461519372468197,0.46641263656700617195,4.7438184564633309,1.3845293426200534,0.08538855899989171508,-0.00512769239427493691,0.14911332398035215131,0.67954911735667232609,0.26710885039156729661,,guarantee,433153.16,0.30000000000000000000,303207.212,0.52970233438906459784,1.8878527336553200,1.3214969135587240,0,0
F0000098,C000061,2022-03-27,0,credit_line,11993.69,6462.52,5531.17,0.1592,36,1,senior_secured,KZT,bullet,transport,Kostanay,micro,LLP,private,3.9,8,0,0,1,42984.57,,1815.83,-921.86,34360.36,14173.15,1767.95,3465.42,4142.94,23074.25,12912.34,2743.38,4903.87,11286.11,1122.33,1575.8,947.37,7647.25,1.09764380429883351894,0.82926332485049185508,0.67758067217136816848,0.22256024092879120009,4.2114349911610668,1.6179109531064838,0.04224376328529051239,-0.02144630038174163427,0.20606100232109581876,0.64444225736135715796,0.32846308944376601409,,none,0.0,1.00000000000000000000,0.00,,0.00000000000000000000,0.00000000000000000000,0,0
F0000292,C000179,2022-03-29,0,credit_line,90624.87,75228.59,15396.28,0.1189,24,1,senior_secured,KZT,annuity,transport,Shymkent,small,JSC,private,4.4,42,0,0,0,372016.16,,49688.25,37994.91,576762.74,145499.73,25027.14,35764.33,52932.39,486465.78,268302.44,161700.3,98669.28,90296.96,41454.06,34846.7,14591.03,260369.58,0.54229745357515198147,0.40899888946220541267,2.8834811271608701,0.45143273298132954982,5.2400633952695054,1.19863410242567314275,0.13356476234795821773,0.10213241811861076142,0.13383552717640824247,0.15477485199470872967,0.15655824091549325811,,none,0.0,1.00000000000000000000,0.00,,0.000000000000000000000000,0.000000000000000000000000,0,0
F0000646,C000413,2022-03-30,0,credit_line,149252.55,67926.47,81326.08,0.1095,60,1,senior_secured,KZT,annuity,agriculture,Shymkent,medium,JSC,private,19.3,98,0,0,0,980878.52,,101785.42,50419.4,1239184.9,447322.35,95661.04,104573.65,168580.72,772740.11,475522.21,338227.52,220657.02,466444.79,85890.69,70244.53,23160.95,558884.54,0.94069707070044110032,0.72078378841652843092,1.1981794029685700,0.45100980491289072357,5.4908113558896746,1.1850576587520720,0.10376964927318420634,0.05140228781847521750,0.12568701578325999141,0.28283044502115026004,0.37641258378793995957,,inventory,112469.76,0.55000000000000000000,50611.3920,0.60395318706112647524,1.6557574683330372,0.74509086074986673089,0,0
F0000041,C000023,2022-03-31,0,credit_line,140712.86,64161.66,76551.2,0.1452,18,1,senior_secured,KZT,annuity,construction,Kostanay,small,LLP,private,21.6,34,0,0,0,581620.77,,52880.37,14830.32,436296.26,184156.55,32158.06,39375.56,23268.05,292051.12,109094.27,22684.97,71967.42,144245.14,9913.09,30818.75,34086.94,94652.39,1.6880497023354205,1.3271181887004698,0.65619118952638542969,0.21694522432990830588,1.7899343366924248,5.3343982552362583,0.09091898489113447582,0.02549826410085045622,0.32559927963784115752,1.4175932346394992,0.33061282716473434817,,equipment,120738.26,0.40000000000000000000,72442.956,0.53141116991415977007,1.8817820486564718,1.1290692291938831,0,0
F0000196,C000117,2022-03-31,0,credit_line,218664.48,192013.6,26650.88,0.1389,36,1,senior_secured,KZT,bullet,construction,Other,medium,LLP,foreign_owned,25.1,104,0,0,0,1027571.28,,147795.5,93092.48,1463564.21,898086.08,189594.87,156688.46,228577.83,672996.54,177502.24,37727.46,209830.54,790567.67,34915.18,68711.59,30795.85,247558.00,5.0595760368995907,4.1768352895152196,0.31313954439852062253,0.16914734475503469711,1.6750036367819047,4.2329869128556691,0.14382992486905628581,0.09059466901410479281,0.27755754207094903013,5.0253812475051329,0.54016603070664046916,,receivables,238356.65,0.45000000000000000000,131096.1575,0.80557265761202802607,1.2413529562489324,0.68274412593691280201,0,0
F0000334,C000209,2022-04-02,0,trade_finance,841977.31,343079.77,498897.54,0.1049,12,1,senior_unsecured,KZT,amortizing,agriculture,Shymkent,small,IE,state_related,19.7,49,0,1,0,963721.55,,201900.27,179417.59,1399519.58,719845.01,116908.2,150108.27,249792.67,597128.33,165707.47,82124.62,316694.55,802391.25,33065.14,91978.37,71150.49,398819.17,4.3440709703672381,3.4382079456043834,0.49703828400421864022,0.28496862473335314108,1.9753275713796718,6.1061368559153235,0.20950062806004493725,0.18617160734861641311,0.23062675247029875720,1.4235463129083581,0.57333335057734597754,,none,0.0,1.00000000000000000000,0.00,,0.000000000000000000000000,0.000000000000000000000000,0,0
F0000455,C000284,2022-04-04,0,term_loan,588084.77,579771.87,8312.9,0.1114,48,0,senior_unsecured,KZT,bullet,trade,Kostanay,medium,LLP,private,14.2,137,1,0,0,1722270.11,,267052.7,205236.58,1289618.61,663602.34,44546.84,53984.35,220014.27,664488.06,200350.36,88453.56,265206.26,625130.55,53228.84,148775.24,65559.0,353659.82,3.3122093716227912,3.0427596436562430,0.56573754074248970875,0.27423597741040663177,1.3243072247537658,5.0170678151167675,0.15505854653658246441,0.11916631358132319907,0.42067328994286091080,0.50361839591306443743,0.48474063971517904817,,inventory,667625.14,0.55000000000000000000,300431.3130,0.86840928428788646275,1.1515307563990643,0.51818884037957895405,0,0
F0000535,C000337,2022-04-04,0,working_capital,660514.64,555926.7,104587.94,0.135,24,0,senior_secured,KZT,annuity,real_estate,Atyrau,medium,LLP,private,2.9,132,0,0,0,4037702.58,,286459.9,208368.37,3262931.96,1141635.58,202523.33,83483.41,117250.49,2496830.56,970425.22,277745.86,1058645.02,766101.4,161111.88,126449.03,105327.89,1336390.88,1.1764281847497739,1.0904005256582264,1.7444046962973831,0.40956749830603271298,4.6651935576323248,1.7780184800773227,0.07094626073226027460,0.05160567572067182819,0.09461979417279471407,0.72916777229370763618,0.23478926603176855701,,none,0.0,1.00000000000000000000,0.00,,0.000000000000000000000000,0.000000000000000000000000,0,0
F0000232,C000140,2022-04-07,0,credit_line,102279.03,95999.63,6279.41,0.123,18,1,senior_secured,EUR,amortizing,energy,Aktobe,small,LLP,private,15.5,69,1,0,0,543208.69,,101542.74,50244.25,620973.23,162908.84,14132.24,46074.58,30460.11,180537.1,78851.95,36280.3,77515.58,440436.13,10487.69,53701.94,9425.9,113795.88,2.0660090207027220,1.4816914483408464,0.25837090158793285192,0.18325408327183443963,1.1206697790506736,9.6820882386874517,0.18693136149938985696,0.09249529863007162128,0.47191462467709727277,0.38952930378194226619,0.70926749934131621101,,equipment,87523.73,0.40000000000000000000,52514.238,1.0968411652474135,0.91170903471190461880,0.54702542082714277128,0,0
F0000742,C000484,2022-04-10,0,trade_finance,203220.44,153523.43,49697.01,0.1366,36,1,senior_secured,USD,annuity,services,Almaty,small,LLP,foreign_owned,6.9,45,0,0,0,892886.81,,93057.95,30501.99,1379813.04,509144.85,53310.29,44157.98,91279.44,859042.28,445658.26,297812.72,136005.96,520770.76,33879.0,56733.28,33463.81,433818.68,1.1424557686869755,1.0433709228232413,0.83303194672450503942,0.31440395722017527824,4.6618121288938774,2.7467738126863249,0.10422144101333516171,0.03416109372250666353,0.13077648016447793350,0.17900608812142073717,0.37742124831636610711,,equipment,231597.74,0.40000000000000000000,138958.644,0.66288829070611828941,1.5085498024633764,0.90512988147802586224,0,0
F0000731,C000475,2022-04-11,0,overdraft,36904.79,29268.47,7636.31,0.1127,24,1,senior_secured,KZT,amortizing,construction,Other,micro,LLP,state_related,10.8,10,0,1,0,111245.11,,17756.91,11865.67,81321.14,42574.04,6520.78,11098.81,14811.05,42807.29,17824.38,11674.98,14026.92,38513.85,3286.25,13554.86,8287.73,25701.90,2.3885285210481374,1.7658527253121848,0.66734174848788163219,0.31605434945943945203,1.4474308874685967,5.4033959680486877,0.15961969024975569713,0.10666239621678651763,0.52738746940887638657,0.55852601032292988939,0.47360194409473354653,,none,0.0,1.00000000000000000000,0.00,,0.000000000000000000000000,0.000000000000000000000000,0,0
F0000315,C000194,2022-04-12,0,working_capital,119866.6,111997.88,7868.73,0.1043,36,0,senior_unsecured,KZT,bullet,energy,Atyrau,small,LLP,private,17.3,48,0,0,0,572351.86,,34242.33,14402.51,579101.48,220893.47,35353.93,39070.99,34499.52,495963.13,260700.06,52155.61,146362.24,83138.35,22529.35,20512.8,19294.66,198517.85,0.84730885754303240283,0.69743934849880740342,2.3878011771943995,0.34280321645871117442,5.7974398938389999,1.5198987099050794,0.05982741106144042233,0.02516373407085634351,0.10332975095186654500,0.67785478877535896905,0.14356438874927413413,,equipment,174711.49,0.40000000000000000000,104826.894,0.64104473037234128105,1.5599535455492550,0.93597212732955302368,0,0
F0000084,C000050,2022-04-15,0,leasing,145211.66,123015.08,22196.57,0.1484,48,0,senior_unsecured,USD,annuity,services,Almaty,medium,LLP,private,7.3,129,0,0,0,2251427.06,,101040.93,-104711.19,2782356.5,1126315.59,217605.41,381409.69,345900.64,1655613.41,655512.88,334670.14,491646.74,1126743.09,41415.11,100997.7,90194.61,826316.88,1.7182203803531671,1.1363711114265215,0.73336760378978672059,0.29698454529460908406,8.1780411166049244,2.4397117380588872,0.04487861578780171542,-0.04650880850654784259,0.12222635461591925848,0.65020862034479681994,0.40496000063255733045,,none,0.0,1.00000000000000000000,0.00,,0.000000000000000000000000,0.000000000000000000000000,0,0
F0000305,C000186,2022-04-15,0,overdraft,1513.0,1247.95,265.05,0.1501,18,1,senior_secured,KZT,annuity,real_estate,Shymkent,micro,IE,private,15.3,4,0,0,0,38028.31,,46.07,-2908.48,33528.72,21754.21,1845.14,1740.95,6454.53,31852.28,8737.09,4102.56,7884.62,1676.44,1164.63,28.01,745.32,11987.18,2.4898690525106185,2.2906093447589529,7.1503781823387655,0.35751976216211057267,260.1949207727371391,0.03955762774443385453,0.00121146587897279685,-0.07648196830203603578,0.00233666300164008549,0.44975332475332475332,0.05000011930070697599,,none,0.0,1.00000000000000000000,0.00,,0.00000000000000000000,0.00000000000000000000,0,0
F0000169,C000105,2022-04-16,0,working_capital,6677.01,5378.6,1298.41,0.1231,36,0,senior_secured,KZT,amortizing,real_estate,Shymkent,micro,IE,state_related,6.9,6,0,1,0,56006.85,,5120.76,1722.85,94822.96,49610.33,4547.07,16913.61,18250.21,42004.56,14246.46,6869.63,22027.32,52818.4,4179.33,3948.48,2609.67,28896.95,3.4822917412465974,2.2950768120641900,0.54710006361419505324,0.30474633991598659228,5.6430978995305384,1.2252585940808694,0.09143095889163557672,0.03076141579110412387,0.13664002602350767122,0.66190901111122433086,0.55702121089660141383,,none,0.0,1.00000000000000000000,0.00,,0.00000000000000000000,0.00000000000000000000,0,0
F0000653,C000418,2022-04-16,0,working_capital,102843.96,94398.11,8445.85,0.0984,36,0,senior_secured,KZT,amortizing,real_estate,Karaganda,small,LLP,private,23.1,36,1,0,0,276740.13,,43374.3,41365.52,461988.17,300086.12,67724.16,82306.84,131054.64,186407.26,112045.2,44516.31,23746.98,275580.91,3656.29,21291.39,17867.51,68263.29,2.6782594881351455,1.9436734460735489,0.24770688942133183318,0.14775982250800924188,1.5738188282001093,11.8629266278112513,0.15673296099123751947,0.14947423779847180096,0.31190102322932281758,1.5213336415349790,0.59651075048090517123,,receivables,60759.62,0.45000000000000000000,33417.7910,1.5536323301561136,0.64365292906817731838,0.35400911098749752511,0,0
F0000431,C000268,2022-04-19,0,working_capital,878049.24,876449.95,1599.3,0.1106,36,0,senior_unsecured,USD,amortizing,agriculture,Shymkent,medium,IE,private,17.7,98,1,0,0,1096379.74,,173139.81,112406.11,1093136.57,469479.62,70225.99,35818.51,183336.42,563370.01,231627.35,155532.84,234148.26,529766.56,44849.1,166956.58,47267.2,389681.10,2.0268747192419203,1.8722362018129552,0.73557134297038303059,0.35647979465182470293,2.2506730254584431,3.8604968661578493,0.15791956352641102252,0.10252479674606172493,0.42844413034145099673,0.45151872749189174453,0.48462980247747086167,,real_estate,1211333.9,0.25000000000000000000,908500.425,0.72354117225646867474,1.3820913561578730,1.0365685171184048,0,0
F0000451,C000282,2022-04-20,0,term_loan,510164.34,454064.41,56099.93,0.1245,48,0,senior_secured,KZT,annuity,services,Atyrau,medium,LLP,private,14.3,138,0,0,0,2096058.58,,125766.41,-59801.28,1641908.33,772516.22,140742.11,228033.54,151001.72,1468463.66,905023.93,568855.36,171600.14,173444.68,44126.56,138129.62,128648.55,740455.50,0.85358651234780057142,0.60162241234880938452,4.2691162392527692,0.45097249735008043963,5.8875458081374828,2.8501294911726634,0.06000138125910584045,-0.02853034765850866630,0.18654682151729577267,0.24741282212757914420,0.10563603145858940858,,none,0.0,1.00000000000000000000,0.00,,0.000000000000000000000000,0.000000000000000000000000,0,0
F0000103,C000066,2022-04-22,0,term_loan,1485351.3,1188657.76,296693.54,0.1156,60,0,senior_unsecured,KZT,amortizing,construction,Karaganda,medium,LLP,private,18.2,146,0,0,0,9396336.49,,1326796.41,713349.78,13027886.78,7575016.18,687455.73,1157937.91,2626434.44,8401832.64,4874396.71,1536079.22,2199568.57,4626054.13,556616.08,854407.59,376716.2,3735647.79,1.5540417882811184,1.3164866652800609,0.80752357949603153476,0.28674242055394957923,2.8155395672196611,2.3836832202188625,0.14120358625002796170,0.07591786232423441021,0.22871738398014230351,0.44753924214924279752,0.35508860401686726970,,real_estate,1791724.86,0.25000000000000000000,1343793.6450,0.66341534157203132182,1.5073513338271564,1.1305135003703673,0,0
F0000612,C000391,2022-04-23,0,working_capital,165494.3,159370.12,6124.18,0.1467,24,0,senior_unsecured,KZT,bullet,trade,Shymkent,small,JSC,state_related,8.1,23,0,1,0,549699.36,,6904.96,-22000.82,943716.69,283453.26,40468.05,85561.17,28729.46,546118.23,211215.42,59379.68,137174.77,397598.46,22609.1,3300.39,30079.17,196554.45,1.3420102566375125,0.93692065664523925384,0.49435415318258526454,0.20827696710545619364,28.4656898808972101,0.30540623023472849428,0.01256133898354911674,-0.04002336840996140145,0.01679122502695817876,0.68151344028799077395,0.42131125179104334798,,inventory,357845.2,0.55000000000000000000,161030.340,0.44536050783970275415,2.2453719680953996,1.0104173856429298,1,0
F0000086,C000052,2022-04-27,0,working_capital,63321.62,53028.52,10293.1,0.1481,36,0,subordinated,KZT,annuity,agriculture,Shymkent,small,LLP,private,21.3,57,0,0,0,588902.4,,39741.1,10209.22,782553.62,364513.58,44580.73,46074.3,132815.15,542152.51,142898.29,59946.11,342225.62,240401.11,36649.27,26226.14,31610.68,402171.73,2.5508603356975090,2.2284331044129359,1.6729196050717070,0.51392226643843267890,10.1197936141677004,1.08436266261237945531,0.06748333849547904712,0.01733601357372630847,0.06521129667667093358,0.74368011535694309439,0.30720081519781353768,,none,0.0,1.00000000000000000000,0.00,,0.000000000000000000000000,0.000000000000000000000000,0,0
F0000285,C000175,2022-04-30,0,term_loan,12465.66,10683.25,1782.41,0.1244,48,0,senior_secured,KZT,amortizing,transport,Almaty,micro,LLP,private,9.3,6,0,0,0,154805.25,,6770.51,-2873.53,263438.78,101813.26,5158.79,33961.05,15234.29,133561.22,62489.4,20646.38,28887.2,129877.56,3093.14,2724.9,7054.3,49533.58,1.6292884873274507,1.08581951498974226029,0.38138674610148204201,0.18802691084433354877,7.3160781093300209,2.1888792618504174,0.04373566141975159111,-0.01856222576430708907,0.05501116616242960836,0.24986414083243648523,0.49300850846636930220,,equipment,20697.26,0.40000000000000000000,12418.356,0.51616735741832493770,1.9373561416235696,1.16241368497414176398,0,0
F0000617,C000395,2022-05-02,0,overdraft,11969.41,8562.97,3406.44,0.1337,60,1,senior_secured,USD,amortizing,services,Astana,small,LLP,private,8.7,38,0,0,0,264187.98,,22479.56,11296.81,406757.73,199514.03,43814.47,23658.86,37444.11,214794.31,123303.57,81341.35,81038.1,191963.43,21734.71,11791.82,6907.34,162379.45,1.6180718044092316,1.4261969057343595,0.84588741720232858936,0.39920433718616730406,7.2234265261419708,1.03427006847572385369,0.08508926106327774640,0.04276049955035804430,0.07261891821902340475,0.53864940771206772447,0.47193554256485795611,,guarantee,11807.12,0.30000000000000000000,8264.984,0.72523782260195543028,1.3788580364055929,0.96520062548391504350,0,0
F0000016,C000011,2022-05-03,0,term_loan,679707.22,609371.28,70335.93,0.1209,12,0,senior_secured,KZT,bullet,energy,Shymkent,medium,LLP,private,13.4,161,0,0,0,2372931.71,,183940.79,48355.8,3266308.55,1075492.49,245323.58,115108.6,440500.48,2359896.55,817225.52,231200.69,755507.13,906412.0,92528.09,98286.65,189650.42,986707.82,1.3160290075131281,1.1751760884804478,1.0885864485465771,0.30208653129233611442,5.3642686866790123,1.9879453904214385,0.07751625941228624738,0.02037808327825835325,0.09961069326480051612,1.0610849820560657,0.27750348325175831904,,none,0.0,1.00000000000000000000,0.00,,0.000000000000000000000000,0.000000000000000000000000,0,0
F0000172,C000105,2022-05-03,0,leasing,18943.13,16054.95,2888.18,0.1288,12,0,senior_secured,USD,amortizing,real_estate,Shymkent,micro,IE,state_related,6.9,6,0,1,0,56006.85,,5120.76,1722.85,94822.96,49610.33,4547.07,16913.61,18250.21,42004.56,14246.46,6869.63,22027.32,52818.4,4179.33,3948.48,2609.67,28896.95,3.4822917412465974,2.2950768120641900,0.54710006361419505324,0.30474633991598659228,5.6430978995305384,1.2252585940808694,0.09143095889163557672,0.03076141579110412387,0.13664002602350767122,0.66190901111122433086,0.55702121089660141383,,receivables,14226.17,0.45000000000000000000,7824.3935,1.12855041096795553547,0.88609245123778024846,0.48735084818077913665,0,0
F0000233,C000141,2022-05-05,1,term_loan,97972.18,94391.14,3581.04,0.1286,48,0,senior_unsecured,KZT,bullet,services,Other,small,IE,private,2.4,20,0,0,0,321888.45,,7512.0,1622.31,525591.33,322796.87,22865.87,33719.27,71464.12,422565.66,253536.21,131618.78,62196.23,103025.67,16166.56,7457.67,11050.06,193815.01,1.2731785727963670,1.1401826981637061,1.8812302797933758,0.36875610181773736641,25.8007201810436635,0.46466285963123880405,0.02333727724620128495,0.00503997580528285498,0.03847828916862527830,0.17372801966406313749,0.19601858729290682934,,inventory,113346.15,0.55000000000000000000,51005.7675,0.83276882364332621796,1.2008134449907057,0.54036605024581756296,0,0
F0000325,C000203,2022-05-05,0,leasing,21703.08,18349.26,3353.82,0.1114,12,0,senior_secured,USD,annuity,construction,Other,micro,IE,private,14.1,6,0,0,0,175251.97,,17912.39,7596.76,244165.24,119199.3,20780.62,40090.7,26098.77,201613.04,80785.74,51745.04,45017.27,42552.2,7039.53,9335.65,9559.37,96762.31,1.4754992650930721,0.97923965293874884355,2.2739672684373546,0.39629846574393636047,5.4019765089974035,2.5445434567364583,0.10220935034282353574,0.04334764396656996210,0.09648023078407284820,0.40159636556469953449,0.17427624013966934851,,none,0.0,1.00000000000000000000,0.00,,0.000000000000000000000000,0.000000000000000000000000,0,0
F0000758,C000495,2022-05-09,0,term_loan,32513.62,29825.42,2688.2,0.1418,12,0,senior_secured,USD,bullet,transport,Karaganda,small,LLP,private,19.0,27,0,0,0,130753.65,,12312.52,5722.77,100678.71,53046.02,8169.78,8294.06,14449.3,60950.32,34084.84,17466.43,10890.25,39728.39,3347.57,8908.33,5397.74,28356.68,1.5562936484372525,1.3129579015186810,0.71376363351245796772,0.28165517814044299932,2.3030768680984884,3.6780470610024585,0.09416578428212137864,0.04376757360119583660,0.31415278516384851823,0.46774183390652812280,0.39460567184462335681,,real_estate,37295.54,0.25000000000000000000,27971.6550,0.79970473681303448080,1.2504615190666217,0.93784613929996627038,0,0
F0000465,C000293,2022-05-10,0,overdraft,56398.73,35012.85,21385.88,0.1596,60,1,senior_secured,KZT,bullet,services,Karaganda,small,LLP,private,3.1,34,0,0,0,676142.33,,73887.43,37090.15,591349.42,252371.99,16416.33,61188.49,112858.17,411474.39,202154.89,84308.93,186879.15,179875.04,39808.72,71334.11,17647.63,271188.08,1.2484090293338934,0.94572780307218885479,1.5076470865551997,0.45859194382908162825,3.6702870840141550,1.8560614357859283,0.10927792377678823925,0.05485553611175327538,0.26304294053042449358,0.19471638413629493341,0.30417724938328340628,,none,0.0,1.00000000000000000000,0.00,,0.000000000000000000000000,0.000000000000000000000000,0,0
F0000068,C000042,2022-05-12,0,term_loan,48560.09,43065.08,5495.01,0.1532,24,0,senior_secured,KZT,annuity,trade,Kostanay,small,LLP,private,7.8,22,0,0,1,224702.34,,6111.85,-9249.84,346375.49,188742.02,11321.35,43127.23,62354.29,274897.36,91385.91,62389.08,105865.67,71478.13,10199.2,2623.3,5358.32,168254.75,2.0653295458785714,1.5934052634591044,2.3539332940019556,0.48575824461482537347,27.5292669159092582,0.59924798023374382304,0.02719976124859224875,-0.04116485836329074277,0.01559123888032878715,0.18146364716389470721,0.20636024217533405727,,real_estate,81065.55,0.25000000000000000000,60799.1625,0.53123774525677060108,1.8823963638288841,1.4117972728716631,0,0
F0000127,C000078,2022-05-12,0,working_capital,18169.43,15465.66,2703.77,0.1095,18,0,senior_unsecured,EUR,amortizing,transport,Astana,micro,LLP,private,20.6,6,0,0,0,69324.63,,10969.16,7252.07,86939.59,32790.46,7422.15,3503.05,5803.28,33496.05,9565.13,5765.88,11029.2,53443.55,2060.8,11021.58,3651.52,16795.08,3.4281248660499125,3.0618935654821210,0.31425831554977167497,0.19318103524527778426,1.53111815307644341043,5.3227678571428571,0.15822890075287816177,0.10461029507117455946,0.65623861273658714338,1.2872536369123187,0.61472052030611140448,,none,0.0,1.00000000000000000000,0.00,,0.000000000000000000000000,0.000000000000000000000000,0,0
F0000138,C000085,2022-05-13,0,leasing,256654.67,233616.0,23038.66,0.1024,60,0,senior_unsecured,KZT,amortizing,agriculture,Astana,medium,IE,private,10.9,129,0,0,0,2868315.31,,478353.0,308607.21,4145670.82,2413424.42,316993.5,480881.98,389985.75,2221312.79,818116.61,392036.26,1066336.93,1924358.03,75737.24,369736.56,63507.8,1458373.19,2.9499760675926137,2.3621845790418557,0.75784919815570910160,0.35178219721748192250,3.0487384630178968,6.3159550044337502,0.16677141398377154010,0.10759180098648220094,0.25352671218537691302,0.80858209391141523491,0.46418495668211302894,,real_estate,430416.47,0.25000000000000000000,322812.3525,0.54276733415893680834,1.8424100660913636,1.3818075495685227,0,0
F0000433,C000270,2022-05-16,0,credit_line,440502.93,207234.11,233268.81,0.1115,24,1,senior_secured,KZT,annuity,agriculture,Almaty,small,LLP,private,11.8,36,0,0,0,811865.87,,124064.03,64490.38,775603.21,394888.6,37434.44,117954.03,136858.27,346613.02,178087.27,67463.89,66296.65,428990.18,10148.44,68702.45,20997.42,133760.54,2.2173881378494937,1.5550497798073944,0.31180326785102633352,0.17246001341330188667,1.0781573031280702,12.2249360492844220,0.15281345673516242283,0.07943477165753993329,0.51362270218107672113,0.55488113715352020170,0.55310521471410619871,,real_estate,181287.84,0.25000000000000000000,135965.8800,1.1431219545668369,0.87479730050231595561,0.65609797537673696671,0,0
F0000639,C000408,2022-05-18,0,credit_line,16692.23,13837.49,2854.74,0.1284,36,1,senior_unsecured,KZT,annuity,construction,Kostanay,micro,IE,private,22.5,5,0,0,0,112000.9,,17105.46,9054.56,127490.3,35584.04,4844.65,7690.99,8939.86,102822.07,40175.78,28387.55,21581.52,24668.23,6458.24,17904.85,5456.84,49969.07,0.88570875288544491233,0.69427525738143727390,2.0256447260302016,0.39194409300158521864,2.9212350910177218,2.6486256317510653,0.15272609416531474301,0.08084363607792437382,0.35831865592055245375,0.17066108205886031024,0.19349103421985829510,,real_estate,13940.74,0.25000000000000000000,10455.5550,0.99259364997840860672,1.00746161334172599221,0.75559621000629449416,0,0
F0000726,C000471,2022-05-20,0,leasing,24520.61,23559.36,961.25,0.1048,24,0,senior_secured,KZT,annuity,manufacturing,Other,micro,LLP,private,8.3,5,0,0,0,129448.39,,11108.14,6519.68,123964.05,46039.19,4766.96,12555.52,7841.74,72920.53,38282.82,16103.09,31132.46,51043.53,3484.99,10243.75,3749.55,47235.55,1.2026070702210548,0.87463959029141531371,0.92539740100263441811,0.38104232638414120868,4.2523365748001015,3.1874237802690969,0.08581134149293011678,0.05036509144686928899,0.21686526355679144204,0.29602765680375629770,0.41176074837825966480,,receivables,21986.07,0.45000000000000000000,12092.3385,1.07155849135384359278,0.93322017236461431889,0.51327109480053787539,0,0
F0000203,C000121,2022-05-21,0,term_loan,694569.95,562513.8,132056.15,0.1269,18,0,senior_secured,KZT,amortizing,agriculture,Almaty,medium,LLP,private,15.4,154,0,0,0,3250049.57,,446532.77,366220.88,3997968.29,1086914.52,157551.1,238111.27,209756.71,1619831.82,454696.61,143128.94,865146.81,2378136.47,66742.25,238520.67,180572.35,1008275.75,2.3904170299400297,1.8667463784258255,0.42397724551106186097,0.25219703530965224339,2.2580106494759612,6.6904063018552716,0.13739260290728427259,0.11268162903743034295,0.23656293429649577509,1.1007634095522541,0.59483625118997629669,,real_estate,831340.51,0.25000000000000000000,623505.3825,0.67663465599673471945,1.4779024265715792,1.1084268199286844,0,1
F0000261,C000158,2022-05-21,0,leasing,16789.09,14049.81,2739.28,0.1198,36,0,senior_secured,KZT,bullet,services,Kostanay,micro,LLP,private,12.6,6,0,0,0,52421.63,,5527.28,2660.18,74115.89,31254.9,4044.96,3055.36,13647.52,53244.82,21960.49,6689.44,22583.71,20871.07,2868.01,3649.32,3735.39,29273.15,1.4232332702958814,1.28410340570724970162,1.40257063964617051258,0.39496456158051937311,5.2961221432603378,1.9272178269950244,0.10543891901110285964,0.05074584670488117214,0.12466441090214069890,0.60467841852232772848,0.28160047730655329107,,real_estate,10425.96,0.25000000000000000000,7819.4700,1.34757950347018404061,0.74207124509157063334,0.55655343381867797500,0,0
F0000244,C000146,2022-05-22,0,leasing,434893.41,402366.94,32526.47,0.1617,48,0,senior_secured,EUR,bullet,manufacturing,Karaganda,medium,LLP,private,5.5,99,0,0,0,3148391.84,,-71123.43,-166226.74,3336557.94,1820253.92,198965.13,611587.87,205262.59,3046364.5,1097446.08,761971.63,1555917.76,290193.44,142862.72,-55841.49,80717.41,2317889.39,1.6586272010739698,1.1013443594422425,7.9873941671458872,0.69469478177261924005,-32.5896738950863309,-0.49784457414782526890,-0.02259039967528311216,-0.05279734812170012485,-0.02409152491957349181,0.26111881619529587998,0.08697389501948825741,,guarantee,600347.77,0.30000000000000000000,420243.439,0.67022309419088872438,1.4920404991523409,1.0444283494066386,0,0
F0000048,C000030,2022-05-24,0,term_loan,478709.23,395125.29,83583.94,0.1499,24,0,senior_secured,USD,annuity,energy,Shymkent,medium,LLP,private,15.4,148,0,0,1,2175753.43,,157513.48,36549.41,3895071.65,1380422.91,247933.58,420678.48,215570.47,3486661.16,888743.89,393791.24,1515164.0,408410.49,174001.23,124402.34,161090.53,1908955.24,1.5532291423123033,1.0798886392344143,4.6741092277037252,0.49009502559471531159,12.1193134708216719,0.90524348592248457094,0.07239491287392799836,0.01679850735659876680,0.06516776160765299033,0.62960664132599800849,0.10485313922274061377,,real_estate,662687.35,0.25000000000000000000,497015.5125,0.59624691794705301074,1.6771575162905923,1.2578681372179442,0,0
F0000473,C000299,2022-05-26,0,credit_line,2000972.69,1840213.54,160759.15,0.1257,24,1,senior_secured,KZT,bullet,manufacturing,Aktobe,medium,LLP,private,19.2,151,0,0,0,5639422.14,,733780.94,287112.36,8753409.36,5381331.06,444391.42,1832457.36,1514035.89,7192440.62,2713593.71,1034350.85,2310009.35,1560968.73,295261.78,291221.07,178601.64,3344360.20,1.9831012432587043,1.3078132098117223,2.1424901958157740,0.38206372653866150275,4.5577092803746034,2.4851876866690975,0.13011633493356466484,0.05091166308752336104,0.08707826088828589696,0.42963315590643155560,0.17832694277193041044,,real_estate,4091106.15,0.25000000000000000000,3068329.6125,0.44980830917819133097,2.2231692469777176,1.6673769352332882,0,0
F0000650,C000416,2022-05-26,1,trade_finance,297812.77,112522.03,185290.73,0.1547,12,1,senior_secured,KZT,annuity,agriculture,Kostanay,medium,IE,private,9.7,202,0,0,0,1844428.79,,94521.13,9287.14,1872173.63,1017316.08,177190.99,194452.81,270989.85,1107332.49,427094.72,207326.27,227488.07,764841.14,49012.37,68258.76,72743.14,434814.34,2.3819448763028492,1.9266528745660916,0.56850281353850814040,0.23225107598593833415,4.6001813562745177,1.9285158012150810,0.05124683073289047933,0.00503523912137589221,0.15698369101626225115,0.85464803857224653682,0.40853109334736223157,,none,0.0,1.00000000000000000000,0.00,,0.000000000000000000000000,0.000000000000000000000000,1,0
F0000372,C000232,2022-05-28,0,trade_finance,152752.51,106598.47,46154.04,0.1118,12,1,senior_secured,KZT,bullet,agriculture,Atyrau,medium,LLP,private,5.4,193,1,0,0,943677.6,,90656.39,37092.57,860991.74,325721.29,77324.91,34490.06,45353.58,424258.14,205751.17,108725.62,87115.87,436733.61,25327.38,48202.99,72066.0,195841.49,1.5830835372649400,1.4154535791947137,0.44842321615686963044,0.22746035867893459698,2.1602612899101762,3.5793828654997082,0.09606712080481723843,0.03930640083011401351,0.24613267597177697126,0.71119309321942703109,0.50724483140802256709,,none,0.0,1.00000000000000000000,0.00,,0.000000000000000000000000,0.000000000000000000000000,0,0
F0000509,C000323,2022-05-30,0,term_loan,46916.19,42945.14,3971.05,0.1375,48,0,subordinated,KZT,annuity,construction,Aktobe,small,LLP,private,11.2,80,0,0,0,321145.86,,23134.9,4805.04,302760.93,162155.9,14790.16,9654.39,20454.01,195843.86,70909.07,19141.57,43867.41,106917.08,4173.37,8760.0,10934.57,63008.98,2.2868146486761144,2.1506629546826661,0.58932567181969429019,0.20811463354931562669,2.7235466762337421,5.5434576852759281,0.07203860576001197711,0.01496217326295285264,0.13902780206884796421,0.77267225206709794442,0.35314028134343490093,,real_estate,32529.9,0.25000000000000000000,24397.425,1.3201743626632729,0.75747570039357189195,0.56810677529517891896,0,1
F0000677,C000434,2022-06-01,0,term_loan,6371.2,5475.46,895.74,0.1089,18,0,subordinated,KZT,annuity,services,Aktobe,micro,LLP,private,22.9,9,0,0,0,42731.43,,4594.1,2336.37,66424.76,28641.61,3241.52,9108.42,7410.58,50930.56,25659.25,14417.97,17204.46,15494.2,2834.48,3946.15,1298.04,31622.43,1.11622942993267535099,0.76125334918206884457,2.0409204734674911,0.47606389545103362060,6.8832698461069633,1.6207911151251729,0.10751102876734993423,0.05467568017265043552,0.12478958764396031551,0.22482499270008191167,0.23325940507726335782,,real_estate,10976.8,0.25000000000000000000,8232.600,0.49882115006194883755,2.0047265435232839,1.5035449076424629,0,0
F0000711,C000461,2022-06-01,0,overdraft,200382.83,140317.82,60065.02,0.1379,48,1,senior_unsecured,KZT,bullet,construction,Kostanay,medium,JSC,foreign_owned,8.6,261,0,0,0,2550143.65,,-152761.87,-320368.91,2130237.95,836695.28,172078.51,194514.76,315379.7,1940683.77,678973.35,477274.39,880117.99,189554.18,151601.18,-111120.07,109172.71,1357392.38,1.2322947285044398,0.94581108374872150726,7.1609730790426252,0.63720223367535068089,-8.8856753324635264,-1.00765620689759802661,-0.05990324113702379080,-0.12562778963451725553,-0.08186289509006968199,0.36054419345651460578,0.08898263219843586018,,none,0.0,1.00000000000000000000,0.00,,0.000000000000000000000000,0.000000000000000000000000,0,0
F0000348,C000218,2022-06-04,0,working_capital,13528.56,13344.5,184.06,0.1296,36,0,senior_secured,KZT,bullet,agriculture,Atyrau,micro,LLP,state_related,23.7,8,0,1,0,101663.1,,10734.11,3726.67,160435.08,41980.99,7519.77,6169.86,11265.67,109815.45,43477.7,24821.39,43603.58,50619.63,5258.45,4108.25,7108.44,68424.97,0.96557522592041437335,0.82366661529933736145,1.3517477310679671,0.42649631240249950323,6.3745359419644479,2.0413068489764094,0.10558511396957204728,0.03665705649345731145,0.06004021631284602682,0.30295523336928350910,0.31551472408652770953,,real_estate,31124.54,0.25000000000000000000,23343.4050,0.42874529229990226362,2.3323871257821574,1.7492903443366181,0,0
F0000181,C000109,2022-06-05,0,term_loan,28314.48,26024.32,2290.16,0.1599,12,0,senior_secured,KZT,bullet,energy,Other,small,LLP,private,14.7,43,1,0,0,758622.56,,-5157.29,-53096.13,992035.82,280941.02,43431.84,50405.52,102621.24,829439.22,273587.71,66986.51,297010.46,162596.6,39587.05,-3262.51,40965.07,363996.97,1.0268773403600622,0.84263836266621771862,2.2386505621888773,0.36691918039814328479,-70.5791161637216445,-0.13027719923560861443,-0.00679822914836595421,-0.06999018062420922468,-0.00896301417014542731,0.64836696224359203069,0.16390194458905727819,,none,0.0,1.00000000000000000000,0.00,,0.000000000000000000000000,0.000000000000000000000000,0,0
F0000270,C000164,2022-06-06,0,term_loan,616999.04,615655.17,1343.87,0.1207,60,0,senior_secured,KZT,amortizing,construction,Aktobe,large,IE,private,16.2,990,0,0,0,8198859.57,,660253.67,67227.33,11830337.68,5817733.22,842724.77,732000.58,1652294.97,9547630.48,5637936.43,3900806.68,2953967.35,2282707.2,583755.27,249950.34,613057.57,6854774.03,1.0318905316213365,0.90205569061373755149,3.0029142721414293,0.57942336181903473781,10.3820309397144282,1.1310453265800924,0.08052994009263168780,0.00819959525175767829,0.03646368777527740036,0.21603858871570636256,0.19295368076086903379,,none,0.0,1.00000000000000000000,0.00,,0.000000000000000000000000,0.000000000000000000000000,0,0
F0000685,C000442,2022-06-10,0,term_loan,38668.42,38222.3,446.13,0.095,18,0,senior_unsecured,KZT,bullet,agriculture,Aktobe,small,IE,private,18.8,40,1,0,0,260114.16,,26424.49,12628.97,384958.36,192465.7,30080.96,10761.9,56992.11,222575.33,143638.33,62944.2,70577.15,162383.03,9188.91,28238.53,13337.58,133521.35,1.3399327324398717,1.2650091378812327,0.82226172279209225250,0.34684621474384917891,5.0529395269312672,2.8756936350448530,0.10158804887823100442,0.04855164363216520008,0.21149074661093525492,0.47789883738295188437,0.42181972616466882288,,real_estate,54093.98,0.25000000000000000000,40570.4850,0.70659064095487150326,1.4152465968819249,1.0614349476614437,0,0
F0000725,C000470,2022-06-11,0,leasing,16202.83,16040.23,162.61,0.153,60,0,senior_secured,KZT,bullet,trade,Almaty,micro,JSC,private,3.6,7,0,0,0,74311.82,,5695.08,1852.13,115905.11,67646.9,10784.51,7862.24,15690.66,83971.53,21630.35,11935.7,50678.5,31933.58,5373.54,4896.87,3258.53,62614.2,3.1274066300360373,2.7639247631221871,1.9607635598639426,0.54021949506799139399,10.9944373037779979,1.0598376489241729,0.07663760623814623299,0.02492376044618473885,0.07820702013281332350,0.90355069246043382458,0.27551485866326342298,,guarantee,21534.4,0.30000000000000000000,15074.08,0.74486542462292889516,1.3425243902362996,0.93976707316540972293,0,0
F0000009,C000005,2022-06-13,0,leasing,96276.58,87275.88,9000.71,0.1414,24,0,senior_secured,KZT,annuity,manufacturing,Astana,small,LLP,private,15.6,34,0,0,0,774055.29,,15155.19,-18672.01,851936.23,502188.7,40192.66,148854.88,64116.55,809339.42,226722.08,129877.06,451156.08,42596.81,83369.21,16457.73,44152.97,581033.14,2.2149968807625618,1.5584446825823052,13.6402970081562446,0.68201482639140725357,38.3388885259769096,0.18178401834442235929,0.01957895023235355707,-0.02412232077116868486,0.02832494201621614905,0.30946696822364165003,0.04999999823930483623,,none,0.0,1.00000000000000000000,0.00,,0.000000000000000000000000,0.000000000000000000000000,0,0
F0000234,C000141,2022-06-13,0,term_loan,75150.53,67608.74,7541.79,0.0854,12,0,senior_secured,KZT,bullet,services,Other,small,IE,private,2.4,20,0,0,0,321888.45,,7512.0,1622.31,525591.33,322796.87,22865.87,33719.27,71464.12,422565.66,253536.21,131618.78,62196.23,103025.67,16166.56,7457.67,11050.06,193815.01,1.2731785727963670,1.1401826981637061,1.8812302797933758,0.36875610181773736641,25.8007201810436635,0.46466285963123880405,0.02333727724620128495,0.00503997580528285498,0.03847828916862527830,0.17372801966406313749,0.19601858729290682934,,guarantee,147087.57,0.30000000000000000000,102961.299,0.45964958153839919988,2.1755703478573924,1.5228992435001747,0,0
F0000603,C000386,2022-06-19,0,term_loan,86547.19,71981.74,14565.45,0.1201,12,0,senior_secured,KZT,bullet,services,Astana,small,LLP,private,23.1,46,0,0,0,412258.06,,47962.13,19386.29,706811.41,202947.09,31742.37,25180.0,80698.05,385866.93,229773.6,163236.59,62933.8,320944.48,30073.38,29376.02,15760.35,226170.39,0.88324807549692392860,0.77366194375681105227,0.70470253920553486385,0.31998689721208660171,4.7156035397093499,1.5948366961079865,0.11634006621968773637,0.04702464761998831509,0.12988446454020793792,0.19445621842504796259,0.45407371111906639990,,inventory,74091.63,0.55000000000000000000,33341.2335,0.97152323413589362253,1.02931146149009457121,0.46319015767054255704,0,0
F0000602,C000386,2022-06-20,0,leasing,158395.79,154214.14,4181.65,0.1319,36,0,senior_unsecured,KZT,amortizing,services,Astana,small,LLP,private,23.1,46,0,0,0,412258.06,,47962.13,19386.29,706811.41,202947.09,31742.37,25180.0,80698.05,385866.93,229773.6,163236.59,62933.8,320944.48,30073.38,29376.02,15760.35,226170.39,0.88324807549692392860,0.77366194375681105227,0.70470253920553486385,0.31998689721208660171,4.7156035397093499,1.5948366961079865,0.11634006621968773637,0.04702464761998831509,0.12988446454020793792,0.19445621842504796259,0.45407371111906639990,,none,0.0,1.00000000000000000000,0.00,,0.000000000000000000000000,0.000000000000000000000000,0,0
F0000371,C000232,2022-06-21,1,term_loan,438384.07,421799.45,16584.62,0.1129,36,0,senior_unsecured,USD,amortizing,agriculture,Atyrau,medium,LLP,private,5.4,193,1,0,0,943677.6,,90656.39,37092.57,860991.74,325721.29,77324.91,34490.06,45353.58,424258.14,205751.17,108725.62,87115.87,436733.61,25327.38,48202.99,72066.0,195841.49,1.5830835372649400,1.4154535791947137,0.44842321615686963044,0.22746035867893459698,2.1602612899101762,3.5793828654997082,0.09606712080481723843,0.03930640083011401351,0.24613267597177697126,0.71119309321942703109,0.50724483140802256709,,real_estate,576720.88,0.25000000000000000000,432540.6600,0.73137537520750072375,1.3672869416970553,1.0254652062727915,0,0
F0000531,C000336,2022-06-25,0,term_loan,428632.32,426346.37,2285.95,0.129,18,0,senior_unsecured,USD,annuity,real_estate,Other,medium,IE,private,6.6,107,0,0,0,2613961.55,,290180.51,132121.32,4049258.76,2028818.88,393492.03,196188.25,432707.48,2245395.4,576211.04,404363.86,740606.91,1803863.37,68395.11,246127.53,61589.46,1144970.77,3.5209649575613824,3.1804851049018429,0.63473253520304035000,0.28276058356912710612,3.9457190629377555,4.2427084333953114,0.11101177444633797310,0.05054447721314033866,0.21496402916905904943,0.97311374463583367712,0.44547989568342626738,,real_estate,360380.84,0.25000000000000000000,270285.6300,1.1830439431796652,0.84527713933626314210,0.63395785450219735658,0,0
F0000505,C000321,2022-06-27,0,term_loan,426436.72,347370.44,79066.27,0.1201,24,0,senior_secured,USD,annuity,trade,Almaty,medium,LLP,state_related,18.3,127,1,1,0,1236329.03,,220861.68,157794.44,1965982.55,1003512.32,216290.99,76212.62,313923.37,891436.9,439335.24,230143.84,331979.53,1074545.65,80295.95,115333.62,21412.56,562123.37,2.2841607698030324,2.1106881842667572,0.52312656051420430579,0.28592490304657078467,2.5451376173539928,2.7505955157140553,0.17864312382926088858,0.12763142834234022637,0.20517492450100411232,0.93980786103160527781,0.54656927143122404622,,none,0.0,1.00000000000000000000,0.00,,0.000000000000000000000000,0.000000000000000000000000,0,0
F0000752,C000492,2022-06-29,0,trade_finance,58169.43,40775.03,17394.41,0.0901,12,1,senior_unsecured,KZT,amortizing,transport,Karaganda,small,LLP,private,5.2,40,0,0,0,218084.96,,32151.04,15795.79,254880.71,89325.49,5417.64,29262.49,21543.92,146515.26,47192.2,22580.81,48860.01,108365.45,4875.95,29407.03,15893.73,71440.82,1.8928019884641954,1.2727315107157539,0.65925827835347889941,0.28029119975379855149,2.2220376074926348,6.5938001825285329,0.14742437992973013820,0.07242952471367122244,0.41162783405901556001,0.23992230571002545967,0.42516144120910523201,,guarantee,95475.08,0.30000000000000000000,66832.556,0.42707510692842572114,2.3415085163640591,1.6390559614548414,1,0
F0000046,C000028,2022-07-01,0,overdraft,2419.14,2145.38,273.76,0.1231,24,1,senior_secured,KZT,amortizing,construction,Shymkent,micro,LLP,private,6.3,8,0,0,0,19067.31,,2884.42,1608.56,20414.28,6335.94,1203.19,1976.24,2641.82,9294.17,4003.12,1426.06,3612.48,11120.11,781.06,2582.38,851.15,5038.54,1.5827504546453766,1.0890755210935470,0.45310163298744346953,0.24681448476262694545,1.7468121840786016,3.6929557268327657,0.15127566499941522952,0.08436218847860552957,0.51252545380209346358,0.84371625317307827160,0.54472212588442991866,,none,0.0,1.00000000000000000000,0.00,,0.00000000000000000000,0.00000000000000000000,0,0
F0000664,C000427,2022-07-02,0,working_capital,141458.69,133337.14,8121.55,0.1431,18,0,senior_secured,KZT,amortizing,transport,Atyrau,small,LLP,private,5.3,39,0,0,0,505595.21,,63099.28,47028.35,473668.84,249094.87,45208.42,70162.44,54144.42,210037.74,97079.63,56489.2,85077.88,263631.1,7840.08,57703.96,9035.12,141567.08,2.5658819466040404,1.8431511327350547,0.53698930057948398349,0.29887353366964143134,2.2435609407904496,8.0482954255568821,0.12480197349970938214,0.09301581397497812529,0.40760860505140036794,0.80030200463097370825,0.55657260460704993810,,guarantee,217130.46,0.30000000000000000000,151991.322,0.61408767797940463996,1.6284319582675915,1.1399023707873140,0,0
F0000696,C000453,2022-07-05,0,credit_line,593332.24,260783.1,332549.14,0.1471,60,1,senior_unsecured,KZT,amortizing,transport,Almaty,medium,LLP,state_related,14.0,131,0,1,0,1647979.1,,154672.83,45808.21,1972601.59,1210654.6,130865.52,179852.07,276126.38,1539747.35,931682.19,292648.01,420042.13,432854.24,59620.31,63724.58,126492.26,712690.14,1.2994287247242539,1.1063885744129122,1.6464899130940707,0.36129451766283935724,4.6077267739912692,2.5942976478988452,0.09385606285904960809,0.02779659644955448768,0.08941414567626823068,0.44717720786825100912,0.21943318011824171753,,real_estate,423629.9,0.25000000000000000000,317722.425,0.61559181729146124955,1.6244530416273140,1.2183397812204855,1,0
F0000539,C000339,2022-07-08,0,term_loan,359076.93,293769.75,65307.17,0.111,36,0,senior_secured,KZT,amortizing,trade,Kostanay,small,LLP,private,21.1,45,0,0,0,758195.28,,93752.15,36703.82,930616.54,499544.7,78928.52,70781.3,99755.18,518502.41,239982.64,95432.01,186670.58,412114.13,27136.33,66217.72,43561.11,282102.59,2.0815868181131769,1.7866434005393057,0.68452540076701568083,0.30313515596875164071,3.0090252863534330,3.4548573812302548,0.12365171938290093286,0.04840945461965946293,0.23472921677181340306,0.82706546786555161104,0.44283989407710290642,,none,0.0,1.00000000000000000000,0.00,,0.000000000000000000000000,0.000000000000000000000000,0,0
F0000004,C000002,2022-07-09,0,leasing,136265.71,127544.16,8721.55,0.1461,18,0,senior_secured,USD,amortizing,services,Atyrau,small,LLP,private,7.4,18,0,0,0,640135.2,,19397.14,815.19,1116779.19,621390.86,139320.07,127929.35,243157.55,725699.11,201264.78,112864.1,173677.71,391080.07,42457.75,16849.63,49068.96,286541.81,3.0874297032993055,2.4518025955659008,0.73269346095800790871,0.25657875125699647036,14.7723741747494734,0.45685746418498389576,0.03030163003065602391,0.00127346535544366253,0.05880339068145064066,1.2344055372789045,0.35018567099195320787,,receivables,170471.04,0.45000000000000000000,93759.0720,0.74818667147217498057,1.3365648415419412,0.73511066284806768103,0,0
F0000443,C000275,2022-07-09,0,term_loan,189492.56,162166.87,27325.69,0.1171,48,0,subordinated,KZT,annuity,real_estate,Kostanay,small,LLP,private,16.0,39,0,0,0,418626.7,,33423.65,17702.86,733739.09,439115.68,75281.96,48130.59,97276.46,413431.27,239282.54,150333.79,147367.26,320307.82,16961.07,35881.46,32506.33,297701.05,1.8351346487712810,1.6339892162629166,0.92942173562918320258,0.40573148419828634181,8.9068982591667876,1.9706097551628523,0.07984118069869886464,0.04228793815587968947,0.12052849662438207726,0.50076539678804079908,0.43654185031902825294,,guarantee,335886.32,0.30000000000000000000,235120.424,0.48280284234261163122,2.0712388418176906,1.4498671892723834,0,0
F0000534,C000337,2022-07-09,0,working_capital,409620.04,352586.49,57033.54,0.1291,48,0,senior_secured,KZT,annuity,real_estate,Atyrau,medium,LLP,private,2.9,132,0,0,0,4037702.58,,286459.9,208368.37,3262931.96,1141635.58,202523.33,83483.41,117250.49,2496830.56,970425.22,277745.86,1058645.02,766101.4,161111.88,126449.03,105327.89,1336390.88,1.1764281847497739,1.0904005256582264,1.7444046962973831,0.40956749830603271298,4.6651935576323248,1.7780184800773227,0.07094626073226027460,0.05160567572067182819,0.09461979417279471407,0.72916777229370763618,0.23478926603176855701,,receivables,353679.2,0.45000000000000000000,194523.560,0.99691044879088168035,1.00309912611796328328,0.55170451936487980580,0,0
F0000679,C000436,2022-07-09,0,term_loan,435349.36,374698.28,60651.09,0.1398,12,0,subordinated,KZT,annuity,energy,Almaty,medium,LLP,private,23.0,169,1,0,0,2854059.38,,297251.81,126947.28,3153257.75,975934.85,44998.17,143952.21,272558.82,2170836.96,730661.63,460108.24,847617.94,982420.79,190181.12,296448.9,199894.38,1307726.18,1.3356864654299693,1.1386702213991995,1.3311263292789233,0.41472225985966418381,4.3993884511586321,1.5629932666292006,0.10415053452742107980,0.04447955108768619944,0.22669034583371268135,0.09779909614311623717,0.31155740123052103812,,real_estate,663301.73,0.25000000000000000000,497476.2975,0.56489869248494195847,1.7702289159160272,1.3276716869370204,0,0
F0000266,C000161,2022-07-10,0,overdraft,181039.77,158413.91,22625.87,0.1363,24,1,senior_secured,KZT,bullet,construction,Aktobe,medium,IE,private,2.1,184,0,0,0,1820805.95,,91403.54,-44975.0,1397692.91,618968.0,91240.69,67638.19,81323.47,815774.72,216093.5,111391.05,235845.49,581918.19,48251.13,93616.84,55477.36,347236.54,2.8643526991788277,2.5513484209381587,0.59671023516209383316,0.24843550218767297031,3.7989397347192461,1.8943295214018822,0.05019949544870500890,-0.02470060030284940578,0.26960538196815346680,0.81910252215056775208,0.41634194881907213796,,none,0.0,1.00000000000000000000,0.00,,0.000000000000000000000000,0.000000000000000000000000,0,0
F0000466,C000293,2022-07-10,0,term_loan,112705.74,91731.86,20973.88,0.1364,12,0,senior_secured,KZT,annuity,services,Karaganda,small,LLP,private,3.1,34,0,0,0,676142.33,,73887.43,37090.15,591349.42,252371.99,16416.33,61188.49,112858.17,411474.39,202154.89,84308.93,186879.15,179875.04,39808.72,71334.11,17647.63,271188.08,1.2484090293338934,0.94572780307218885479,1.5076470865551997,0.45859194382908162825,3.6702870840141550,1.8560614357859283,0.10927792377678823925,0.05485553611175327538,0.26304294053042449358,0.19471638413629493341,0.30417724938328340628,,real_estate,124584.74,0.25000000000000000000,93438.5550,0.73630093059551274097,1.3581403451319967,1.01860525884899750207,0,0
F0000363,C000225,2022-07-11,0,credit_line,63937.77,52580.02,11357.75,0.1287,36,1,senior_unsecured,KZT,amortizing,real_estate,Karaganda,small,LLP,private,8.7,35,0,0,0,459271.2,,64314.65,45401.98,719361.57,296833.01,71295.36,102823.6,90681.96,516272.38,289092.3,109038.74,146817.88,203089.19,15233.03,61455.42,35426.38,255856.62,1.0267759120530018,0.67109850383424255852,1.2598239226814583,0.35567179381016975928,3.9782012340889673,4.2220523428365860,0.14003632276528552193,0.09885657972892704790,0.24019476220705174640,0.65385348363343156753,0.28231865374737769214,,equipment,41654.86,0.40000000000000000000,24992.916,1.2622781591391737,0.79221841300174476921,0.47533104780104686153,0,0
F0000753,C000492,2022-07-12,0,term_loan,91683.63,76870.64,14812.99,0.0872,24,0,senior_secured,KZT,amortizing,transport,Karaganda,small,LLP,private,5.2,40,0,0,0,218084.96,,32151.04,15795.79,254880.71,89325.49,5417.64,29262.49,21543.92,146515.26,47192.2,22580.81,48860.01,108365.45,4875.95,29407.03,15893.73,71440.82,1.8928019884641954,1.2727315107157539,0.65925827835347889941,0.28029119975379855149,2.2220376074926348,6.5938001825285329,0.14742437992973013820,0.07242952471367122244,0.41162783405901556001,0.23992230571002545967,0.42516144120910523201,,inventory,172766.62,0.55000000000000000000,77744.9790,0.44493919022088873418,2.2474981345283453,1.01137416053775537709,1,0
F0000707,C000459,2022-07-13,0,working_capital,17309.47,17295.0,14.47,0.1045,24,0,senior_unsecured,USD,amortizing,energy,Shymkent,micro,IE,private,5.8,11,0,0,1,31976.83,,4115.63,2867.27,31060.01,14535.14,2738.17,3983.32,6498.06,16983.22,5924.79,4168.62,9183.02,14076.79,1730.08,2235.79,741.14,13351.64,2.4532751371778578,1.7809610129641726,0.94848612503276670320,0.42986592728077035391,3.2441303032585534,2.3788668732081753,0.12870662914366433446,0.08966711209335009130,0.16745433519777345704,0.65685286737577423704,0.45321266799334578450,,none,0.0,1.00000000000000000000,0.00,,0.000000000000000000000000,0.000000000000000000000000,0,0
F0000495,C000312,2022-07-16,0,credit_line,81956.4,36604.55,45351.85,0.1336,12,1,senior_secured,KZT,annuity,energy,Shymkent,small,LLP,private,9.9,31,0,0,1,660837.21,,53338.01,15949.93,1102263.05,417750.25,92855.52,100162.14,185300.54,683144.77,339369.32,155197.56,132480.22,419118.28,31166.6,34601.65,36473.25,287677.78,1.2309605653215795,0.93581856486025313072,0.68638805255642870075,0.26098831853249548735,5.3934854337460284,1.7113836607137128,0.08071278250206280000,0.02413594416089251391,0.12027918875069183306,0.59830528263459812126,0.38023435512965802492,,none,0.0,1.00000000000000000000,0.00,,0.000000000000000000000000,0.000000000000000000000000,0,0
F0000668,C000429,2022-07-20,0,term_loan,37279.38,35810.86,1468.52,0.1246,36,0,senior_unsecured,USD,amortizing,agriculture,Shymkent,micro,IE,private,25.4,6,0,0,0,121044.03,,12958.24,3751.81,197360.08,120070.18,7663.61,8237.84,17120.91,145331.18,67307.49,40777.58,51184.78,52028.9,5568.08,7039.23,4019.7,91962.36,1.7839051790521382,1.6615140454650738,1.7675245872966755,0.46596231618876522547,7.0968248774524935,2.3272366776339420,0.10705393731520670619,0.03099541546989141059,0.07654468632601425192,0.18793685157383052158,0.26362423444497995745,,equipment,84673.68,0.40000000000000000000,50804.208,0.42292788030471806587,2.3644693257855299,1.4186815954713179,0,0
F0000536,C000338,2022-07-21,0,overdraft,79098.22,42354.22,36744.0,0.1129,24,1,senior_secured,KZT,bullet,construction,Shymkent,medium,LLP,private,18.4,141,0,0,0,1441002.82,,246116.43,160396.92,2013711.17,1122714.19,217212.0,143770.39,479698.61,929888.04,307638.25,113310.28,385689.46,1083823.13,73353.43,233211.28,44877.67,498999.74,3.6494622824047400,3.1821264098336276,0.46040698540914143436,0.24780104884654336997,2.0274946292695697,3.3552136553123692,0.17079524521679978392,0.11130923394029166438,0.46735751806203345918,1.9169664041073767,0.53822174011181553907,,none,0.0,1.00000000000000000000,0.00,,0.000000000000000000000000,0.000000000000000000000000,0,0
F0000423,C000263,2022-07-22,0,term_loan,34436.09,31219.98,3216.12,0.0813,36,0,senior_secured,KZT,annuity,energy,Karaganda,small,LLP,private,18.8,23,1,0,0,275623.78,,45081.77,34654.17,239021.55,140994.84,19142.73,31836.22,18067.0,115680.47,70913.62,21596.27,31241.05,123341.08,7251.55,19902.5,13897.43,52837.32,1.9882617753825006,1.5393181168864317,0.42838379556916479084,0.22105672061786897458,1.1720329525659707,6.2168460536023333,0.16356270130247832752,0.12572997148504385217,0.37667504710685553317,0.88639056651912575644,0.51602493582691602494,,none,0.0,1.00000000000000000000,0.00,,0.000000000000000000000000,0.000000000000000000000000,0,0
F0000448,C000279,2022-07-25,0,leasing,239979.05,236119.34,3859.71,0.113,36,0,subordinated,EUR,annuity,manufacturing,Almaty,medium,LLP,private,24.4,229,0,0,0,875453.9,,130811.23,83336.9,792848.14,221254.98,40640.63,38385.56,81786.77,462127.55,227061.85,47034.24,103498.95,330720.6,17621.6,51281.8,31871.79,150533.19,0.97442604294820992606,0.80537272113303049367,0.45516726203326917041,0.18986383697639752299,1.1507665664484616,7.4233457801788714,0.14942103747553126441,0.09519279084826739592,0.34066772915660659287,0.86406477493842783470,0.41712981757136997256,,real_estate,499964.11,0.25000000000000000000,374973.0825,0.47227257972577271597,2.1174212582501713,1.5880659436876285,0,0
F0000153,C000093,2022-07-28,0,working_capital,38231.81,36816.55,1415.26,0.1485,12,0,senior_secured,KZT,bullet,construction,Kostanay,small,LLP,private,5.8,59,0,0,0,684759.46,,51388.36,31876.33,864859.96,513657.53,36660.71,78187.99,175778.79,569626.16,331517.56,241677.57,158242.77,295233.8,62074.0,33905.85,26741.38,399920.34,1.5494127369904629,1.3135640235769110,1.3545886006277059,0.46241051557063642997,7.7823137379749033,0.82785642942294680543,0.07504585624855770521,0.04655113490509499496,0.08478150923756466100,0.15169264570146083478,0.34136601722202517041,,equipment,65808.04,0.40000000000000000000,39484.824,0.55945367769652461918,1.7874580861052978,1.07247485166317865199,0,0
F0000480,C000303,2022-08-01,0,credit_line,3839.7,3621.7,218.0,0.1546,48,1,senior_secured,KZT,bullet,transport,Atyrau,micro,LLP,private,25.8,10,0,0,0,23739.87,,2773.17,589.63,39636.32,21259.18,1882.75,6543.93,7068.36,30539.28,17827.29,4832.88,11139.29,9097.03,1596.78,3014.2,548.17,15972.17,1.1925076666167432,0.82543392742250785173,1.7557565491154805,0.40296803537765362677,5.7595351168518338,1.7367264119039567,0.11681487725080213160,0.02483712000107835468,0.18871574745322645577,0.38957102183377199517,0.22951247744492929717,,receivables,3206.6,0.45000000000000000000,1763.630,1.1294517557537579,0.88538531628793108209,0.48696192395836209515,0,0
F0000001,C000001,2022-08-02,0,term_loan,3065.59,2587.73,477.86,0.1385,18,0,senior_secured,KZT,bullet,trade,Kostanay,micro,LLP,private,23.9,13,0,0,0,42791.95,,3710.31,1139.67,68341.01,38765.19,7712.59,13547.53,10368.89,49226.33,29289.24,9266.57,6484.34,19114.68,1488.81,3682.68,1293.91,15750.91,1.3235300745256620,0.86098717481232015580,0.82402164200499302107,0.23047523002659749980,4.2451735838784360,2.4921312994942269,0.08670579396358427228,0.02663281294729499357,0.23380744350643867561,0.83230256718505336926,0.27969560297689483957,,inventory,3541.08,0.55000000000000000000,1593.4860,0.73077422707196674461,1.3684116967380677,0.61578526353213047729,0,1
F0000510,C000323,2022-08-04,0,overdraft,23673.08,19684.75,3988.33,0.1307,36,1,senior_unsecured,USD,amortizing,construction,Aktobe,small,LLP,private,11.2,80,0,0,0,321145.86,,23134.9,4805.04,302760.93,162155.9,14790.16,9654.39,20454.01,195843.86,70909.07,19141.57,43867.41,106917.08,4173.37,8760.0,10934.57,63008.98,2.2868146486761144,2.1506629546826661,0.58932567181969429019,0.20811463354931562669,2.7235466762337421,5.5434576852759281,0.07203860576001197711,0.01496217326295285264,0.13902780206884796421,0.77267225206709794442,0.35314028134343490093,,none,0.0,1.00000000000000000000,0.00,,0.000000000000000000000000,0.000000000000000000000000,0,1
F0000279,C000169,2022-08-05,0,trade_finance,89570.27,50915.84,38654.42,0.0949,12,1,senior_secured,KZT,bullet,energy,Other,small,IE,private,18.0,34,1,0,0,363531.21,,84355.97,62906.49,622734.72,319722.18,25511.12,72777.72,52158.49,61833.13,28561.41,6709.37,23856.28,560901.59,4674.64,82103.66,13094.74,30565.65,11.1942015467723757,8.6460878507048497,0.05449378383826653085,0.04908293855849245085,0.36234127827585883963,18.0454473499563603,0.23204601882737936036,0.17304288674416702764,2.6861414692636996,3.8023122886351476,0.90070711008372875050,,none,0.0,1.00000000000000000000,0.00,,0.000000000000000000000000,0.000000000000000000000000,0,0
F0000695,C000452,2022-08-05,0,trade_finance,98362.31,61275.3,37087.01,0.1209,24,1,senior_unsecured,KZT,annuity,manufacturing,Almaty,small,IE,foreign_owned,3.8,70,0,0,0,368731.99,,24461.35,3523.51,492155.86,277286.86,13390.34,55139.35,121575.63,386548.12,138095.77,74978.02,106220.81,105607.74,13487.32,12035.21,8590.98,181198.83,2.0079315970358831,1.6086481866895706,1.7157722530564521,0.36817367164946486668,7.4075564104188853,1.8136553444272101,0.06633910445361683970,0.00955574806514617839,0.06641991010648357939,0.17859020550289271442,0.21458190094495674602,,none,0.0,1.00000000000000000000,0.00,,0.000000000000000000000000,0.000000000000000000000000,0,0
F0000251,C000151,2022-08-06,0,credit_line,87844.37,74532.21,13312.16,0.1342,36,1,senior_secured,KZT,amortizing,agriculture,Shymkent,small,LLP,private,5.5,53,1,0,0,706498.51,,59494.25,30833.36,543898.49,289919.44,28149.24,40463.59,129804.19,429262.1,195004.71,80451.18,111064.87,114636.39,9699.06,58968.61,30464.75,191516.05,1.4867304487158285,1.2792298709092719,1.6706392272122316,0.35211726732317274865,3.2190682292826618,6.1340222660752691,0.08421001482366891333,0.04364249826938771605,0.30790427225289995277,0.34989219549048255103,0.21076798723967775678,,none,0.0,1.00000000000000000000,0.00,,0.000000000000000000000000,0.000000000000000000000000,0,1
F0000311,C000190,2022-08-06,0,credit_line,10688.04,8520.09,2167.96,0.134,36,1,senior_unsecured,KZT,amortizing,real_estate,Almaty,micro,IE,private,18.8,7,0,0,0,128437.41,,8385.73,-662.18,223780.82,95351.47,22073.52,16467.32,21105.11,126193.05,49623.7,19122.12,61862.73,97587.78,12244.15,3072.93,2167.76,80984.85,1.9214905377873879,1.5896466809206085,0.82986671077054934542,0.36189361536882383396,9.6574597560379359,0.68487645120322766382,0.06529040098208146676,-0.00515566298012393741,0.03794450443508878512,1.1543448111401874,0.43608643493218051484,,real_estate,12525.8,0.25000000000000000000,9394.350,0.68020326047038911686,1.4701487895080921,1.1026115921310690,0,0
F0000503,C000319,2022-08-07,0,term_loan,7757.22,7280.6,476.62,0.1293,60,0,subordinated,KZT,amortizing,services,Karaganda,micro,LLP,private,3.5,4,0,0,0,78115.1,,7663.79,1598.39,89722.69,23359.07,4574.15,5262.84,3460.71,68643.62,33938.36,16457.02,25475.5,21079.06,4353.25,7537.16,1204.68,41932.52,0.68827928043665044510,0.53320873489467375560,1.9892974354643898,0.46735691941469877909,5.4715121369452973,1.7604755068052604,0.09810894436542998729,0.02046198494273194299,0.17974498074525451845,0.27794521729936525568,0.23493566677503761869,,guarantee,6054.84,0.30000000000000000000,4238.388,1.2024430042742665,0.83164024942999203362,0.58214817460099442354,0,0
F0000142,C000088,2022-08-10,0,credit_line,8260717.68,4747529.25,3513188.43,0.1144,24,1,senior_secured,KZT,amortizing,trade,Other,large,LLP,private,18.5,1509,0,0,0,35778681.39,,4478942.21,3076088.48,61616712.46,27096872.58,3670806.37,8973719.72,11812258.37,43134015.71,24912437.15,11318302.64,7765664.63,18482696.75,1759131.42,4719564.96,1268311.34,19083967.27,1.0876845335061889,0.72747410262909584500,1.0325315362867705,0.30972063435531107529,4.2608201613746653,2.5461100626580816,0.12518466405114210387,0.08597545690601539522,0.24730523235696159313,0.32432481148074337054,0.29996239676043242116,,none,0.0,1.00000000000000000000,0.00,,0.000000000000000000000000,0.000000000000000000000000,0,0
F0000267,C000161,2022-08-10,0,term_loan,444710.45,366432.71,78277.74,0.15,36,0,senior_secured,KZT,bullet,construction,Aktobe,medium,IE,private,2.1,184,0,0,0,1820805.95,,91403.54,-44975.0,1397692.91,618968.0,91240.69,67638.19,81323.47,815774.72,216093.5,111391.05,235845.49,581918.19,48251.13,93616.84,55477.36,347236.54,2.8643526991788277,2.5513484209381587,0.59671023516209383316,0.24843550218767297031,3.7989397347192461,1.8943295214018822,0.05019949544870500890,-0.02470060030284940578,0.26960538196815346680,0.81910252215056775208,0.41634194881907213796,,none,0.0,1.00000000000000000000,0.00,,0.000000000000000000000000,0.000000000000000000000000,0,0
F0000235,C000141,2022-08-11,0,credit_line,78268.97,48124.38,30144.59,0.1354,36,1,senior_secured,KZT,amortizing,services,Other,small,IE,private,2.4,20,0,0,0,321888.45,,7512.0,1622.31,525591.33,322796.87,22865.87,33719.27,71464.12,422565.66,253536.21,131618.78,62196.23,103025.67,16166.56,7457.67,11050.06,193815.01,1.2731785727963670,1.1401826981637061,1.8812302797933758,0.36875610181773736641,25.8007201810436635,0.46466285963123880405,0.02333727724620128495,0.00503997580528285498,0.03847828916862527830,0.17372801966406313749,0.19601858729290682934,,none,0.0,1.00000000000000000000,0.00,,0.000000000000000000000000,0.000000000000000000000000,0,0
F0000354,C000221,2022-08-14,0,term_loan,20665.89,19624.11,1041.78,0.1367,24,0,senior_unsecured,USD,bullet,construction,Atyrau,micro,IE,private,22.9,5,0,0,0,60100.33,,6659.39,4388.63,80959.17,31404.21,5371.85,6806.26,5524.59,29082.7,10854.4,3602.01,13886.74,51876.46,897.34,3673.73,2835.29,17488.75,2.8932239460495283,2.2661731647995283,0.33712304193462699652,0.21601938359792967245,2.6261789743505036,7.4212561570865001,0.11080454965887874493,0.07302172883243735933,0.21006246872989779144,1.4913478863190274,0.64077312057423513606,,real_estate,19974.2,0.25000000000000000000,14980.650,0.98247289002813629582,1.01783978993187461750,0.76337984244890596312,0,0
F0000082,C000049,2022-08-24,0,term_loan,295009.19,242885.94,52123.25,0.1111,24,0,senior_secured,USD,bullet,transport,Atyrau,medium,LLP,private,9.7,101,1,0,0,2769618.14,,497249.42,341517.7,3199648.92,1167185.77,268345.93,287812.7,367524.68,1154027.12,315529.61,208477.9,592581.8,2045621.8,71774.31,269640.21,48015.24,801059.7,3.6991322937964523,2.7869747945367156,0.39159716620149433292,0.25035862372050493590,1.6109816679122522,6.9279582067734263,0.17953717619714896870,0.12330858722639648800,0.33660438791266119117,1.2871672728859989,0.63932695465851297210,,receivables,189482.18,0.45000000000000000000,104215.1990,1.2818405403611041,0.78012823632360111088,0.42907052997798061098,0,0
F0000750,C000491,2022-08-24,0,credit_line,486067.65,289645.6,196422.05,0.1061,24,1,senior_unsecured,KZT,amortizing,manufacturing,Shymkent,medium,LLP,private,3.6,174,1,0,0,1473870.22,,246484.13,209765.51,1813182.33,933082.71,45614.84,140676.95,415715.12,308123.05,198326.66,129539.44,65911.35,1505059.28,22070.72,100106.97,96581.58,195450.79,4.7047770077910857,3.9954575950605935,0.12986251943511487468,0.10779433858700795965,0.79295486488318740846,11.1679242906438938,0.16723597956949018211,0.14232291768538480953,0.51218503644830496720,0.35213090314424703395,0.83006504922204927951,,none,0.0,1.00000000000000000000,0.00,,0.000000000000000000000000,0.000000000000000000000000,0,0
F0000190,C000113,2022-08-25,0,term_loan,308262.44,277933.44,30329.0,0.1115,24,0,subordinated,KZT,annuity,real_estate,Astana,medium,LLP,foreign_owned,12.7,128,0,0,0,1347202.3,,135129.54,87627.45,2124113.23,566721.94,96185.42,149163.34,249454.49,955441.42,332968.74,237354.7,422271.34,1168671.81,35742.1,55133.94,87542.34,659626.04,1.7020274635991355,1.2540474520220727,0.56442367682335043232,0.31054184432531405117,4.8814348069267460,3.7806827242943196,0.10030382222476906401,0.06504401751689408488,0.08358363171957250202,0.40523916315960880488,0.55019280210405732467,,real_estate,389816.78,0.25000000000000000000,292362.5850,0.71298480275784946969,1.4025544389332928,1.0519158291999696,0,0
F0000500,C000316,2022-08-26,0,credit_line,19873077.08,9623449.19,10249627.88,0.1442,12,1,senior_unsecured,KZT,amortizing,real_estate,Shymkent,large,LLP,foreign_owned,10.2,349,0,0,0,27116263.56,,2600489.26,1593659.44,24358880.29,13039959.73,2569384.15,2271359.8,4119126.5,17486357.19,6700768.0,3818291.02,4837028.71,6872523.1,744546.08,1701413.17,1437796.97,8655319.73,1.9460395778513746,1.6070695075549549,1.2594093325055539,0.35532502426038237244,3.3283428096142185,3.4927176837731790,0.09590145981012142073,0.05877135087117437650,0.19657427143942145278,0.67291469836681018620,0.28213624838992958490,,none,0.0,1.00000000000000000000,0.00,,0.000000000000000000000000,0.000000000000000000000000,0,0
F0000114,C000071,2022-08-27,0,term_loan,36283.73,34918.08,1365.66,0.1205,36,0,senior_secured,KZT,amortizing,energy,Atyrau,micro,LLP,foreign_owned,6.9,10,1,0,0,184393.96,,26493.9,15748.82,289116.3,184305.24,16329.77,27001.82,60024.64,96352.23,46103.35,29726.45,33479.12,192764.07,5214.03,23661.12,3728.85,63205.57,3.9976539665772661,3.4119737502806195,0.32789082529747374602,0.21861641837558103780,2.3856650021325664,5.0812711089119165,0.14368095354099450980,0.08540854591983381668,0.37435181741102880648,0.54933468342166656294,0.66673539333479295356,,none,0.0,1.00000000000000000000,0.00,,0.000000000000000000000000,0.000000000000000000000000,0,0
F0000264,C000160,2022-08-27,0,credit_line,157373.61,128696.75,28676.87,0.1687,24,1,senior_secured,KZT,annuity,manufacturing,Shymkent,small,LLP,state_related,7.2,28,0,1,0,713391.85,,7599.23,-32996.19,581463.97,174656.19,17311.38,48902.95,62025.48,455930.75,200828.78,50878.53,186114.18,125533.22,32530.38,7752.23,51365.8,236992.71,0.86967709508567447355,0.62617140830114090222,1.8878884011738088,0.40757935526082553318,31.1864109916399425,0.23360409561769644253,0.01065225233509466081,-0.04625254689971577332,0.03271083739242443365,0.34024921710591874411,0.21589165705314466862,,none,0.0,1.00000000000000000000,0.00,,0.000000000000000000000000,0.000000000000000000000000,1,0
F0000132,C000081,2022-08-30,0,overdraft,46095.49,22280.47,23815.02,0.1598,12,1,senior_secured,KZT,annuity,trade,Other,small,JSC,private,3.4,47,0,0,0,422509.02,,24655.77,9597.22,530905.2,256900.39,21601.3,28333.82,96006.64,373208.77,189916.62,65871.27,110719.76,157696.42,9277.69,11032.46,19552.69,176591.03,1.3527009379168606,1.2035100982736529,1.1198163534720699,0.33262252846647574746,7.1622597874655709,2.6575332868418755,0.05835560623060781046,0.02271482866803648358,0.06247463418725175339,0.32793204078196761653,0.29703310496864600309,,real_estate,20993.13,0.25000000000000000000,15744.8475,1.06132196580500382744,0.94222114704043496389,0.70666586028032622292,0,0
F0000097,C000060,2022-08-31,0,working_capital,2427347.83,2134127.79,293220.04,0.1252,18,0,senior_unsecured,EUR,bullet,real_estate,Shymkent,large,IE,private,9.6,509,0,0,0,4444456.04,,423938.9,307772.92,7439610.48,4404457.5,482145.51,1203747.39,1302934.39,2979588.79,1313909.37,696560.69,635277.63,4460021.68,126488.94,204870.1,131588.73,1331838.32,3.3521775554428081,2.4360204615939378,0.29861700582585508867,0.17901989943968141730,3.1415808268597196,3.3515886843545372,0.09538600363791650868,0.06924872633007300484,0.15382505287879087305,0.69218018892223160052,0.59949666612115423548,,receivables,1974393.87,0.45000000000000000000,1085916.6285,1.0809027633376921,0.92515259828934611268,0.50883392905914036197,0,0
F0000468,C000295,2022-09-03,0,working_capital,16949.25,14529.56,2419.68,0.1271,12,0,senior_secured,KZT,bullet,agriculture,Other,micro,LLP,foreign_owned,12.9,7,0,0,0,96545.94,,-1484.93,-7623.0,139824.2,72213.16,11816.55,9367.7,29975.97,109429.53,40362.65,13738.32,32365.48,30394.67,4643.59,-776.83,4462.26,46103.80,1.7891084951062430,1.5570201659207213,1.5168383140859894,0.32972689992147282087,-31.0477934986834396,-0.31978060078516837188,-0.01538055354787575739,-0.07895723010206332861,-0.01684958723575930834,0.86011608406268015303,0.21737775006043302948,,equipment,26974.29,0.40000000000000000000,16184.574,0.53864476136350576790,1.8565111400482878,1.11390668402897265987,0,0
F0000220,C000130,2022-09-06,0,working_capital,25121.6,20611.66,4509.95,0.1463,36,0,senior_secured,KZT,annuity,manufacturing,Atyrau,small,LLP,private,10.8,46,0,0,0,333838.59,,29886.21,16444.14,471764.71,269502.07,26229.79,49544.85,112750.53,287347.59,118270.17,74412.66,126180.59,184417.12,28820.94,27033.35,25470.7,200593.25,2.2786985932293832,1.8597861151294532,1.0877149041260378,0.42519765838356158518,6.7118999029987409,1.03696166745428844444,0.08952293382259971803,0.04925775657032340090,0.13476699739398010651,0.35249096054354191881,0.39090910381999535319,,inventory,40375.49,0.55000000000000000000,18168.9705,0.51049931530242728943,1.9588664862509861,0.88148991881294374155,0,0
F0000568,C000361,2022-09-09,0,term_loan,4074.65,3891.67,182.99,0.1169,24,0,senior_unsecured,KZT,annuity,energy,Almaty,micro,LLP,private,5.7,11,0,0,0,63492.82,,8162.34,6325.76,45895.41,28840.6,6008.8,5812.16,12897.5,20001.3,10952.47,6825.9,7225.61,25894.11,1761.5,4023.57,1040.86,14051.51,2.6332507644394369,2.1025796007658546,0.54265274998831780664,0.30616373184159374543,1.7215051076039469,4.6337439682089129,0.12855532326332331750,0.09962953291411532832,0.28634431459679422354,0.88029417366208119076,0.56419824989034851198,,real_estate,6085.75,0.25000000000000000000,4564.3125,0.63947253830670007805,1.5637888104592630,1.1728416078444472,0,0
F0000164,C000102,2022-09-11,0,term_loan,23662.01,22432.0,1230.01,0.1018,12,0,senior_unsecured,KZT,amortizing,real_estate,Karaganda,micro,IE,foreign_owned,21.2,7,0,0,0,56321.41,,7391.65,7315.02,95675.17,53145.2,7229.83,17890.11,6296.33,53673.89,14715.82,6108.86,12949.78,42001.28,3047.22,7656.21,2868.78,19058.64,3.6114331379427038,2.3957271833985466,0.45376331387995794414,0.19920152741824237156,2.5784013041743048,2.4257027717066703,0.13124049983833856432,0.12987991600352334929,0.40171859062346526300,1.1834990489223849,0.43899874962333487361,,inventory,23386.94,0.55000000000000000000,10524.1230,0.95916780904214061352,1.04257043509272467903,0.46915669579172610556,0,0
F0000397,C000248,2022-09-14,0,term_loan,44682.43,37963.18,6719.24,0.1249,60,0,senior_secured,KZT,bullet,manufacturing,Karaganda,micro,LLP,private,16.0,3,0,0,0,90255.75,,13011.8,9137.93,97880.71,60758.64,13115.38,14281.22,10952.11,53319.58,31628.24,18472.45,10225.08,44561.13,1852.34,12173.55,4543.09,28697.53,1.9210250080307978,1.4694911888868935,0.64400364173888768081,0.29318882137246450296,2.2055003919519206,7.0245203364393146,0.14416588416804469521,0.10124485143605809048,0.42420201320462074611,0.70999677898708617428,0.45525957055276775168,,none,0.0,1.00000000000000000000,0.00,,0.000000000000000000000000,0.000000000000000000000000,0,0
F0000529,C000335,2022-09-14,0,credit_line,8941669.53,6341087.81,2600581.73,0.1165,24,1,senior_secured,KZT,bullet,real_estate,Aktobe,large,LLP,private,15.0,691,1,0,0,12001646.65,,2379915.8,1498645.68,19191291.34,10950096.36,1886453.8,572938.34,2371712.12,8048603.88,4334546.14,2799368.75,1254566.93,11142687.45,622216.85,1241810.12,399180.9,4053935.68,2.5262382741645011,2.3940587283724242,0.36382028107590866690,0.21123829596346485353,1.7033945822789193,3.8248977024649847,0.19829910589810607364,0.12487000523382347705,0.30632210721212034622,0.67388542506234664511,0.58061165622427573443,,real_estate,13166358.93,0.25000000000000000000,9874769.1975,0.48161286227368556175,2.0763565060929191,1.5572673795696893,0,0
F0000738,C000481,2022-09-14,0,trade_finance,51530.2,25141.88,26388.32,0.0895,48,1,senior_secured,USD,amortizing,transport,Astana,micro,IE,private,19.1,6,1,0,0,113408.2,,28472.88,26984.22,123940.61,48593.94,8940.27,12202.27,18639.6,32253.17,19339.76,14044.05,11537.67,91687.44,1641.51,20358.77,8588.74,25581.72,2.5126444175108688,1.8817022548366681,0.27901008033379490146,0.20640305062239083703,0.89845916535313603682,17.3455416049856535,0.25106544323955410632,0.23793887919921134451,0.79583272743193186385,0.63658773644354726735,0.73976915233836593188,,receivables,59993.44,0.45000000000000000000,32996.3920,0.41907715243533292973,2.3861954635055135,1.3124075049280324,0,0
F0000483,C000304,2022-09-18,0,term_loan,10034.5,8582.44,1452.06,0.1366,48,0,senior_secured,KZT,amortizing,energy,Other,micro,LLP,state_related,4.5,14,0,1,0,51741.17,,305.42,-1783.53,85805.15,34901.1,7561.52,8400.0,9927.35,63032.04,18474.71,4969.13,32795.18,22773.11,5917.45,223.22,713.0,37764.31,1.8891284355749021,1.4344528276763208,1.6582851441897923,0.44011705591097970227,123.6471416410189248,0.05161344836035792444,0.00590284293919136347,-0.03447022941305733906,0.00591087193172601326,1.5216989694373059,0.26540493198834801874,,none,0.0,1.00000000000000000000,0.00,,0.00000000000000000000,0.00000000000000000000,0,0
F0000245,C000147,2022-09-21,0,credit_line,26271.43,21996.39,4275.04,0.1105,24,1,senior_secured,KZT,bullet,agriculture,Aktobe,micro,LLP,private,25.2,10,1,0,0,37978.01,,5887.81,2845.06,54163.33,32749.66,2100.09,3699.57,14141.7,21837.09,8482.13,3364.86,7768.85,32326.25,1381.89,4538.21,2443.06,11133.71,3.8610183998594693,3.4248579071530382,0.34441699856927419667,0.20555807776220553648,1.8909764411555400,4.2606936876307087,0.15503208303963267164,0.07491335117348170691,0.40760986230106586214,0.62412403487812271536,0.59682907236316526329,,real_estate,44827.95,0.25000000000000000000,33620.9625,0.49068471790478931113,2.0379685030134490,1.5284763772600868,0,0
F0000703,C000456,2022-09-21,0,credit_line,12862.94,8526.27,4336.67,0.1355,48,1,senior_unsecured,KZT,bullet,transport,Almaty,micro,IE,private,12.7,9,0,0,0,91494.03,,12243.57,7032.4,119087.17,53822.43,3120.4,15198.75,7131.23,66505.96,38411.43,22313.87,9989.52,52581.21,1877.74,8017.98,4779.42,32303.39,1.4012087027220804,1.00552569899115966263,0.61435235134375949127,0.27125835637877699168,2.6383963174139569,6.5203755578514597,0.13381823928839947262,0.07686184552150561080,0.24820862454373983659,0.13984127361143539870,0.44153547355269253606,,receivables,5850.99,0.45000000000000000000,3218.0445,1.4572354422072162,0.68623090753635528783,0.37742699914499540831,0,0
F0000249,C000149,2022-09-23,0,term_loan,19534.62,17894.54,1640.08,0.08,12,0,senior_unsecured,KZT,amortizing,energy,Atyrau,micro,LLP,private,6.3,10,1,0,0,97486.55,,12690.9,9413.55,71148.03,33632.62,4340.65,4093.97,9487.91,16628.65,7910.72,2230.31,4737.46,54519.38,739.61,4743.55,5142.44,6967.77,4.2515245135714575,3.7340027203592088,0.12780354435431950987,0.09793342134701410566,0.54903671134434910054,17.1589080731736997,0.13018103522998813683,0.09656255144940507178,0.68078452646973134877,1.9462092713568966,0.76628094973255057097,,equipment,35509.68,0.40000000000000000000,21305.808,0.50393413852222830507,1.9843862988375225,1.1906317793025135,0,0
F0000154,C000094,2022-09-25,0,leasing,42330.23,35203.16,7127.07,0.1365,24,0,senior_unsecured,KZT,annuity,energy,Karaganda,small,LLP,foreign_owned,16.7,28,0,0,0,217917.71,,34490.49,29603.02,188170.85,120649.68,24755.28,26762.09,19042.24,119365.99,59173.6,25380.05,42466.68,68804.86,6171.82,25337.88,5046.33,67846.73,2.0389105952654562,1.5866465788797707,0.98607467553890815271,0.36055919394528961314,1.9671141233424054,5.5883823572301201,0.15827300130861323754,0.13584494807695987628,0.37345764490049852071,0.97538342123045462873,0.36565100279878631573,,real_estate,28846.3,0.25000000000000000000,21634.725,1.2203700301251807,0.81942359719979683642,0.61456769789984762732,0,0
F0000093,C000057,2022-09-26,0,term_loan,13670.23,11431.31,2238.92,0.1384,36,0,senior_unsecured,KZT,bullet,services,Karaganda,small,LLP,private,12.9,50,0,0,0,224093.79,,1441.49,26.77,370607.77,129270.93,16450.44,20732.06,53559.74,314974.33,166219.38,105835.44,100668.75,55633.44,31761.66,1372.12,8518.81,206504.19,0.77771274324329690076,0.65298565065036339325,3.7118716728643780,0.55720415683675493366,143.2574558269568294,0.04538459261889964190,0.00643252987956515886,0.00011945891048564978,0.00664451408952041118,0.15543413435045954361,0.15011406803478513146,,equipment,11109.69,0.40000000000000000000,6665.814,1.02894950264138783350,0.97186499185132762562,0.58311899511079657537,0,0
F0000310,C000189,2022-09-28,0,credit_line,828047.43,307246.84,520800.58,0.1424,12,1,senior_unsecured,KZT,annuity,agriculture,Aktobe,medium,IE,private,20.3,88,0,0,0,1920133.56,,231042.5,124660.68,3182717.95,1558521.74,242767.06,519466.56,518560.76,1589623.59,805464.23,587097.16,246331.86,1593094.36,99115.56,108041.53,128941.13,833429.02,1.9349360057863774,1.2900078505038020,0.52315107059948413853,0.26186078474217295944,3.6072541631950832,2.3310416649010509,0.12032626522084224183,0.06492292129928711834,0.12963495079640975305,0.41350406123579272637,0.50054525252543977389,,equipment,293289.84,0.40000000000000000000,175973.904,1.0475877377818475,0.95457398357620211814,0.57274439014572127088,0,0
F0000444,C000276,2022-09-28,0,credit_line,199225.96,111206.72,88019.24,0.1346,24,1,senior_secured,KZT,annuity,energy,Atyrau,small,LLP,private,14.4,27,1,0,0,401140.74,,56131.07,35259.9,471113.41,145484.99,12395.92,48149.54,17920.53,194501.42,118805.3,68739.7,25494.83,276611.99,13479.67,47148.23,11790.45,94234.53,1.2245664966125249,0.81928541908483880770,0.34067406116415994838,0.20002514893388409385,1.6788301024726591,4.1641279052083619,0.13992861956628987622,0.08789907502289595417,0.50032859504896984152,0.18033130781775305973,0.58714522687859808533,,receivables,96289.65,0.45000000000000000000,52959.3075,1.1549187269867530,0.86586179324414927443,0.47622398628428210094,0,0
F0000055,C000033,2022-09-30,0,working_capital,342672.79,290968.5,51704.29,0.1086,48,0,senior_unsecured,KZT,annuity,construction,Atyrau,small,LLP,private,23.8,37,0,0,0,1138702.89,,75731.65,18670.32,1360070.0,554128.71,66271.72,97259.52,80491.76,884388.16,358865.23,78596.66,244409.39,475681.84,42866.06,59332.66,75646.0,323006.05,1.5441136774381848,1.2730940526057651,0.67903800994378931935,0.23749222466490695332,4.2651394760314875,1.7667042410709078,0.06650694458147901952,0.01639612945919545352,0.18368900520593964107,0.84318748404830434270,0.34974805708529708030,,inventory,618328.91,0.55000000000000000000,278248.0095,0.47057236900018147300,2.1250716486492524,0.95628224189216358472,0,0
F0000461,C000289,2022-10-01,0,credit_line,174860.1,87670.98,87189.12,0.1074,12,1,senior_secured,KZT,amortizing,transport,Almaty,small,JSC,private,13.0,27,1,0,0,464519.41,,75305.92,47516.23,618217.26,333550.26,40178.47,87238.95,76078.78,269290.84,100713.71,20561.91,97349.38,348926.41,15497.58,70679.18,12192.13,117911.29,3.3118654848480907,2.4456581929113722,0.33792595407151897731,0.19072791659035854159,1.5657638868232405,4.8592051146049899,0.16211576605593294799,0.10229116152541397570,0.59942673852520823070,1.9540242127312103,0.56440742207682781293,,guarantee,170192.25,0.30000000000000000000,119134.575,0.51512909665393106913,1.9412609508870552,1.3588826656209387,0,0
F0000678,C000435,2022-10-01,0,term_loan,27382.84,22733.54,4649.31,0.1126,12,0,senior_unsecured,KZT,amortizing,agriculture,Shymkent,micro,LLP,private,15.6,10,1,0,0,113016.2,,13230.05,9067.16,87175.05,46390.87,4488.87,8240.29,19030.78,57812.45,14505.18,7513.19,24361.51,29362.6,1786.44,7570.03,3021.76,31874.70,3.1982278055149953,2.6301348897428367,1.0855544127563635,0.36564016883271073547,2.4092652711063072,7.4058182754528560,0.11706330596852486635,0.08022885214686036161,0.23749337248664301154,0.59746525776667434206,0.33682343743995558362,,receivables,18378.02,0.45000000000000000000,10107.9110,1.2369961508367060,0.80840995287139618379,0.44462547407926790108,0,0
F0000137,C000085,2022-10-05,0,credit_line,552169.06,288193.05,263976.01,0.1219,60,1,senior_secured,KZT,bullet,agriculture,Astana,medium,IE,private,10.9,129,0,0,0,2868315.31,,478353.0,308607.21,4145670.82,2413424.42,316993.5,480881.98,389985.75,2221312.79,818116.61,392036.26,1066336.93,1924358.03,75737.24,369736.56,63507.8,1458373.19,2.9499760675926137,2.3621845790418557,0.75784919815570910160,0.35178219721748192250,3.0487384630178968,6.3159550044337502,0.16677141398377154010,0.10759180098648220094,0.25352671218537691302,0.80858209391141523491,0.46418495668211302894,,equipment,483797.05,0.40000000000000000000,290278.230,0.59568996958538709568,1.6787255973036130,1.0072353583821678,0,0
F0000213,C000125,2022-10-09,0,credit_line,320374.21,117041.63,203332.58,0.1285,60,1,senior_unsecured,KZT,bullet,transport,Kostanay,medium,IE,foreign_owned,5.5,121,0,0,0,2898366.57,,326707.32,148427.12,4011262.71,2065162.53,246229.01,311709.54,460610.83,2700404.76,1102029.89,587792.79,980932.11,1310857.95,229636.85,204792.43,117065.35,1568724.90,1.8739623568649304,1.5911120069529149,1.1967161659278185,0.39108006964719595740,4.8016215247335138,1.4227129487275235,0.11272118695462320351,0.05121060998160767497,0.13054706405182961015,0.41890444079792132190,0.32679434002965116189,,real_estate,142325.78,0.25000000000000000000,106744.3350,0.82235017436756714068,1.2160269811690080,0.91202023587675598845,0,0
F0000698,C000453,2022-10-09,0,working_capital,447277.96,445623.7,1654.25,0.1482,48,0,senior_unsecured,KZT,bullet,transport,Almaty,medium,LLP,state_related,14.0,131,0,1,0,1647979.1,,154672.83,45808.21,1972601.59,1210654.6,130865.52,179852.07,276126.38,1539747.35,931682.19,292648.01,420042.13,432854.24,59620.31,63724.58,126492.26,712690.14,1.2994287247242539,1.1063885744129122,1.6464899130940707,0.36129451766283935724,4.6077267739912692,2.5942976478988452,0.09385606285904960809,0.02779659644955448768,0.08941414567626823068,0.44717720786825100912,0.21943318011824171753,,inventory,554963.11,0.55000000000000000000,249733.3995,0.80297895836716065686,1.2453626456582089,0.56041319054619401975,1,0
F0000587,C000374,2022-10-11,1,term_loan,25895.03,23267.38,2627.65,0.133,36,0,senior_secured,KZT,annuity,trade,Karaganda,micro,LLP,private,17.0,9,0,0,0,70371.51,,3943.39,3135.06,98532.15,42149.88,4371.77,13659.26,14885.05,93605.54,51112.59,17317.88,23743.53,4926.61,3035.11,1715.27,2669.51,41061.41,0.82464770421534107350,0.55740904540349060770,8.3346175158983561,0.41673108726441065175,10.4127184985507393,1.2992576875302707,0.05603673986816539818,0.04455013115392862822,0.04177328542785062666,0.25244256225357838257,0.05000002537242920204,,equipment,19347.28,0.40000000000000000000,11608.368,1.2026176289380213,0.83151949209580107429,0.49891169525748064458,0,1
F0000370,C000231,2022-10-13,0,term_loan,3030207.94,2804670.38,225537.56,0.1306,18,0,senior_secured,KZT,annuity,services,Kostanay,large,LLP,state_related,14.9,420,0,1,0,14751088.89,,710374.45,-201425.07,13481223.54,8242636.52,1517572.43,789824.24,2958612.96,7541595.8,4124641.9,1607301.1,2541804.18,5939627.75,584703.14,433574.69,362243.03,4149105.28,1.9983883982752539,1.8068992316642082,0.69854634913778898013,0.30776919229098399773,5.8407298854850424,1.2149318199317349,0.04815742453301696564,-0.01365492890064199186,0.10449835825809655040,0.94417432427564443277,0.44058521338041695287,,real_estate,3032063.95,0.25000000000000000000,2274047.9625,0.92500370251095792356,1.0810767538394298,0.81080756537957234033,0,0
F0000453,C000283,2022-10-13,0,credit_line,194244.95,121156.23,73088.72,0.1552,24,1,senior_unsecured,KZT,amortizing,trade,Karaganda,small,LLP,private,9.9,50,0,0,0,718519.43,,60947.73,1394.15,1239768.1,365027.07,36714.46,101466.19,139507.97,871288.18,223434.11,106358.25,206463.42,368479.92,25324.01,51357.3,13955.21,312821.67,1.6337123727438035,1.1795910660194184,0.84895174206507643619,0.25232272874257693838,5.1326221665679755,2.4067171826262902,0.08482405270515788279,0.00194030939427761891,0.16417436809924325255,0.34519616484851903825,0.29721681014376801597,,receivables,104343.71,0.45000000000000000000,57389.0405,1.1611263390960509,0.86123272406214686608,0.47367799823418077634,0,0
F0000377,C000236,2022-10-16,0,credit_line,752843.14,529908.58,222934.56,0.112,60,1,senior_secured,KZT,annuity,services,Shymkent,medium,LLP,foreign_owned,8.7,112,0,0,0,5059549.53,,546029.9,393323.13,7199094.91,4288523.36,733516.4,555202.79,490569.98,5447338.32,2478420.8,1820332.2,2243542.71,1751756.6,549836.97,462946.18,370582.5,4063874.91,1.7303451294469446,1.5063303898998911,2.3198855994034788,0.56449803215610057848,7.4425867704314361,0.99307600214659992761,0.10792065514180271302,0.07773876462081002694,0.11391742862479002829,0.40295743820825671270,0.24333011606315938957,,equipment,1091507.36,0.40000000000000000000,654904.416,0.48548328615942635513,2.0598031456671262,1.2358818874002757,0,1
F0000152,C000092,2022-10-17,0,working_capital,808860.99,787032.07,21828.91,0.1174,12,0,senior_secured,KZT,annuity,energy,Karaganda,medium,JSC,private,6.7,98,1,0,0,2320754.16,,339423.92,269881.99,2229186.22,994805.21,92062.96,207533.89,260517.46,894808.7,309636.06,95984.66,342039.96,1334377.52,24334.67,177181.14,80667.89,438024.62,3.2128209162718322,2.5425698802652378,0.32826139037474192461,0.19649530221840327005,1.2904942586250256,13.9481620256202365,0.14625587054856340320,0.11629064148698972924,0.40450041369820719210,0.95914242963406861055,0.59859401068790026883,,none,0.0,1.00000000000000000000,0.00,,0.000000000000000000000000,0.000000000000000000000000,0,0
F0000491,C000311,2022-10-17,0,term_loan,1271048.28,1099507.21,171541.07,0.1297,36,0,senior_secured,KZT,bullet,trade,Aktobe,large,IE,foreign_owned,10.0,799,0,0,0,4447342.51,,523549.64,352172.69,6703524.44,3077258.05,622374.16,186850.76,1312353.78,4714502.63,2381127.77,566267.8,1112913.19,1989021.81,130806.69,284166.38,253708.28,1679180.99,1.2923531818706226,1.2138816431509679,0.84422452361143289826,0.25049226045635182319,3.2073004385983342,4.0024683752795824,0.11772190669434183067,0.07918722005515154262,0.16922915498227501968,1.0990809648720976,0.29671284528053424983,,inventory,2435449.16,0.55000000000000000000,1095952.1220,0.45145972581090545121,2.2150370073516844,0.99676665330825797859,1,0
F0000682,C000439,2022-10-20,0,term_loan,23359.86,22167.61,1192.26,0.1078,24,0,senior_secured,KZT,amortizing,agriculture,Shymkent,micro,LLP,private,24.1,8,1,0,0,37812.05,,3035.96,1347.32,36420.5,19751.41,4160.33,5375.64,2197.1,10840.41,6879.63,2771.37,2876.13,25580.08,454.12,3333.76,929.56,5647.50,2.8709988763930618,2.0896138309763752,0.22077726105625940185,0.15506376903117749619,1.8602023742078288,6.6853695058574826,0.08029080676662598299,0.03563202735635862113,0.59030721558211598052,1.5011817260055496,0.70235389409810408973,,real_estate,51157.65,0.25000000000000000000,38368.2375,0.43331955240320851329,2.3077656995950398,1.7308242746962798,0,0
F0000567,C000360,2022-10-26,0,credit_line,9104.96,7038.38,2066.58,0.1451,18,1,senior_unsecured,KZT,bullet,real_estate,Shymkent,micro,LLP,private,8.0,10,0,0,0,62384.49,,4973.04,1801.82,59232.17,28846.71,6710.66,1524.82,8951.24,35393.79,17665.99,7532.38,9939.49,23838.39,2733.06,4285.19,1481.57,17471.87,1.6328951844759337,1.5465813124540431,0.73292995038675011190,0.29497264746505150833,3.5133178096295224,1.8195868367324537,0.07971596786316598885,0.02888249948023939925,0.24526224153453522720,0.89090831848632172036,0.40245680683317865950,,equipment,9267.81,0.40000000000000000000,5560.686,0.75944370892368315708,1.3167532869779694,0.79005197218678161736,0,0
F0000415,C000259,2022-10-28,0,term_loan,182889.26,169200.57,13688.69,0.1348,36,0,senior_secured,KZT,annuity,construction,Aktobe,medium,LLP,private,21.8,245,0,0,0,6783216.29,,583061.3,359206.77,6579399.13,2986034.81,338845.53,472930.64,725236.95,5552397.27,2720513.78,1180728.49,1598901.08,1027001.86,293693.82,359826.89,426116.02,2779629.57,1.0975995901774113,0.92376086769904175968,2.7065477466613352,0.42247468424977586061,4.7673024603073468,1.9852692167645884,0.08595646594073148742,0.05295522870611575324,0.12945138225738474929,0.28698005754057819000,0.15609356412460114728,,guarantee,313595.63,0.30000000000000000000,219516.941,0.53955015253241889882,1.8533958248485806,1.2973770773940064,0,0
F0000116,C000072,2022-10-29,0,term_loan,162732.58,162571.86,160.72,0.1114,48,0,senior_unsecured,KZT,annuity,agriculture,Astana,small,LLP,private,21.5,47,1,0,0,690289.33,,109473.62,75547.74,1056612.5,654737.46,134776.14,153067.63,251832.67,401106.63,238176.69,152239.06,49047.58,655505.87,20864.84,60042.17,11069.69,201286.64,2.7489569193358091,2.1062927274705178,0.30707069030518368966,0.19050185380165387027,1.8386771169163859,5.2467989210557090,0.15859092012910006881,0.10944358650306821344,0.29829187868603698686,0.88529277571734875399,0.62038436039702350673,,receivables,222144.75,0.45000000000000000000,122179.6125,0.73182850371210663317,1.3664403544377237,0.75154219494074804828,0,0
F0000340,C000213,2022-10-31,0,term_loan,32182.39,27436.75,4745.64,0.0937,48,0,senior_secured,KZT,amortizing,services,Karaganda,micro,LLP,private,7.1,7,1,0,0,77486.91,,13267.42,7786.35,72538.98,25689.51,6266.56,1868.88,3621.71,17973.75,10078.92,6153.3,3127.34,54565.23,963.17,13009.66,2558.69,9280.64,2.5488355895274494,2.3634109606981700,0.17008340292893478136,0.12794003996196252001,0.69950600795030231952,13.7747438146952251,0.17122143598189681328,0.10048600466840141128,1.4018063409420040,1.0184063835665415,0.75221942740303213527,,guarantee,65588.56,0.30000000000000000000,45911.992,0.41831609048895112196,2.3905367800486574,1.6733757460340602,0,0
F0000189,C000112,2022-11-01,0,term_loan,807334.59,684651.93,122682.66,0.0912,36,0,senior_secured,EUR,bullet,agriculture,Astana,medium,LLP,foreign_owned,7.3,112,1,0,0,2529191.15,,481474.27,363974.92,3300967.73,1181231.03,219752.46,69076.99,312031.86,869412.61,332292.2,69304.97,312313.63,2431555.12,51278.76,204706.02,155458.22,381618.60,3.5547961402645021,3.3469158770503792,0.15694425220350341061,0.11560809775017097789,0.79260434830712760622,9.3893508735390637,0.19036689654714314495,0.14390961315834115583,0.53641520617705740758,3.1708037677528754,0.73661887024869522126,,none,0.0,1.00000000000000000000,0.00,,0.000000000000000000000000,0.000000000000000000000000,0,0
F0000496,C000312,2022-11-01,0,leasing,51527.89,49075.49,2452.4,0.1421,18,0,senior_secured,KZT,amortizing,energy,Shymkent,small,LLP,private,9.9,31,0,0,1,660837.21,,53338.01,15949.93,1102263.05,417750.25,92855.52,100162.14,185300.54,683144.77,339369.32,155197.56,132480.22,419118.28,31166.6,34601.65,36473.25,287677.78,1.2309605653215795,0.93581856486025313072,0.68638805255642870075,0.26098831853249548735,5.3934854337460284,1.7113836607137128,0.08071278250206280000,0.02413594416089251391,0.12027918875069183306,0.59830528263459812126,0.38023435512965802492,,inventory,38628.3,0.55000000000000000000,17382.735,1.2704543042277294,0.78712000634125099923,0.35420400285356294965,0,0
F0000260,C000157,2022-11-04,0,overdraft,23720.99,9744.65,13976.34,0.1395,36,1,senior_unsecured,USD,amortizing,real_estate,Almaty,small,IE,private,23.0,28,0,0,0,231893.86,,31174.04,17431.7,332059.92,141119.46,24590.41,31243.91,25911.41,256371.01,116863.42,76310.95,78137.28,75688.91,15131.2,33926.82,16838.39,154448.23,1.2075588751381741,0.94020481344804045612,2.0405661806993918,0.46512156601133915831,4.9543860853453707,2.0602490218885482,0.13443236487589623977,0.07517102867665405199,0.21966467339897647257,0.32223959995256250905,0.22793750597783677115,,inventory,20411.98,0.55000000000000000000,9185.3910,0.47739856692001461887,2.0946858019528664,0.94260861087878990010,0,0
F0000636,C000406,2022-11-04,0,working_capital,7218.24,6529.13,689.11,0.12,24,0,senior_secured,EUR,bullet,services,Astana,micro,LLP,state_related,14.0,6,0,1,0,64548.46,,9271.73,6067.32,68397.6,20041.53,4723.83,1745.84,7193.08,43464.64,20030.53,11440.26,10327.9,24932.97,1269.55,7371.24,3369.65,21768.16,1.00054916170465783981,0.91339020984467210803,0.87306726795885127203,0.31825912020304806017,2.3477991701656541,7.3031625379071324,0.14363983277060366738,0.09399635560631500736,0.33862485391507596416,0.41291281841496609343,0.36452989578581704621,,equipment,15894.38,0.40000000000000000000,9536.628,0.41078230166889177181,2.4343794655643248,1.4606276793385949,0,0
F0000447,C000279,2022-11-05,0,credit_line,63671.15,23643.79,40027.36,0.0957,24,1,senior_unsecured,KZT,amortizing,manufacturing,Almaty,medium,LLP,private,24.4,229,0,0,0,875453.9,,130811.23,83336.9,792848.14,221254.98,40640.63,38385.56,81786.77,462127.55,227061.85,47034.24,103498.95,330720.6,17621.6,51281.8,31871.79,150533.19,0.97442604294820992606,0.80537272113303049367,0.45516726203326917041,0.18986383697639752299,1.1507665664484616,7.4233457801788714,0.14942103747553126441,0.09519279084826739592,0.34066772915660659287,0.86406477493842783470,0.41712981757136997256,,equipment,44783.91,0.40000000000000000000,26870.346,0.52795278482830105723,1.8941087702098521,1.13646526212591128580,0,0
F0000032,C000019,2022-11-06,0,leasing,17979.72,15395.02,2584.7,0.1269,36,0,senior_unsecured,USD,amortizing,agriculture,Almaty,micro,LLP,private,5.8,9,1,0,0,80545.74,,3085.03,-286.12,72571.75,43786.35,5842.38,9949.66,9901.57,54738.86,18127.75,12717.15,28544.93,17832.89,2667.95,2807.51,3165.22,41262.08,2.4154321413302809,1.8665686585483582,2.3138190164353619,0.56856945023373420098,13.3749363863560484,1.1563297662999681,0.03830159112077187447,-0.00355226732040701346,0.06804092280369772925,0.45940953751430155341,0.24572771085167437743,,equipment,20651.96,0.40000000000000000000,12391.176,0.74545079498507647700,1.3414701637282706,0.80488209823696234237,1,0
F0000649,C000415,2022-11-07,0,overdraft,10887.08,9751.88,1135.2,0.1198,36,1,senior_secured,USD,bullet,transport,Aktobe,micro,IE,state_related,25.6,11,0,1,0,86015.59,,11122.93,7844.53,125618.8,61650.72,14251.65,5480.67,23070.05,75201.84,39052.35,21515.59,13542.46,50416.96,4892.17,9191.61,5505.27,35058.05,1.5786686332576657,1.4383270148915494,0.69536223524782136805,0.27908282836645470264,3.1518718539089970,2.2736188644303039,0.12931295361689665792,0.09119893265860293465,0.26218258003511319084,0.66238713416643466435,0.40134884268915162380,,none,0.0,1.00000000000000000000,0.00,,0.00000000000000000000,0.00000000000000000000,0,0
F0000412,C000258,2022-11-10,0,trade_finance,97177.08,76720.12,20456.97,0.1568,36,1,senior_unsecured,USD,amortizing,agriculture,Aktobe,small,LLP,private,23.5,38,0,0,0,1008359.73,,-18997.89,-65093.33,972435.95,461388.84,28735.99,51528.15,167106.41,869778.16,429683.2,94008.83,162638.95,102657.8,23852.2,-20395.69,48612.35,256647.78,1.0737884096934672,0.95386715142691173404,2.5000319508113363,0.26392255448803594725,-13.5092781356245351,-0.79648376250408767325,-0.01884038943125981439,-0.06455367867576385661,-0.07946957499496001875,0.30567330749675323052,0.10556767260609811885,,real_estate,118147.98,0.25000000000000000000,88610.9850,0.64935617181097806327,1.5399869030444686,1.1549901772833515,0,0
F0000460,C000288,2022-11-10,0,working_capital,272614.05,257934.95,14679.1,0.1464,24,0,senior_unsecured,KZT,amortizing,services,Astana,small,LLP,private,12.3,39,0,0,0,888911.27,,105774.17,87439.15,820019.24,212881.18,33017.08,72543.55,41218.94,457278.88,157700.29,79936.97,147894.01,362740.36,26211.95,74942.66,66689.74,227830.98,1.3499098828543689,0.88990089999200381940,0.62808279729335880904,0.27783613955204270573,2.1539377713859631,4.0353415140804099,0.11899294515638214374,0.09836656700280107822,0.32893972540521047664,0.41303892304149131497,0.44235591350271244855,,none,0.0,1.00000000000000000000,0.00,,0.000000000000000000000000,0.000000000000000000000000,0,0
F0000121,C000074,2022-11-25,0,leasing,111007.09,94552.48,16454.61,0.1032,12,0,senior_unsecured,KZT,bullet,trade,Aktobe,small,JSC,private,22.9,20,1,0,0,1136755.29,,204729.84,135855.76,1421699.65,389510.32,91313.01,26256.22,96690.32,498890.54,281603.84,82057.56,185769.18,922809.12,14686.96,197685.19,63618.11,267826.74,1.3831853997445489,1.2899472535601787,0.29022983648015962391,0.18838489550166239402,1.3081959132093299,13.9395654376399200,0.18010018673412111414,0.11951187840964434835,0.73810848759910978269,1.1127921668643328,0.64908865947881467088,,none,0.0,1.00000000000000000000,0.00,,0.000000000000000000000000,0.000000000000000000000000,0,0
F0000284,C000174,2022-11-26,0,credit_line,507922.69,401971.25,105951.44,0.1299,12,1,senior_unsecured,KZT,amortizing,trade,Astana,small,LLP,private,8.7,44,1,0,0,1197187.93,,199296.28,138356.83,1331153.15,772808.62,106053.6,154390.41,245406.84,560235.52,334365.75,141045.03,195497.39,770917.63,49291.07,132694.62,42627.15,336542.42,2.3112672873941186,1.8495261850234362,0.43654783196487541736,0.25282021080744916541,1.6886537972510074,4.0432532708257297,0.16647033853740907662,0.11556817984290904102,0.39428794741536594406,0.75191305925490603958,0.57913518816373608101,,none,0.0,1.00000000000000000000,0.00,,0.000000000000000000000000,0.000000000000000000000000,0,0
F0000404,C000252,2022-11-26,0,credit_line,25424.74,10605.63,14819.11,0.1312,36,1,senior_secured,KZT,annuity,construction,Karaganda,small,IE,private,14.1,27,0,0,0,238593.47,,14822.68,8624.5,240958.9,104213.17,15752.75,11641.32,37105.28,194373.95,57315.23,39707.43,65968.5,46584.95,7100.07,16103.22,4104.67,105675.93,1.8182456914157022,1.6151352790523566,2.2684564435509752,0.43856412857130406887,7.1293403082303605,2.0876808256820003,0.06212525430809149974,0.03614725918525766862,0.15238304503210901480,0.39672046264389309507,0.19333151836267512841,,inventory,25136.55,0.55000000000000000000,11311.4475,0.42192066930426013116,2.3701137980487722,1.06655120912194749393,0,0
F0000136,C000084,2022-11-29,0,working_capital,53465.78,42989.22,10476.55,0.1072,24,0,senior_secured,KZT,amortizing,trade,Aktobe,small,IE,private,6.0,43,1,0,0,330914.38,,81546.01,67986.7,340131.24,219715.74,38061.13,52914.94,27521.0,143826.74,87319.11,43771.35,27441.99,196304.5,9028.86,79509.87,21518.87,71213.34,2.5162388851650000,1.9102439317120846,0.36276977858378182874,0.20937018310931980256,0.87329030568141837964,9.0317061068617744,0.24642631124099230744,0.20545102935689890539,1.11650246990240873409,0.86954434807242637022,0.57714339911852848330,,equipment,53017.94,0.40000000000000000000,31810.764,0.81084289581979231935,1.2332845304008772,0.73997071824052634591,0,0
F0000694,C000451,2022-11-29,0,term_loan,10725.75,9159.84,1565.91,0.1433,12,0,senior_secured,USD,bullet,trade,Shymkent,small,IE,private,3.0,42,0,0,0,226053.78,,2575.44,-3968.24,285314.31,80755.29,12588.29,12999.66,28650.11,199530.22,69557.84,41970.72,63253.37,85784.09,8138.57,1709.87,4758.37,105224.09,1.1609804157230874,0.97409048354578002997,1.2266154481559459,0.36880060449824616228,40.8567429254806946,0.31644871273454673241,0.01139304107190775576,-0.01755440674338646317,0.01624979603054775765,0.29993028473183209628,0.30066522075250974969,,none,0.0,1.00000000000000000000,0.00,,0.00000000000000000000,0.00000000000000000000,0,0
F0000545,C000344,2022-12-03,0,leasing,11694.13,9776.68,1917.45,0.1012,24,0,senior_unsecured,KZT,annuity,trade,Aktobe,micro,LLP,private,13.6,10,1,0,0,134318.54,,32725.35,28083.52,202664.83,106963.88,16366.57,17768.51,43993.67,73034.57,35869.76,20154.2,28909.4,129630.26,6353.99,16973.86,6075.93,49063.6,2.9820071280097776,2.4866452967625097,0.37848878803452218641,0.24209232554064758054,1.4992536367067121,5.1503622133494072,0.24363985790792544350,0.20908148644260129689,0.34595626900594330624,0.81206745988429210785,0.63962879005696252280,,equipment,17462.07,0.40000000000000000000,10477.242,0.55988093049678531812,1.7860940523776988,1.0716564314266193,0,0
F0000060,C000037,2022-12-04,0,trade_finance,2238465.71,1920287.4,318178.31,0.1124,18,1,senior_secured,KZT,annuity,agriculture,Other,medium,LLP,private,5.4,114,1,0,0,5033537.01,,986859.83,736947.56,6912686.64,4215889.29,169481.36,500342.3,731338.1,5247836.78,1660628.02,903799.95,1297194.36,1664849.86,288855.14,1001926.16,376816.32,2200994.31,2.5387318768714983,2.2374348410669356,1.3220377181639670,0.31839925988602312805,2.2303008422178862,3.4164523781712868,0.19605693333324671432,0.14640749805473268985,0.45521524315071945824,0.18752087782257567064,0.24083976993350301787,,real_estate,5271745.21,0.25000000000000000000,3953808.9075,0.36426028260193553626,2.7452896946571643,2.0589672709928733,0,0
F0000259,C000156,2022-12-07,0,overdraft,125048.12,115667.97,9380.15,0.118,48,1,senior_unsecured,KZT,annuity,transport,Aktobe,small,LLP,private,10.1,45,0,0,0,876291.31,,148593.2,95260.26,1144420.96,453544.11,37125.8,158093.84,159518.04,400622.26,114779.79,35536.43,128241.96,743798.7,10190.2,77601.09,15926.23,163778.39,3.9514282958698565,2.5740617751609408,0.22019182071708380238,0.14311026774623212074,1.1021930344053429,14.5819709132303586,0.16957055068821805388,0.10870843852143187406,0.47381763857856949259,1.04472508915498827541,0.64993453108373687948,,receivables,238204.45,0.45000000000000000000,131012.4475,0.48558274205204814604,2.0593812617269932,1.1326596939498463,0,0
F0000581,C000370,2022-12-09,0,leasing,743229.6,622349.06,120880.54,0.1127,48,0,subordinated,USD,bullet,trade,Atyrau,medium,LLP,private,7.5,119,0,0,0,2710242.0,,465081.84,323419.22,2238612.84,1297552.02,283667.04,373759.65,555428.74,1492935.65,831851.04,431426.81,519066.94,745677.19,149499.95,385082.85,73128.72,950493.75,1.5598369871605859,1.1105261946898570,1.2746718858330640,0.42459050221475545544,2.0437128871770181,3.1109163581660061,0.17160159129701332944,0.11933222937287518974,0.40513980233957351114,0.65750906857179320868,0.33309787948862117667,,inventory,1081438.58,0.55000000000000000000,486647.3610,0.57548257618107169803,1.7376720710400045,0.78195243196800200839,0,0
F0000202,C000120,2022-12-12,0,working_capital,16146.45,14266.51,1879.94,0.1295,18,0,senior_secured,USD,bullet,construction,Karaganda,micro,LLP,state_related,23.3,4,0,1,0,51671.65,,8033.51,5515.36,61795.07,20923.92,943.77,5182.93,5252.16,54531.8,32110.59,15176.25,20107.22,7263.28,4843.34,8048.85,3313.87,35283.47,0.65162054013956143441,0.49021179617067142024,4.8577873908206761,0.57097548396660121916,4.3920366066638369,1.6586714952904401,0.15547229476898841047,0.10673860811489472467,0.22811956987223762289,0.06218729923400049419,0.11753817901654614195,,real_estate,9178.87,0.25000000000000000000,6884.1525,1.5542773783701044,0.64338580353569303214,0.48253935265176977411,0,0
F0000716,C000465,2022-12-12,0,term_loan,86396.73,83146.51,3250.22,0.1013,36,0,senior_unsecured,KZT,bullet,energy,Kostanay,micro,LLP,foreign_owned,25.8,9,1,0,0,262979.15,,42844.85,31192.48,471824.72,133619.47,16478.95,9974.27,45064.7,308034.07,81528.44,39906.65,140423.97,163790.66,12255.31,41778.08,9896.06,180330.62,1.6389307829267922,1.5165897936965309,1.1009823148645961,0.38219832992217957550,4.2089217257149926,3.4960233564063251,0.16292109089256695826,0.11861198882116700126,0.23167490911970468465,0.41293744275703422863,0.34714302379069922407,,guarantee,121849.45,0.30000000000000000000,85294.615,0.68237082727907265892,1.4654788276741862,1.02583517937193034320,0,0
F0000006,C000004,2022-12-15,0,credit_line,271530.02,246563.3,24966.72,0.1452,60,1,senior_unsecured,USD,amortizing,real_estate,Other,small,LLP,private,15.5,24,0,0,0,1083132.85,,146042.1,115181.91,1346659.85,797866.37,161023.36,44405.63,206852.93,941146.18,408606.36,111081.64,286764.41,405513.67,37907.62,71675.56,68174.0,397846.05,1.9526528417227769,1.8439770247335357,0.98109158687548067122,0.29543173058883429249,2.7241874089731660,3.8525789801628274,0.13483304471838334513,0.10634144278792763048,0.18015903387755137948,1.4495947305063195,0.30112553663792679347,,none,0.0,1.00000000000000000000,0.00,,0.000000000000000000000000,0.000000000000000000000000,0,0
F0000140,C000086,2022-12-15,0,term_loan,19580.18,17502.21,2077.97,0.0966,36,0,senior_unsecured,KZT,amortizing,energy,Kostanay,small,IE,private,9.2,33,0,0,0,139904.54,,15393.52,10889.45,119039.03,31198.93,2397.22,10336.81,12033.47,82270.55,52448.49,14718.1,18951.63,36768.48,2362.08,8925.49,10606.09,33669.73,0.59484896514656570666,0.39776397757113693836,0.91572265157547986754,0.28284613878322093182,2.1872664601728520,6.5169342274605433,0.11002873816675284448,0.07783485796815457168,0.26508944384169400824,0.16287564291586549894,0.30887751689508894688,,real_estate,17314.25,0.25000000000000000000,12985.6875,1.01085579796988030091,0.98926078478089338432,0.74194558858567003824,0,0
F0000223,C000132,2022-12-22,0,credit_line,487408.36,398596.29,88812.07,0.1221,60,1,senior_secured,KZT,annuity,manufacturing,Atyrau,small,LLP,private,12.7,47,0,0,0,1361559.59,,171036.3,85347.24,1890774.89,683067.87,160884.63,130780.47,132139.97,972477.92,407710.96,164847.5,181277.07,918296.97,24094.58,163663.53,59620.87,346124.57,1.6753728425647424,1.3546052330798269,0.37692008283551235065,0.18305963963801105905,2.0236907019153244,7.0985383434780768,0.12561793200692743826,0.06268344083272917934,0.47284574452486860439,0.97596038763099228074,0.48567228962935931522,,real_estate,456338.88,0.25000000000000000000,342254.1600,0.87346554823468033230,1.1448648455809762,0.85864863418573213514,0,0
F0000428,C000267,2022-12-27,0,working_capital,190348.04,173988.21,16359.83,0.1106,24,0,senior_unsecured,KZT,amortizing,transport,Almaty,small,LLP,private,15.3,17,0,0,0,259847.41,,29399.9,17880.21,383380.76,226177.73,33942.37,68362.69,54255.95,192105.17,77037.57,34320.44,94277.49,191275.59,11164.72,17237.91,18750.91,128597.93,2.9359406066416685,2.0485464429887911,0.67231751840368130612,0.33543136071825826627,4.3740941295718693,2.6332859220831333,0.11314294031254727534,0.06881042223972907792,0.13404500367929717065,0.98898411558826168895,0.49891807298832627908,,none,0.0,1.00000000000000000000,0.00,,0.000000000000000000000000,0.000000000000000000000000,0,0
F0000210,C000124,2022-12-30,0,credit_line,86752.22,81184.58,5567.65,0.1105,18,1,senior_unsecured,KZT,annuity,agriculture,Astana,small,JSC,foreign_owned,14.7,31,0,0,0,491794.66,,56030.41,30503.78,514950.81,129558.23,23909.85,10780.17,22892.92,292494.37,111892.82,32237.3,91776.52,222456.44,9519.19,22183.07,34887.62,124013.82,1.1578779585678509,1.06153424321596327629,0.55747462289695906309,0.24082653642199339389,2.2133305824462109,5.8860480776200496,0.11393049692731515222,0.06202543964182124304,0.17887578981116781984,0.74168277119982132499,0.43199551428999597068,,real_estate,147764.33,0.25000000000000000000,110823.2475,0.54941933550539565266,1.8201033989459575,1.3650775492094681,0,1
F0000339,C000213,2022-12-30,0,term_loan,8846.4,8260.51,585.89,0.1186,36,0,senior_secured,USD,annuity,services,Karaganda,micro,LLP,private,7.1,7,1,0,0,77486.91,,13267.42,7786.35,72538.98,25689.51,6266.56,1868.88,3621.71,17973.75,10078.92,6153.3,3127.34,54565.23,963.17,13009.66,2558.69,9280.64,2.5488355895274494,2.3634109606981700,0.17008340292893478136,0.12794003996196252001,0.69950600795030231952,13.7747438146952251,0.17122143598189681328,0.10048600466840141128,1.4018063409420040,1.0184063835665415,0.75221942740303213527,,real_estate,11192.4,0.25000000000000000000,8394.300,0.73804635288231299811,1.3549284487277420,1.0161963365458065,0,0
F0000365,C000227,2022-12-30,0,term_loan,116042.34,111920.95,4121.38,0.1329,24,0,senior_secured,USD,annuity,services,Almaty,small,LLP,private,6.6,40,0,0,0,310969.45,,45118.61,30973.21,516737.26,246745.63,30663.02,69046.04,47062.75,225440.91,81608.16,37883.28,106941.94,291296.35,17240.36,18691.14,12830.34,144825.22,3.0235411507868821,2.1774733065909095,0.49717485303197242259,0.28026858368990074376,3.2098776979166690,2.6170340990559362,0.14509016882526563301,0.09960209917726644852,0.12905998002281646802,0.80940773871745002017,0.56372236443719967087,,none,0.0,1.00000000000000000000,0.00,,0.000000000000000000000000,0.000000000000000000000000,0,0
F0000329,C000206,2022-12-31,0,credit_line,358443.98,308246.44,50197.54,0.1519,48,1,senior_secured,USD,amortizing,transport,Other,medium,LLP,foreign_owned,19.6,111,0,0,0,3439118.59,3553603.96,408283.47,308177.63,3630531.5,1938751.65,214413.0,200309.56,545482.0,2605615.83,1190449.27,658350.6,796499.06,1024915.67,197301.54,341927.12,172721.01,1454849.66,1.6285882135909916,1.4603243782072293,1.4194823072614355,0.40072635645772526695,3.5633322603043420,2.0693374719731027,0.11871747347915676266,0.08960948043376428028,0.23502574142265668880,0.32568209097098111553,0.28230457992170016980,-0.03221669361264444336,none,0.0,1.00000000000000000000,0.00,,0.000000000000000000000000,0.000000000000000000000000,0,0
F0000418,C000261,2022-12-31,0,working_capital,101212.79,98065.59,3147.2,0.1174,12,0,senior_unsecured,KZT,bullet,construction,Shymkent,small,LLP,private,7.0,45,0,0,0,457025.84,537132.82,32290.72,11733.73,786933.69,238562.58,48030.95,28733.22,52525.27,364665.11,151154.47,85975.93,177718.92,422268.58,38445.69,11517.47,9631.85,263694.85,1.5782700968089134,1.3881783317423560,0.62447187048584102563,0.33509157550491960765,8.1662734680428309,0.83990481117649338586,0.07065403566677980396,0.02567410630436125887,0.04367726559695799899,0.55865577726231050946,0.53659995164268542118,-0.14913812192671451355,none,0.0,1.00000000000000000000,0.00,,0.000000000000000000000000,0.000000000000000000000000,0,0
F0000357,C000223,2023-01-02,0,working_capital,4109.92,3497.31,612.61,0.1374,18,0,senior_unsecured,KZT,annuity,real_estate,Other,micro,LLP,private,9.1,7,0,0,0,61728.05,58003.09,2454.56,-359.67,99492.93,47343.38,6763.17,16032.14,6663.28,66095.61,19882.48,11990.23,28922.66,33397.32,3236.66,1859.34,4417.2,40912.89,2.3811607002748148,1.5748156165629237,1.2250351225786979,0.41121404304808391913,16.6681156704256567,0.75836201516377994599,0.03976409428128703239,-0.00582668657117793288,0.04544631288574334397,0.56405673619271690368,0.33567530878827269435,0.06422002689856695566,none,0.0,1.00000000000000000000,0.00,,0.00000000000000000000,0.00000000000000000000,0,0
F0000246,C000148,2023-01-03,0,working_capital,19646.91,16603.83,3043.08,0.1114,12,0,senior_secured,KZT,amortizing,transport,Kostanay,micro,IE,private,20.4,8,0,0,0,88990.72,78315.7,17475.5,12984.74,84569.34,39441.32,8225.12,4519.09,11584.72,51457.98,28258.09,16562.67,16687.07,33111.36,3044.29,13970.96,4945.74,33249.74,1.3957532161586293,1.2358312256773193,1.00417923033061764905,0.39316541905139616793,1.9026488512488913,5.7404189482605139,0.19637440847764800644,0.14591116916460502848,0.42018253375815871041,0.49660592162978553579,0.39152912864165665713,0.13630753475995234672,equipment,39677.2,0.40000000000000000000,23806.32,0.41847282570342665309,2.3896414261046999,1.4337848556628200,0,0
F0000702,C000455,2023-01-03,0,term_loan,14978.1,12799.29,2178.81,0.1569,24,0,senior_secured,KZT,amortizing,real_estate,Aktobe,micro,LLP,private,11.7,7,0,0,0,88092.47,83544.36,6486.45,-1247.81,139549.76,74752.11,8267.25,8939.39,24692.7,111874.56,63197.98,20525.86,31935.98,27675.2,4374.89,4591.95,5817.98,52461.84,1.1828243560949258,1.04137379074457759568,1.8956264092039082,0.37593644016299275613,8.0879124945077816,1.4826544210254429,0.07363228661882224440,-0.01416477480992416264,0.08752933560851087190,0.40277240515135541215,0.19831779001268078139,0.05443946186193777773,none,0.0,1.00000000000000000000,0.00,,0.000000000000000000000000,0.000000000000000000000000,0,0
F0000704,C000456,2023-01-08,0,overdraft,3320.69,1653.9,1666.8,0.0962,36,1,senior_secured,KZT,amortizing,transport,Almaty,micro,IE,private,12.7,9,0,0,0,84141.11,91494.03,6017.25,4234.55,136937.83,44961.99,2602.19,3844.88,7098.73,49118.28,12842.18,8448.82,29363.08,87819.55,4856.83,3714.82,5004.08,37811.90,3.5011181902138111,3.2017235391498951,0.43056358179926906936,0.27612457419545789502,6.2839170717520462,1.2389253896059776,0.07151379391120464182,0.05032676654729180540,0.09824473247839965725,0.30799448917126888725,0.64130963664313944510,-0.08036502490927550136,inventory,1035.04,0.55000000000000000000,465.7680,1.5979092595455248,0.62581776407279762984,0.28161799383275893343,0,0
F0000017,C000011,2023-01-09,0,term_loan,384269.47,343738.97,40530.5,0.1382,60,0,senior_unsecured,USD,bullet,energy,Shymkent,medium,LLP,private,13.4,161,0,0,0,2538573.71,2372931.71,258577.71,115254.45,4514267.15,1535796.04,197433.64,334141.95,218236.62,3353667.64,1206898.5,605981.86,1351992.88,1160599.51,227693.81,101262.78,55349.32,1957974.74,1.2725146646548985,0.99565463872894033757,1.6870373657145521,0.43373036529306866564,7.5720940524997302,1.1356378550650982,0.10185944531821374610,0.04540126195508421932,0.05171812379969723205,0.32580783853826911584,0.25709588543070606710,0.06980479012605044584,equipment,440757.59,0.40000000000000000000,264454.554,0.77988213430425554328,1.2822450419281817,0.76934702515690903478,0,0
F0000369,C000230,2023-01-11,0,term_loan,3561.4,3233.31,328.09,0.1626,18,0,senior_secured,KZT,bullet,services,Shymkent,micro,LLP,private,21.8,15,0,0,0,37091.38,44549.61,1829.23,68.78,57684.1,29327.35,4296.92,9141.68,5008.71,48349.94,15719.04,11706.68,10430.76,9334.15,2453.97,870.74,1430.18,22137.44,1.8657214435487154,1.2841541213712797,2.3716610510866014,0.38377022437725473744,12.1020538696610049,0.74541661063501183796,0.04931684935960862066,0.00185433920226208893,0.03933336465282345203,0.36704855689230422289,0.16181495420748525157,-0.16741403572332058575,equipment,4782.17,0.40000000000000000000,2869.302,0.67611774570958372454,1.4790323229136705,0.88741939374820230661,0,0
F0000574,C000365,2023-01-11,0,overdraft,2131570.8,1997943.48,133627.32,0.0955,36,1,senior_secured,KZT,amortizing,real_estate,Aktobe,large,IE,private,23.2,437,0,0,0,8806985.36,6925900.11,847624.67,398618.05,15352807.01,7779880.05,1100009.89,1590335.54,2026441.94,6772686.4,2521503.89,629634.02,1501246.0,8580120.61,179637.01,720137.16,466415.34,2130880.02,3.0854126701347266,2.4547035340881429,0.24835082359057887416,0.13879416439039833928,2.5139428988068504,4.7185414074749964,0.09624458714894468724,0.04526157745310479317,0.33795293645861863213,1.7470623490134793,0.55886331433798176820,0.27160155649429370705,none,0.0,1.00000000000000000000,0.00,,0.000000000000000000000000,0.000000000000000000000000,0,0
F0000637,C000407,2023-01-16,0,working_capital,26446.37,25468.42,977.95,0.1179,24,0,senior_unsecured,KZT,bullet,agriculture,Shymkent,micro,LLP,private,15.6,15,0,0,0,141486.9,127841.58,12478.77,2549.29,216003.47,67211.47,5898.61,5516.99,23872.16,133325.33,71439.96,48059.39,33853.07,82678.14,10051.82,12745.78,8873.89,81912.46,0.94081057716157735811,0.86358503000281635096,0.99073902726887663414,0.37921825978073407802,6.5641453444530190,1.24144383803132169100,0.08819735254641949184,0.01801785182939197905,0.15560245657376179399,0.12273584829104156337,0.38276301764967016502,0.10673616518193845852,real_estate,43221.93,0.25000000000000000000,32416.4475,0.58924763424493075622,1.6970793633841440,1.2728095225381080,0,0
F0000338,C000213,2023-01-17,0,term_loan,30240.68,28253.49,1987.19,0.1033,18,0,senior_secured,KZT,amortizing,services,Karaganda,micro,LLP,private,7.1,7,1,0,0,89394.0,77486.91,15207.5,8639.51,91467.16,54465.86,5421.47,5200.0,23755.64,40297.36,21116.2,15005.43,7616.84,51169.8,2276.65,7651.18,3889.96,22622.27,2.5793400327710478,2.3330836040575482,0.44210198202846210069,0.24732669080356272131,1.4875732368896926,6.6797707157446248,0.17011768127614828736,0.09664530057945723427,0.33821451162946954483,0.36130054253693496288,0.55943357156819999659,0.15366582562138559919,inventory,51272.1,0.55000000000000000000,23072.445,0.55104998624983177986,1.8147174030535697,0.81662283137410634934,0,0
F0000058,C000035,2023-01-18,0,leasing,6805276.26,6473449.46,331826.8,0.1315,12,0,senior_secured,KZT,annuity,transport,Almaty,large,IE,private,4.7,327,0,0,0,11446568.9,10034899.61,1257742.9,785588.72,11340801.99,5596067.66,962078.83,1324608.69,1189849.98,4572444.36,1527205.26,435147.64,1139955.43,6768357.63,239244.24,453272.6,596710.11,1575103.07,3.6642537886492088,2.7969121649044085,0.23271569797354221662,0.13888815547514907277,1.2523251532566791,5.2571501825916478,0.10987946789889151849,0.06863093446281531578,0.28777329473429316597,2.2109250782102369,0.59681472579877042717,0.14067597533245277777,none,0.0,1.00000000000000000000,0.00,,0.000000000000000000000000,0.000000000000000000000000,0,0
F0000343,C000216,2023-01-18,0,working_capital,23618.09,22749.02,869.07,0.1491,36,0,senior_unsecured,KZT,amortizing,real_estate,Almaty,small,LLP,private,19.5,29,0,0,0,266763.96,281493.39,25453.21,5017.37,477285.25,153433.02,10899.02,14217.04,68943.32,323486.62,105487.6,61407.77,164741.42,153798.62,24418.85,27667.69,3394.2,226149.19,1.4545123787061228,1.3197378649244082,1.4704240519193215,0.47382396585689585002,8.8848986041446246,1.04235907915401421443,0.09541472543742415580,0.01880827530075651898,0.12234264469397392049,0.17748600869238534472,0.32223627275303395611,-0.05232602442281149124,inventory,53142.71,0.55000000000000000000,23914.2195,0.42807414224829708534,2.3360439262878137,1.05121976682951617256,0,0
F0000027,C000017,2023-01-22,0,leasing,12130.5,10272.66,1857.85,0.1636,60,0,senior_unsecured,KZT,amortizing,energy,Karaganda,micro,LLP,foreign_owned,13.7,9,1,0,0,82379.02,86290.56,4219.67,-1534.47,111264.11,32317.47,4938.41,6154.07,6931.75,88085.48,56590.06,16797.28,13090.94,23178.63,1973.04,3281.4,3382.22,29888.22,0.57108032753455288791,0.46233207740016532939,1.28947310518352465180,0.26862408731800398170,7.0830704770752215,2.1386641933260350,0.05122262925681805877,-0.01862695137669761063,0.10978907409005956193,0.29400057628377927855,0.20832081432188690495,-0.04532987154098895638,equipment,22689.63,0.40000000000000000000,13613.778,0.45274691566147178248,2.2087395085596136,1.32524370513576814574,0,0
F0000156,C000095,2023-01-22,0,overdraft,13684.51,7281.9,6402.61,0.1593,60,1,senior_secured,KZT,annuity,manufacturing,Shymkent,micro,IE,private,4.4,10,0,0,0,102075.14,94694.59,1525.45,436.56,154165.69,44960.31,2050.91,2628.03,7175.05,89240.89,35278.92,7365.12,48177.98,64924.79,6035.96,984.54,4728.07,55543.10,1.2744242170678694,1.1999312904136521,0.85549910904602078805,0.36028185000177406529,36.4109607001212757,0.25272698957580898482,0.01494438312795848235,0.00427684938761778823,0.01772569410061735841,0.27846253693083072645,0.42113644092923658954,0.07794056661526281491,none,0.0,1.00000000000000000000,0.00,,0.00000000000000000000,0.00000000000000000000,0,0
F0000050,C000031,2023-01-23,0,overdraft,15015.18,11010.73,4004.46,0.1256,60,1,senior_secured,KZT,amortizing,transport,Karaganda,micro,LLP,private,15.2,12,0,0,0,157533.07,152083.32,13377.59,6492.67,252495.48,123900.43,24452.95,12813.1,33162.75,119271.84,29984.7,21939.98,73064.48,133223.64,10118.62,7232.11,9216.99,95004.46,4.1321217154081915,3.7048004482285966,0.71312013393418765618,0.37626202259145391434,7.1017619765593055,1.32207652822222793227,0.08491924901863462700,0.04121464781966097658,0.07612389986743780239,1.11453839064575263970,0.52762782129802878055,0.03583397574434855841,inventory,23206.86,0.55000000000000000000,10443.0870,0.47446013807986086873,2.1076586202731336,0.94844637912291010678,0,0
F0000022,C000014,2023-01-24,0,working_capital,29019.03,25585.08,3433.96,0.1039,36,0,senior_secured,KZT,amortizing,real_estate,Shymkent,micro,IE,private,7.7,5,1,0,0,109841.06,100427.93,24977.91,18032.71,98369.78,53371.27,12867.51,7514.62,23758.56,34010.44,11219.68,2936.84,17571.15,64359.34,2277.02,14495.89,5776.71,20507.99,4.7569333528228969,4.0871620224462730,0.31864823349649017532,0.20847855916725644807,0.82104507542864875404,10.9695610930075274,0.22740048211479386670,0.16417093935546506926,0.70684108974112041209,4.3814133558518680,0.65425926539634428378,0.09373020035362672516,real_estate,58020.14,0.25000000000000000000,43515.1050,0.44096894630037087122,2.2677333821117620,1.7008000365838215,0,0
F0000166,C000103,2023-01-24,0,overdraft,134471.28,80680.78,53790.5,0.0999,12,1,subordinated,KZT,bullet,services,Other,medium,LLP,private,6.7,235,0,0,0,2610868.21,2113161.03,385450.13,306441.18,4313544.5,2129431.42,150511.32,377255.01,523521.93,1449719.41,715505.89,397014.31,527709.97,2863825.09,56749.35,223056.77,29279.18,924724.28,2.9761200428412965,2.4488637123588179,0.32289830940757628463,0.21437689584516863104,2.3990763214945601,6.7921505708875961,0.14763293241829314701,0.11737137049901113163,0.24121435418566061659,0.37910804776784998002,0.66391458115246058085,0.23552733224500169776,none,0.0,1.00000000000000000000,0.00,,0.000000000000000000000000,0.000000000000000000000000,0,0
F0000655,C000419,2023-01-26,0,working_capital,785968.21,632965.07,153003.15,0.1163,12,0,senior_secured,KZT,amortizing,manufacturing,Kostanay,medium,LLP,private,18.9,183,1,0,0,2479696.89,2421753.71,276880.42,46764.89,2807876.13,844437.42,36291.38,243011.16,124815.17,2149036.54,1385969.57,614195.5,334775.35,658839.59,126076.18,153299.07,116971.1,948970.85,0.60927558460031701850,0.43393900776623833090,1.4403670702302513,0.33796749075252119473,3.4273671283798255,2.1961358600807861,0.11165897780353307617,0.01885911547842446179,0.16154244358506902504,0.05908766834012948646,0.23463983434340460026,0.02392612418048076408,real_estate,892903.27,0.25000000000000000000,669677.4525,0.70888425573802635979,1.4106675270406312,1.0580006452804734,0,0
F0000036,C000021,2023-01-28,0,leasing,29517.04,23678.86,5838.18,0.1216,36,0,senior_secured,KZT,amortizing,manufacturing,Almaty,micro,IE,private,14.0,9,1,0,0,87531.93,98534.72,9050.92,4268.97,90181.77,29828.78,3390.16,5160.83,10248.48,63172.8,34010.17,10056.57,15156.7,27008.97,1700.02,7829.43,2395.93,25213.27,0.87705471628045375839,0.72531098786039587570,0.93351468049318430136,0.27958278042225163689,2.7857134965285297,5.3240079528476136,0.10340135308338340078,0.04877043154423762849,0.31052814648794067568,0.33710897453107769349,0.29949478702846484384,-0.11166409160141724663,none,0.0,1.00000000000000000000,0.00,,0.000000000000000000000000,0.000000000000000000000000,0,0
F0000434,C000271,2023-01-28,0,working_capital,1120220.62,1054408.31,65812.31,0.1308,36,0,senior_unsecured,KZT,annuity,services,Shymkent,medium,LLP,private,18.9,149,0,0,0,2520547.21,1959839.06,250462.33,168810.76,2523382.82,1468687.69,182681.58,407768.1,425650.68,924118.11,290595.73,114423.58,426394.31,1599264.71,28633.33,123038.34,93397.93,540817.89,5.0540580551544925,3.6508436995959989,0.33816658781897338309,0.21432256957349024038,2.1592783633371134,8.7472302383271523,0.09936823599507187965,0.06697385366568872955,0.22750419739258255676,1.5965378814401717,0.63377807652665242446,0.28609907897233153420,guarantee,1340457.99,0.30000000000000000000,938320.593,0.78660302513471533711,1.2712892883023655,0.88990250181165586603,0,0
F0000562,C000358,2023-01-28,0,working_capital,336809.71,331611.32,5198.39,0.1475,24,0,senior_secured,KZT,annuity,trade,Astana,small,LLP,foreign_owned,4.6,31,0,0,0,564954.63,448561.49,132206.08,124384.24,474801.03,286107.08,22460.99,87943.99,86507.97,152733.45,42469.56,31002.41,52910.97,322067.58,4736.82,122114.04,12706.83,83913.38,6.7367563968169202,4.6660028971338530,0.26054587673804361184,0.17673377835764172626,0.63471649715353484499,27.9103026925236762,0.23401185330581324734,0.22016677693215825136,1.4552392002324302,0.72449174112593182272,0.67832114854510741057,0.25948090193832734058,real_estate,206038.19,0.25000000000000000000,154528.6425,1.6094653132023728,0.62132435647854240923,0.46599326735890680692,0,0
F0000359,C000224,2023-01-31,0,leasing,651197.46,547510.55,103686.91,0.1225,36,0,senior_secured,KZT,amortizing,trade,Atyrau,medium,LLP,private,21.1,271,0,0,0,2634860.92,2382800.94,390501.74,227732.75,1923862.24,1170029.16,217690.26,98276.79,147567.44,862301.35,493898.27,295201.67,251690.01,1061560.9,65893.33,388219.42,87851.83,546891.68,2.3689679253179000,2.1699860783071785,0.51517692484717551296,0.28426758872298465612,1.4004846175589384,5.9262711415556021,0.14820582636293379766,0.08643065304562640824,0.70986528813164610586,0.73742895831178732830,0.55178633788248788541,0.10578306218059490945,equipment,919798.01,0.40000000000000000000,551878.806,0.59525085295629200154,1.6799639933878900,1.0079783960327340,1,0
F0000236,C000142,2023-02-01,0,term_loan,1595379.36,1375981.68,219397.68,0.1298,48,0,senior_unsecured,KZT,amortizing,energy,Shymkent,large,IE,private,20.8,1436,0,0,0,6514464.76,5987814.13,394495.3,212006.06,7188351.91,3368730.36,364804.73,936841.44,711692.13,5526921.59,1706124.7,1063198.76,1566829.58,1661430.32,284257.88,232907.38,355777.14,2630028.34,1.9744924623622177,1.4253875581310088,1.5829904560788321,0.36587362067531276442,6.6668179316711758,1.3878077891807256,0.06055682462545088662,0.03254389544045979305,0.08855698490306001798,0.34311997316475425536,0.23112812794942867509,0.08795373713445577510,equipment,2767970.31,0.40000000000000000000,1660782.186,0.49710854015627067907,2.0116331127315590,1.2069798676389354,0,0
F0000705,C000457,2023-02-04,0,credit_line,249889.51,186439.24,63450.27,0.1425,36,1,senior_secured,KZT,amortizing,agriculture,Other,small,LLP,private,22.4,30,0,0,0,874422.16,775817.95,102534.2,69835.63,767640.27,353836.1,60024.48,83227.34,116729.82,436349.71,247271.11,160168.66,167612.6,331290.56,50270.77,75869.73,51954.96,327781.26,1.4309641753134849,1.0943808194980805,0.98940718383282638660,0.42699852106508169510,3.1967993118393668,2.0396385414426714,0.11725937961133098457,0.07986489043232847621,0.23146451386513066671,0.37475795826724154401,0.43157006341003970519,0.12709709797253337590,real_estate,323831.81,0.25000000000000000000,242873.8575,0.57572861665442934714,1.7369294682814626,1.3026971012110970,0,0
F0000630,C000402,2023-02-07,0,working_capital,74155.87,64083.29,10072.58,0.1361,24,0,subordinated,USD,amortizing,trade,Astana,medium,LLP,private,7.3,197,0,0,0,2068225.67,1904887.35,191963.9,141937.22,2531588.46,948892.69,73877.08,78146.42,231836.14,1492204.26,949206.33,636943.09,222680.65,1039384.2,114217.23,136322.85,154758.93,859623.74,0.99966957658194293753,0.91734140668868063701,0.82705099808136394607,0.33955903717462829642,4.4780489456611373,1.6806912582278523,0.09281574191079448308,0.06862753037969981293,0.15858432434637042481,0.11598694005770594042,0.41056602067146411309,0.08574697081168605587,equipment,57283.1,0.40000000000000000000,34369.86,1.1187119761325766,0.89388512980528933518,0.53633107788317360111,0,0
F0000744,C000485,2023-02-08,0,credit_line,36777.69,19291.25,17486.43,0.1306,24,1,subordinated,USD,annuity,transport,Karaganda,micro,IE,private,14.9,11,0,0,1,95482.06,81100.35,13056.92,5722.43,152623.58,40331.62,8025.32,3453.56,5149.54,60004.42,37155.47,22576.67,19058.85,92619.16,2158.29,9580.63,6780.63,41635.52,1.0854827028160322,0.99253380457843757595,0.44953463192713041233,0.27279873791454767343,3.1887703991446681,6.0496596842870977,0.13674736385034005341,0.05993199141283713401,0.23010712968157957436,0.35546960645657663420,0.60684698917428093352,0.17733228031691601824,equipment,27587.28,0.40000000000000000000,16552.368,0.69928061048425216259,1.4300410808008812,0.85802464848052873712,0,0
F0000011,C000007,2023-02-09,0,overdraft,5854.63,5111.95,742.68,0.1104,18,1,senior_secured,KZT,annuity,transport,Kostanay,small,JSC,private,23.9,57,0,0,0,287751.77,240361.97,41320.96,30039.87,224085.55,59286.94,7889.16,13940.65,23958.43,113899.19,37435.15,18395.27,39643.93,110186.36,5982.63,43101.62,13853.07,58039.20,1.5837238531166564,1.2113291919492776,0.52673670316362206720,0.25900465246420396139,1.4045946657580076,6.9068219161138162,0.14359932521005865576,0.10439508330391851282,0.74262946422417952005,0.42886894294022322043,0.49171559701194476842,0.19716014143169154422,inventory,5164.36,0.55000000000000000000,2323.9620,0.98985159826193371492,1.0102524476960847,0.45461360146323809896,0,0
F0000651,C000417,2023-02-11,0,term_loan,730976.16,730805.87,170.3,0.1291,12,0,senior_secured,KZT,amortizing,transport,Atyrau,medium,IE,state_related,2.7,137,0,1,0,3536152.26,3376938.97,431844.09,357490.81,5828228.4,2947322.84,364633.8,488442.31,859193.85,3423706.1,1435006.16,511970.1,1211674.55,2404522.3,189818.54,425412.61,97535.57,1723644.65,2.0538746955622825,1.7134982403141740,0.71683454547291992260,0.29574075202680800910,3.9913586637251421,2.2750364110902971,0.12212259491337626961,0.10109598900585802264,0.24680992686050457094,0.71221698298396722777,0.41256487134237910100,0.04714722161531986466,equipment,922023.7,0.40000000000000000000,553214.22,0.79261072139468866147,1.2616533854606286,0.75699203127637713145,0,0
F0000201,C000119,2023-02-13,0,leasing,38707.91,33394.58,5313.33,0.1319,36,0,subordinated,KZT,bullet,trade,Atyrau,micro,LLP,private,20.1,15,0,0,0,104778.66,95758.26,10969.9,4236.15,95995.03,24855.77,5056.73,8578.14,8223.32,48006.59,29438.91,10015.84,6310.73,47988.44,1732.2,5981.46,4356.25,16326.57,0.84431692613619186308,0.55292909961679967091,0.34021881103032313616,0.17007724254057736114,1.48830618328334807063,6.3329292229534696,0.10469593713070963114,0.04042951112373454671,0.36636354114795698055,0.50487328072333423857,0.49990546385578503387,0.09419970663627346612,none,0.0,1.00000000000000000000,0.00,,0.000000000000000000000000,0.000000000000000000000000,0,0
F0000242,C000145,2023-02-17,0,credit_line,848134.63,611095.27,237039.36,0.1173,60,1,senior_unsecured,KZT,bullet,real_estate,Shymkent,medium,IE,private,2.2,197,0,0,0,2200047.71,2195732.19,271483.75,200574.65,2422101.29,1319048.0,167947.69,280854.36,470629.74,1983370.76,856776.12,216222.39,828050.81,438730.53,122032.4,161586.38,33748.08,1044273.20,1.5395480443595930,1.2117443702796012,2.3802154821548434,0.43114348863585304478,3.8465403546252768,2.2246858211425818,0.12339902846925078729,0.09116831834524170387,0.15473573390564844525,0.77673588752765150732,0.18113632646634691318,0.00196541273095786786,inventory,924772.1,0.55000000000000000000,416147.445,0.66080634353047631952,1.5133026639201446,0.68098619876406505323,0,0
F0000620,C000396,2023-02-22,0,leasing,461260.42,393037.12,68223.3,0.1242,18,0,senior_unsecured,KZT,annuity,transport,Aktobe,small,LLP,foreign_owned,5.0,29,0,0,0,869405.18,953584.15,115869.83,49061.62,631076.48,170733.22,10069.4,41498.71,73295.73,363192.37,132105.03,89331.79,139439.04,267884.11,22187.25,81679.35,14848.07,228770.83,1.2924051415756084,0.97827092579290886956,0.85399178771745737364,0.36250888323393069569,1.9743778859432175,5.2223610406877824,0.13327483280005302016,0.05643124877631853999,0.35703568501281391513,0.11271911152793423260,0.42448755180988522976,-0.08827639385574938510,equipment,653165.53,0.40000000000000000000,391899.318,0.60174198108709135340,1.6618418382467285,0.99710510294803707090,0,0
F0000028,C000017,2023-02-23,0,trade_finance,33866.58,12607.06,21259.52,0.1319,36,1,senior_secured,USD,annuity,energy,Karaganda,micro,LLP,foreign_owned,13.7,9,1,0,0,82379.02,86290.56,4219.67,-1534.47,111264.11,32317.47,4938.41,6154.07,6931.75,88085.48,56590.06,16797.28,13090.94,23178.63,1973.04,3281.4,3382.22,29888.22,0.57108032753455288791,0.46233207740016532939,1.28947310518352465180,0.26862408731800398170,7.0830704770752215,2.1386641933260350,0.05122262925681805877,-0.01862695137669761063,0.10978907409005956193,0.29400057628377927855,0.20832081432188690495,-0.04532987154098895638,real_estate,28313.41,0.25000000000000000000,21235.0575,0.44526816091738861550,2.2458376496978677,1.6843782372734008,0,0
F0000064,C000040,2023-02-24,0,working_capital,63575.09,57314.21,6260.88,0.1582,60,0,senior_secured,USD,amortizing,trade,Kostanay,small,LLP,private,10.8,33,0,0,0,688581.91,622280.13,55680.63,16701.55,663359.58,354197.48,70463.0,59407.79,116837.04,463776.44,253180.19,150708.58,74029.32,199583.14,15149.02,25030.97,51832.04,224737.90,1.3989936574421561,1.1643473764673295,1.1260364978725157,0.33878744918404585338,4.0361953519563266,3.6755268657642541,0.08086275458499919058,0.02425499386122414979,0.11137849913165514139,0.46754471444160644338,0.30086720086261511442,0.10654651627716282697,equipment,47130.97,0.40000000000000000000,28278.582,1.2160626017245136,0.82232608632309509282,0.49339565179385705569,0,0
F0000589,C000376,2023-02-24,0,overdraft,143562.52,58703.62,84858.9,0.1012,48,1,senior_unsecured,KZT,bullet,transport,Other,small,LLP,private,23.7,37,0,0,0,759522.49,739569.33,93721.51,48983.74,1238407.1,568476.38,26375.83,116441.41,99462.78,423816.43,234749.75,53976.1,56737.25,814590.67,7160.87,35991.59,21440.87,110713.35,2.4216272008809381,1.9256036268409232,0.13591286283698780886,0.08939980237516403128,1.1813013896169620,13.0880060663019996,0.12339530591121798118,0.06449281047622434459,0.32508807655084052646,0.48865757251820713242,0.65777293266487248014,0.02697943139421425169,real_estate,87631.43,0.25000000000000000000,65723.5725,0.66989229777489651829,1.4927772767675997,1.1195829575756998,0,0
F0000144,C000089,2023-02-25,0,term_loan,142055.85,135379.22,6676.63,0.1287,24,0,senior_secured,KZT,annuity,real_estate,Atyrau,small,IE,private,7.6,43,0,0,0,746046.83,654633.72,66255.1,26506.36,1338827.28,618901.22,136943.24,200101.38,174198.44,914951.63,431083.47,287212.26,425221.47,423875.65,61351.54,59892.8,22363.66,712433.73,1.4356876639227201,0.97150521684350364907,1.6807611619115182,0.53213266613449944044,10.7528889096839338,1.07992562207892418022,0.08880823205159922736,0.03552908334185938435,0.08406788937407553682,0.47680151258167043426,0.31660219083674482641,0.13964008758974407857,none,0.0,1.00000000000000000000,0.00,,0.000000000000000000000000,0.000000000000000000000000,1,0
F0000569,C000362,2023-02-27,0,term_loan,35508.67,28726.66,6782.01,0.1351,48,0,senior_unsecured,KZT,annuity,energy,Almaty,small,JSC,private,4.6,58,0,0,0,290729.99,276256.42,34136.81,17407.14,336654.82,147532.73,30063.98,30507.77,31607.27,176651.0,100417.81,46646.39,48263.98,160003.82,6551.65,12143.37,21827.24,94910.37,1.4691888819323982,1.1653805236342039,0.59317565043134595162,0.28192191040068875295,2.7802940579392158,5.2104141704761396,0.11741757360497965827,0.05987390568135058925,0.12794566073233093497,0.64450818166207502874,0.47527559534124596820,0.05239179599880429928,none,0.0,1.00000000000000000000,0.00,,0.000000000000000000000000,0.000000000000000000000000,0,0
F0000763,C000500,2023-02-27,0,term_loan,426368.01,400931.04,25436.97,0.0931,60,0,senior_unsecured,USD,amortizing,transport,Kostanay,medium,LLP,private,15.8,109,1,0,0,2175415.59,1761718.11,380185.62,334983.99,2573894.78,1261791.32,279702.71,396898.52,325762.97,716978.81,382113.3,276196.62,292920.88,1856915.96,90786.65,204986.79,149200.13,569117.50,3.3021392346196796,2.2634459465294718,0.30648532957840482991,0.22111140844692959826,1.4969464126496946,4.1876819995010280,0.17476459291164682699,0.15398620453942779733,0.36018360004744187272,1.01269418141322656302,0.72144206298907059441,0.23482614934349514066,receivables,357904.37,0.45000000000000000000,196847.4035,1.1202183421230649,0.89268311577971114434,0.49097571367884112939,0,0
F0000237,C000143,2023-02-28,0,leasing,8443.15,7774.38,668.77,0.1309,36,0,senior_secured,KZT,annuity,real_estate,Other,micro,LLP,private,19.4,6,0,0,0,65730.16,64351.81,7662.46,2744.88,91487.84,28254.89,1831.6,3530.21,10155.96,37619.52,17039.51,5239.61,8570.82,53868.32,1678.65,3304.68,3730.11,13810.43,1.6581985045344614,1.4510205985970254,0.25637387614835584254,0.15095372237447074934,1.8023493760489451,4.5646561224793733,0.11657449183145149806,0.04175982532219608168,0.23928871150282793512,0.34956800219863692145,0.58880305841738093281,0.02141897795881731998,none,0.0,1.00000000000000000000,0.00,,0.00000000000000000000,0.00000000000000000000,0,0
F0000031,C000018,2023-03-03,0,working_capital,13514.88,11911.09,1603.79,0.1013,12,0,senior_secured,KZT,annuity,trade,Karaganda,micro,IE,private,22.9,8,0,0,0,53012.93,55200.4,9623.0,8064.0,70270.0,25848.71,3691.22,6051.55,6445.52,38784.72,18765.8,3850.55,12850.22,31485.28,1999.02,9973.72,2065.41,16700.77,1.3774371462980528,1.05495955408242654190,0.53043104587286503407,0.23766571794506901950,1.7355055595967993,4.8138587908074957,0.18152175327792672467,0.15211383336103097867,0.59720120689046073924,0.95862149563049434496,0.44806147715952753664,-0.03962779255222788241,receivables,14537.05,0.45000000000000000000,7995.3775,0.81936087445527118638,1.22046345044827971244,0.67125489774655384184,0,0
F0000096,C000059,2023-03-04,0,overdraft,13910.02,6110.2,7799.82,0.1195,24,1,senior_secured,KZT,annuity,real_estate,Karaganda,small,LLP,private,8.2,50,0,0,0,236540.44,242138.16,13689.23,1896.82,260090.88,88259.64,13372.32,14431.89,23667.47,198818.46,71496.79,35434.6,63800.48,61272.42,13530.28,11357.3,2506.22,99235.08,1.2344559804712911,1.03260230284464519316,1.6195717420660062,0.38154002170318313353,7.2491352691130180,1.01174772436342780785,0.05787268341937640769,0.00801900934994455916,0.11444843899959570749,0.37738030061013811360,0.23558080929250575799,-0.02311787617449475952,inventory,4493.45,0.55000000000000000000,2022.0525,1.3598014888337469,0.73540145985401459854,0.33093065693430656934,0,0
F0000120,C000074,2023-03-04,0,credit_line,83944.24,33460.23,50484.02,0.1034,60,1,subordinated,KZT,amortizing,trade,Aktobe,small,JSC,private,22.9,20,1,0,0,1136253.84,1136755.29,153315.91,74811.9,1872719.28,599483.94,68475.51,72685.88,85681.24,692502.06,268932.07,87123.56,347157.39,1180217.22,57461.87,142632.99,14480.09,434280.95,2.2291277496209359,1.9588517650572503,0.36796696628439296963,0.23189858439434659956,2.8325889335294687,2.6681329723519266,0.13493103794483105993,0.06584083359401452056,0.32843483003341500473,0.78595858571435786141,0.63021576837720173415,-0.00044112396433184841,none,0.0,1.00000000000000000000,0.00,,0.000000000000000000000000,0.000000000000000000000000,0,0
F0000432,C000269,2023-03-04,0,overdraft,8149.85,7479.12,670.73,0.125,60,1,senior_unsecured,KZT,amortizing,construction,Other,micro,LLP,private,11.3,10,0,0,0,71401.27,69820.82,10244.41,2410.84,65519.05,18615.96,1922.62,2956.82,6480.42,62243.1,15639.16,11014.94,30462.32,3275.95,3035.45,5523.95,1334.48,41477.26,1.19034270382808283821,1.00127756222201192391,12.6611395167813917,0.63305649272997700669,4.0487700121334464,3.3749229932958869,0.14347657961826169198,0.03376466553045905206,0.13318020524981640542,0.17454657038531303847,0.04999996184315859281,0.02263579831918330378,receivables,6932.13,0.45000000000000000000,3812.6715,1.0789064832886862,0.92686439046304912877,0.50977541475467702083,1,0
F0000336,C000211,2023-03-06,0,working_capital,175437.74,169275.73,6162.01,0.1132,24,0,senior_secured,KZT,bullet,services,Aktobe,small,JSC,private,19.7,26,0,0,0,317023.24,315583.38,47034.31,37573.8,320049.09,184610.37,8137.05,27053.64,77013.42,176416.39,64146.66,41989.33,41858.09,143632.69,4682.89,50537.54,12153.22,83847.42,2.8779420471775148,2.4561953810221764,0.58376279104707988133,0.26198299767076356943,1.7826862985765072,10.0438639387216014,0.14836234088075057210,0.11852064851775535447,0.60273220094309401530,0.19378851722568566824,0.44878331008533722124,0.00456253431343564417,equipment,447729.42,0.40000000000000000000,268637.652,0.37807595935956140653,2.6449711367364949,1.5869826820418970,0,0
F0000520,C000330,2023-03-08,0,term_loan,15242.11,13785.56,1456.55,0.1144,18,0,senior_unsecured,KZT,amortizing,trade,Shymkent,small,IE,private,12.7,51,0,0,0,224879.81,212569.85,39855.48,28221.11,284172.76,179152.11,19221.94,17598.94,69701.58,128570.05,72260.02,19952.12,35498.79,155602.71,5244.04,32883.74,12773.81,55450.91,2.4792701413589423,2.2357199735067884,0.35636210963163816363,0.19513098299780739012,1.3912995151482306,7.6001479775135201,0.17723013906850952960,0.12549419176403608665,0.59302435253091428076,0.96340338771017816653,0.54756377775266003680,0.05791018810993186475,real_estate,23333.5,0.25000000000000000000,17500.125,0.59080549424646966807,1.6926044353657015,1.26945332652427612661,1,0
F0000342,C000215,2023-03-09,0,trade_finance,11706559.62,4831401.0,6875158.62,0.1255,36,1,senior_secured,EUR,annuity,energy,Almaty,large,LLP,private,8.3,858,0,0,0,32400941.39,25320483.0,6725654.01,4751812.58,52867561.88,34175459.93,8289437.13,4932769.81,7970034.59,29585597.77,7583923.64,5662452.31,6743641.81,23281964.11,1345607.79,5727064.11,2397353.48,12406094.12,4.5063032741716793,3.8558787651506470,0.53286286592424439572,0.23466363264792947929,1.8445929721561755,4.9982276113309362,0.20757588272036314436,0.14665662095443208973,0.46163313405524929227,1.4639305862869157,0.44038278449166871245,0.27963362270775008518,real_estate,8055765.44,0.25000000000000000000,6041824.0800,0.59974449802252434996,1.6673766967386893,1.2505325225540169,1,0
F0000754,C000493,2023-03-11,0,credit_line,60259.5,55634.05,4625.45,0.1183,12,1,senior_secured,KZT,bullet,construction,Almaty,small,LLP,private,7.9,25,0,0,0,132352.73,115995.95,24984.38,14309.68,155181.3,98890.9,17277.47,22610.46,15813.52,92716.11,55130.82,15021.28,11921.41,62465.19,2411.26,11731.97,4437.88,26942.69,1.7937498480886009,1.3836260734014114,0.43132326980835245999,0.17362072620863467441,1.07838137268165149585,10.3615454160895134,0.18877117230600381269,0.10811775473010643604,0.43544167267633632722,1.15019958352417370557,0.40253039509270769094,0.14101164738941316486,inventory,131180.69,0.55000000000000000000,59031.3105,0.42410243458850536615,2.3579209135412576,1.06106441109356590074,0,0
F0000622,C000397,2023-03-12,0,term_loan,274418.35,231364.93,43053.43,0.1162,24,0,senior_secured,KZT,amortizing,transport,Aktobe,medium,LLP,private,24.9,119,0,0,0,4470613.07,4389267.05,364519.48,154025.61,5051009.86,2381517.81,412457.55,364101.72,499790.6,3433157.07,1714278.84,610272.88,1461238.47,1617852.79,167762.61,343815.5,144763.7,2071511.35,1.3892242932894161,1.1768307715913941,1.2804078113930254,0.41011825504533859690,5.6828550013294214,2.1728290946355687,0.08153679915761531114,0.03445290558326041846,0.16597326391670506657,0.67585757702357673177,0.32030283742110929081,0.01853293934348332713,equipment,494291.81,0.40000000000000000000,296575.086,0.46807356569391671693,2.1364163099394537,1.2818497859636722,0,0
F0000063,C000039,2023-03-13,0,overdraft,288079.06,225557.83,62521.23,0.0997,12,1,senior_secured,KZT,annuity,transport,Karaganda,medium,LLP,state_related,19.4,102,0,1,0,1928646.95,1531819.38,234814.75,134736.81,3225285.61,1715589.97,318132.56,278423.56,378060.91,1462177.94,940007.8,501567.68,282701.43,1763107.67,86124.18,89322.42,42730.27,784269.11,1.8250805684803892,1.5288877496548433,0.44482201702406524044,0.24316268536602561533,3.3399482357901282,2.7264671779748730,0.12175102861620163296,0.06986079541411143185,0.11389256425004422270,0.63427643503664350941,0.54665164056587224224,0.25905637125442295945,none,0.0,1.00000000000000000000,0.00,,0.000000000000000000000000,0.000000000000000000000000,0,0
F0000582,C000371,2023-03-16,0,leasing,193306.22,185633.19,7673.04,0.131,18,0,senior_unsecured,USD,amortizing,agriculture,Other,small,LLP,private,17.9,28,0,0,0,794832.04,704243.45,146446.22,124895.53,557163.26,144705.17,18189.55,29966.21,47559.03,327333.44,208676.23,138013.43,60938.1,229829.82,21649.17,74971.68,61848.04,198951.53,0.69344347461136325877,0.54984202081856663790,0.86564715579553601878,0.35707941331235659724,1.3585296363402210,6.7645189168915021,0.18424800791875475981,0.15713449347109862355,0.37683389517034626474,0.13179550714738413501,0.41249995557854981321,0.12863249207358620091,receivables,594530.93,0.45000000000000000000,326992.0115,0.31223470577048026753,3.2027189211153458,1.7614954066134402,0,0
F0000038,C000022,2023-03-17,0,trade_finance,69170.35,31507.45,37662.9,0.1536,48,1,senior_unsecured,KZT,amortizing,construction,Almaty,small,LLP,private,17.1,34,0,0,0,640198.48,577083.72,83352.14,62512.2,812740.78,478655.76,21915.25,135529.38,67400.2,772103.74,356457.51,83276.02,332494.97,40637.04,22037.76,37823.37,42155.61,415770.99,1.3428129484493117,0.96260106849761700911,10.2313305791957288,0.51156654154846272141,4.9881261596882815,3.7822419338444561,0.13019734129952948342,0.09764503033496736824,0.09097164282673978769,0.26316399366828529990,0.05000000123040460699,0.10936846390329638826,receivables,52415.07,0.45000000000000000000,28828.2885,0.60111433601061679399,1.6635770270205935,0.91496736486132644819,0,0
F0000555,C000353,2023-03-17,0,leasing,542169.55,484518.48,57651.08,0.1389,18,0,senior_secured,KZT,amortizing,energy,Karaganda,medium,LLP,private,18.8,218,0,0,0,3271566.91,3123042.1,657399.89,459816.23,5745393.95,2949593.37,626299.35,645501.19,934489.12,2765194.17,981056.82,570963.84,1497935.65,2980199.78,316525.38,449027.91,228911.06,2068899.49,3.0065469296671318,2.3485817875462096,0.69421503346329352457,0.36009706349205175043,3.1470943659573779,2.0769263115646524,0.20094343416622953923,0.14054923608455252410,0.21703708284059753913,1.0969159623138306,0.51871112859023357310,0.04755773545287782064,real_estate,1130647.99,0.25000000000000000000,847985.9925,0.42853167766211657087,2.3335497750261249,1.7501623312695937,0,0
F0000747,C000488,2023-03-17,0,working_capital,65412.67,57265.94,8146.73,0.1394,12,0,senior_unsecured,KZT,amortizing,manufacturing,Almaty,small,LLP,private,13.3,19,1,0,0,594841.21,571386.1,56373.89,17586.14,482281.88,278516.86,67988.25,54802.76,40325.75,282129.91,75656.72,51698.43,116723.26,200151.96,24731.13,35071.38,30434.63,168421.69,3.6813234832279274,2.9569627126314754,0.84146910177647023791,0.34921836582373776929,2.9875832588455400,2.2794708531312560,0.09477132561141821361,0.02956442779073763232,0.20823553070866347440,1.3150931275862729,0.41501032549678208935,0.04104949350360465542,none,0.0,1.00000000000000000000,0.00,,0.000000000000000000000000,0.000000000000000000000000,0,0
F0000721,C000466,2023-03-18,0,term_loan,161211.69,153253.27,7958.42,0.1147,36,0,senior_secured,KZT,amortizing,transport,Almaty,small,JSC,private,2.8,33,0,0,0,259504.56,210747.23,39518.02,25434.79,288079.14,174360.47,40591.1,22256.94,23274.31,156297.59,48445.72,14310.34,48673.98,131781.55,5510.75,18211.26,8448.48,62984.32,3.5990892487509733,3.1396690977035742,0.47794490199880028729,0.21863547634861725844,1.5938126454716102,7.1710783468674863,0.15228256489982295494,0.09801288270233093399,0.28913958267708534442,2.8364874629114333,0.45744912318191452529,0.23135454734090692438,none,0.0,1.00000000000000000000,0.00,,0.000000000000000000000000,0.000000000000000000000000,0,0
F0000454,C000284,2023-03-19,0,term_loan,171665.75,147657.16,24008.59,0.1094,24,0,senior_secured,KZT,annuity,trade,Kostanay,medium,LLP,private,14.2,137,1,0,0,1760228.46,1722270.11,385142.71,228940.37,2454084.4,1226243.04,127129.03,104949.68,415550.44,885748.38,334204.33,172046.83,218679.14,1568336.02,29915.86,263652.95,125845.47,390725.97,3.6691416894568661,3.3551132027523402,0.24913409181279914747,0.15921456083580499513,1.0144966004938793,12.8741981677946079,0.21880268314716374941,0.13006287263415795470,0.67477713344725972527,0.73892108328877666621,0.63907175319642633318,0.02203971942589191193,none,0.0,1.00000000000000000000,0.00,,0.000000000000000000000000,0.000000000000000000000000,0,0
F0000071,C000045,2023-03-20,0,term_loan,3523.31,2845.22,678.09,0.1042,36,0,senior_unsecured,USD,amortizing,real_estate,Atyrau,micro,LLP,foreign_owned,24.4,15,0,0,0,23800.66,22127.45,2046.66,456.92,36603.94,20767.58,4216.75,1925.5,6082.04,20115.26,13006.42,7280.19,6121.58,16488.67,884.36,1408.42,1523.54,13401.77,1.5967176209902494,1.44867534648273698681,0.81278659831265954137,0.36612916533028958085,6.5481174205779172,2.3142837758378941,0.08599173300236211937,0.01919778695212653767,0.10509208858232905057,0.57920878438612179078,0.45046161697347334740,0.07561693733349301433,receivables,2110.42,0.45000000000000000000,1160.7310,1.3481771400953365,0.74174229057858443284,0.40795825981822143806,0,0
F0000225,C000134,2023-03-23,0,term_loan,272678.85,271842.82,836.03,0.1281,36,0,senior_unsecured,USD,bullet,agriculture,Kostanay,small,IE,private,12.6,39,1,0,0,603743.9,557804.55,96341.61,61335.82,1044263.02,397383.79,17554.27,36753.12,44212.98,335004.55,190571.14,85326.26,116037.29,709258.47,11120.95,67659.96,39300.88,201363.55,2.0852254438946002,1.8923677005867730,0.28390714882826848723,0.19282838340861672953,2.0900994907600153,8.6630737481959725,0.15957363710010154968,0.10159244673113881565,0.33600897481197565299,0.20573115474649890901,0.67919523761360428142,0.08235743146949948687,none,0.0,1.00000000000000000000,0.00,,0.000000000000000000000000,0.000000000000000000000000,1,0
F0000599,C000383,2023-03-24,0,term_loan,48764.23,48532.32,231.91,0.11,36,0,senior_secured,KZT,amortizing,agriculture,Shymkent,micro,LLP,foreign_owned,3.3,11,0,0,0,114674.15,111347.07,9637.56,134.3,172179.48,96181.71,10724.64,24396.99,25994.99,81790.35,43047.27,26374.9,15455.78,90389.13,3573.74,5288.5,4735.45,41830.68,2.2343277517947131,1.6675789196388064,0.46278440781540877758,0.24294811437460491808,4.3403807602754224,2.6967714495178720,0.08404300358886462206,0.00117114449943601064,0.12642634544788657512,0.40662296349938767540,0.52497039716927940542,0.02988026537204795780,inventory,146389.5,0.55000000000000000000,65875.275,0.33152869570563462543,3.0163301486514554,1.3573485668931549,0,0
F0000481,C000304,2023-03-26,0,credit_line,5784.91,4631.63,1153.28,0.1433,36,1,senior_secured,USD,annuity,energy,Other,micro,LLP,state_related,4.5,14,0,1,0,51456.31,51741.17,-3561.07,-5398.99,44785.74,11788.23,2277.35,1106.2,2986.7,42546.45,12768.96,5663.21,10924.56,2239.29,1463.47,-3683.3,2985.98,16587.77,0.92319421472069769190,0.83656225722376763652,7.4076024096923578,0.37038061668736521938,-4.6580859123802677,-2.4333057732649115,-0.06920570091403755924,-0.10492376931031393429,-0.22204913620094804787,0.40213059377985276901,0.05000006698560747238,-0.00550548045202688691,none,0.0,1.00000000000000000000,0.00,,0.00000000000000000000,0.00000000000000000000,0,0
F0000296,C000181,2023-03-28,0,term_loan,173764.68,143069.23,30695.44,0.1133,24,0,senior_secured,KZT,bullet,services,Aktobe,small,IE,private,3.5,36,0,0,0,389249.46,365505.42,65733.98,43080.66,426887.66,172912.33,23349.76,50613.47,43876.44,205824.01,69759.31,51872.31,113670.15,221063.65,19207.56,70362.97,22611.44,165542.46,2.4786989722232058,1.7531546685309817,0.74884523077403272768,0.38778928395353475432,2.5183696468706140,3.4222972621197070,0.16887365752543368975,0.11067622290343061748,0.42504484952078155659,0.45013919757959497080,0.51784970781305788975,0.06496221040990308707,real_estate,298605.06,0.25000000000000000000,223953.7950,0.47912527001384370379,2.0871368357822293,1.5653526268366720,1,0
F0000044,C000026,2023-03-30,0,trade_finance,287248.25,205546.66,81701.59,0.1185,24,1,senior_secured,KZT,bullet,manufacturing,Almaty,medium,LLP,private,10.5,94,1,0,0,3337345.79,3097775.98,515160.57,375058.69,4024650.83,2599552.93,380166.95,518603.39,768370.02,1616143.32,499171.0,285797.88,600328.04,2408507.51,72564.61,192434.99,231022.87,886125.92,5.2077402934064679,4.1688109685859154,0.36791494995172342228,0.22017460829018054220,1.7200965516440825,7.0993363018143417,0.15436235931668321370,0.11238232823335936070,0.21716438449289464414,1.3301951365069608,0.59843887376436082034,0.07733606676103157079,equipment,202419.37,0.40000000000000000000,121451.622,1.01544955900218442533,0.98478549833891730471,0.59087129900335038283,0,0
F0000730,C000474,2023-04-03,1,credit_line,238809.97,190156.99,48652.98,0.1332,48,1,senior_unsecured,KZT,amortizing,agriculture,Astana,small,LLP,private,14.8,42,0,0,0,644810.72,597567.37,79818.88,46126.78,874418.24,307589.37,30812.75,19582.71,88829.95,417812.41,244356.98,149805.75,81745.3,456605.83,25173.22,62500.79,36529.57,231551.05,1.2587705495459962,1.1786307884472954,0.50711365205301912155,0.26480583250413440598,2.9009558891329971,3.1707854616930214,0.12378652761852346375,0.07153538018102428570,0.26992229143422152480,0.20568469501337565481,0.52218241696330579746,0.07905945399930387765,none,0.0,1.00000000000000000000,0.00,,0.000000000000000000000000,0.000000000000000000000000,0,0
F0000283,C000173,2023-04-04,0,working_capital,257872.03,249738.32,8133.71,0.1185,36,0,senior_unsecured,KZT,bullet,services,Karaganda,small,LLP,private,7.5,21,0,0,0,553900.95,572847.29,14277.4,-32870.14,739986.07,380593.75,22981.24,111359.53,71375.55,496868.66,170202.28,92581.6,204883.42,243117.41,19555.75,8883.33,35832.13,297465.02,2.2361260377945583,1.5818484922763667,1.2235447062388498,0.40198732389651605198,20.8346771821199938,0.73008705879344949695,0.02577608866711638606,-0.05934299264155441510,0.02986344411184884865,0.24822686149299644854,0.32854322514476522511,-0.03307398032728757432,receivables,267947.67,0.45000000000000000000,147371.2185,0.93204139450065007096,1.0729137202492593,0.59010254613709261758,0,0
F0000579,C000368,2023-04-06,0,credit_line,207084.51,126564.39,80520.12,0.0915,24,1,senior_secured,KZT,annuity,real_estate,Karaganda,medium,LLP,private,18.4,94,0,0,0,1334694.06,1258753.53,203382.33,158167.36,1222051.62,494423.74,122111.24,138212.23,145323.9,523806.99,206317.84,60918.07,253156.83,698244.62,16124.38,193914.18,15389.02,314074.90,2.3964177794804366,1.7265182206250317,0.44980640165906326640,0.25700624659374045100,1.5442585400609778,12.6133426525547029,0.15238123559192284110,0.11850458074264599634,0.61741380798019835396,2.0045159014394251,0.57137080674218982665,0.06032994402009740541,real_estate,193237.62,0.25000000000000000000,144928.2150,0.65496765070900790436,1.5267929628547177,1.1450947221410382,0,0
F0000143,C000088,2023-04-07,0,credit_line,2236117.46,1546758.01,689359.45,0.1461,36,1,senior_secured,KZT,amortizing,trade,Other,large,LLP,private,18.5,1509,0,0,0,37543105.43,35778681.39,4740231.75,1481536.68,65416667.25,30878174.08,4424682.26,10692869.37,5445758.82,36439507.04,23149032.01,13404612.55,8263783.54,28977160.21,1398163.6,3483739.4,2856860.66,21668396.09,1.3338861887037496,0.87197186911661279439,0.74777500393300272263,0.33123662517368614495,4.5711680847671635,3.3903269617375249,0.12626104568888882136,0.03946228376771761366,0.16077513931027647188,0.33008654621651112176,0.44296295467421569080,0.04931495436534308790,real_estate,1290964.83,0.25000000000000000000,968223.6225,1.1981410911093527,0.83462624512285538447,0.62596968384214153835,0,0
F0000194,C000116,2023-04-09,0,credit_line,1408263.37,1088359.96,319903.41,0.1365,60,1,senior_secured,KZT,annuity,services,Karaganda,medium,LLP,state_related,12.4,99,0,1,1,7852454.16,8258800.63,29430.82,-141014.66,9749946.28,5405261.4,659051.62,1138844.09,649905.04,6211031.01,3494985.92,1432458.48,872022.27,3538915.27,157718.64,19386.04,473141.12,2304480.75,1.5465760159628912,1.2207251782004318,0.65118279873369220281,0.23635830227364083487,78.3016154493826540,0.18660330827098179391,0.00374797730751732271,-0.01795803670122921163,0.00841232455510856404,0.46008427413547092827,0.36296766857673394278,-0.04920163207765919880,real_estate,733595.12,0.25000000000000000000,550196.3400,1.4835976008128298,0.67403721834823838981,0.50552791376117879235,0,0
F0000672,C000431,2023-04-09,0,credit_line,279593.16,121997.92,157595.25,0.1339,18,1,senior_unsecured,KZT,bullet,transport,Karaganda,medium,LLP,private,24.0,105,0,0,0,2828924.35,2693297.71,35766.62,-63109.38,2946793.43,1089906.85,212182.27,126169.06,450784.98,1913835.9,1162123.5,458527.62,300265.17,1032957.52,86772.78,17614.23,80986.22,758792.79,0.93785802455590993556,0.82929033790298535397,0.73458276386815984456,0.25749778802784964808,21.2151103459035268,0.41218709369458947841,0.01264318715344933137,-0.02230861351948135340,0.02321349152513692177,0.46274697694328642624,0.35053611477612124308,0.05035709178990093895,real_estate,208351.22,0.25000000000000000000,156263.4150,0.58553974389974774326,1.7078260022793831,1.2808695017095373,0,0
F0000384,C000242,2023-04-28,0,term_loan,873455.71,767087.73,106367.98,0.1242,24,0,senior_unsecured,USD,bullet,real_estate,Kostanay,medium,JSC,private,12.0,126,0,0,0,2772955.42,2667635.73,87197.6,35114.86,2491866.61,1015863.71,246631.67,227369.01,195450.73,1496467.78,378180.89,132750.27,688990.95,995398.83,84917.13,90808.56,176045.48,821741.22,2.6861846721022842,2.0849670643061843,0.82553966835584888120,0.32976934507742370688,9.4238972173546061,1.02685524110388563532,0.03144572731717410733,0.01266333376538740028,0.11050749042381006517,1.8578619086801104,0.39945911470758862169,0.03948053657236027499,receivables,1422225.11,0.45000000000000000000,782223.8105,0.53935746500777222250,1.8540579576210924,1.0197318766916008,0,0
F0000380,C000238,2023-04-30,0,working_capital,12100.12,10294.34,1805.78,0.1084,24,0,senior_unsecured,KZT,bullet,manufacturing,Almaty,micro,LLP,private,15.6,11,0,0,0,43157.6,45151.78,1776.2,1287.81,65897.04,39815.29,6644.33,11989.26,9795.18,52472.45,31920.32,18434.76,11480.99,13424.59,2422.7,1054.86,831.42,29915.75,1.24733367334663311646,0.87173405529769125122,2.2284293226087352,0.45397714373817094061,16.8425571444657133,0.73314896602963635613,0.04115613472482251098,0.02983970378334291063,0.03526102471106357019,0.36042400335019278797,0.20372068305344215764,-0.04416614361604348710,real_estate,9980.09,0.25000000000000000000,7485.0675,1.0314876919947616,0.96947351651490042101,0.72710513738617531576,0,0
F0000597,C000382,2023-05-04,0,credit_line,83712.85,62615.21,21097.64,0.111,24,1,subordinated,KZT,bullet,real_estate,Shymkent,small,IE,private,3.5,26,0,0,0,332187.2,311327.85,21458.5,9816.17,521832.03,258891.65,16890.42,17911.04,52919.41,265593.96,104656.1,36538.98,104467.73,256238.06,21825.16,9471.56,18310.39,141006.71,2.4737368390375716,2.3025949753526073,0.55029572890147544826,0.27021474707100673755,6.5711354474916700,0.98320012316060913185,0.06459761243058131078,0.02955011511581421560,0.06717098782036684637,0.46225756712420543759,0.49103551577698287321,0.06700123358703694514,none,0.0,1.00000000000000000000,0.00,,0.000000000000000000000000,0.000000000000000000000000,0,1
F0000385,C000242,2023-05-06,0,working_capital,466660.92,419764.78,46896.14,0.1279,36,0,senior_secured,KZT,annuity,real_estate,Kostanay,medium,JSC,private,12.0,126,0,0,0,2772955.42,2667635.73,87197.6,35114.86,2491866.61,1015863.71,246631.67,227369.01,195450.73,1496467.78,378180.89,132750.27,688990.95,995398.83,84917.13,90808.56,176045.48,821741.22,2.6861846721022842,2.0849670643061843,0.82553966835584888120,0.32976934507742370688,9.4238972173546061,1.02685524110388563532,0.03144572731717410733,0.01266333376538740028,0.11050749042381006517,1.8578619086801104,0.39945911470758862169,0.03948053657236027499,none,0.0,1.00000000000000000000,0.00,,0.000000000000000000000000,0.000000000000000000000000,0,0
F0000564,C000360,2023-05-06,0,credit_line,10306.76,9777.2,529.56,0.1135,24,1,senior_unsecured,KZT,amortizing,real_estate,Shymkent,micro,LLP,private,8.0,10,0,0,0,58199.66,62384.49,5993.74,2205.26,84292.0,49723.01,6153.82,12867.79,15865.59,42192.01,26006.44,8804.77,7033.67,42099.99,1890.2,2953.11,3963.38,15838.44,1.9119498862589420,1.4171574425411552,0.37621006560809159337,0.18789968205760926304,2.6424970052087678,3.1709554544492646,0.10298582500310139269,0.03789128665012819663,0.18645207482555100123,0.69891888146993050358,0.49945415935082807384,-0.06708125689574443904,guarantee,12295.54,0.30000000000000000000,8606.878,0.79518264346258887369,1.2575727202061940,0.88030090414433580166,0,0
F0000416,C000260,2023-05-07,0,credit_line,43241.72,17300.31,25941.41,0.1259,36,1,senior_secured,KZT,amortizing,services,Kostanay,small,LLP,private,11.9,41,0,0,0,524131.91,502272.88,66213.72,42792.88,840159.17,249423.07,14020.82,71329.49,32756.08,707093.63,284213.05,185288.35,173258.72,133065.54,21256.78,34517.58,39440.64,358547.07,0.87759189804972009554,0.62661999510578419956,2.6945148232968506,0.42676088389298899160,5.4149966200358476,3.1149459137272908,0.12633025911358840945,0.08164524842610708438,0.09627070721844136113,0.07567027284769927521,0.15838134576332720382,0.04352022749068195758,none,0.0,1.00000000000000000000,0.00,,0.000000000000000000000000,0.000000000000000000000000,0,0
F0000407,C000255,2023-05-09,0,term_loan,174584.57,146797.96,27786.61,0.1231,48,0,senior_unsecured,KZT,annuity,transport,Atyrau,small,JSC,private,10.1,35,0,0,0,749062.64,531369.29,103543.54,68206.79,581374.81,222120.7,18514.0,64309.43,58237.47,275370.73,145100.89,104611.88,62650.16,306004.08,9591.24,44765.51,52438.17,167262.04,1.5308017752337701,1.0875968438236320,0.54660068584706452280,0.28770087235117737557,1.6153788058627318,10.7956364349135253,0.13823081605031055881,0.09105618990689483592,0.26763699641592318257,0.17697798758611354657,0.52634561170615562102,0.40968372485357593774,none,0.0,1.00000000000000000000,0.00,,0.000000000000000000000000,0.000000000000000000000000,0,0
F0000110,C000070,2023-05-10,0,term_loan,18628.44,17616.65,1011.78,0.1157,36,0,senior_unsecured,KZT,amortizing,transport,Almaty,micro,IE,private,14.7,9,0,0,0,151907.14,129042.45,21955.65,15523.03,211992.94,63208.79,11215.39,11081.62,22207.53,129525.21,61140.2,17099.86,48514.31,82467.73,4146.5,8896.16,9102.06,65614.17,1.03383354977576128308,0.85258422445461414912,0.79563448636212006806,0.30951110919071172842,2.9884867904161343,5.2949837212106596,0.14453336426451054243,0.10218762594042650003,0.13558290838701457322,0.65587612998001153226,0.38901168123806387137,0.17718735191404068971,real_estate,20840.84,0.25000000000000000000,15630.6300,0.84529462344128163740,1.1830194730553198,0.88726460479148986896,0,0
F0000095,C000058,2023-05-11,0,credit_line,7602.25,4770.73,2831.52,0.1389,24,1,senior_secured,KZT,bullet,energy,Kostanay,micro,LLP,private,22.3,12,1,0,0,224315.01,206417.86,32943.06,15465.46,186549.54,72293.16,6049.07,7665.74,19652.39,74177.69,31173.98,10907.94,20090.17,112371.85,4932.86,34351.64,3434.92,30998.11,2.3190224668136696,2.0731205960868648,0.27585298275324291626,0.16616556652994159085,0.94096025080851627019,6.6782880519617423,0.14686070272337103077,0.06894527477229455131,1.10818498289089238021,0.55455658905347847531,0.60237001924529001787,0.08670349552117244118,real_estate,11198.66,0.25000000000000000000,8398.9950,0.42600900464877047790,2.3473682224732903,1.7605261668549677,0,0
F0000514,C000325,2023-05-11,0,term_loan,197891.87,184957.79,12934.08,0.1532,24,0,senior_secured,KZT,amortizing,transport,Kostanay,medium,LLP,private,2.6,121,0,0,0,2198727.73,2177924.71,341618.26,267490.43,2956228.13,784297.47,155499.98,96087.83,297230.31,2308605.17,1031791.16,219628.02,1064613.7,647622.96,85058.0,332145.58,127903.02,1284241.72,0.76013199221439346311,0.66700478418520274975,1.9830083232379531,0.43441901758779353744,3.7592888623693593,4.0162978203108467,0.15537087895826010254,0.12165691383716709663,0.25863166943369508351,0.70801521590915403235,0.21907069803844942102,0.00955176269614939995,real_estate,354112.7,0.25000000000000000000,265584.525,0.52231334826454967585,1.9145595327452820,1.4359196495589615,0,0
F0000532,C000337,2023-05-13,0,term_loan,1364478.29,1196631.48,167846.81,0.1213,36,0,senior_secured,KZT,bullet,real_estate,Atyrau,medium,LLP,private,2.9,132,0,0,0,4533656.69,4037702.58,616675.53,400247.92,4855010.76,3088637.09,418620.72,506844.06,1329658.35,2614612.41,1226613.27,650574.95,1226555.84,2240398.35,125428.32,376384.27,178948.62,1877130.79,2.5180202803447577,2.1048142011377392,0.83785581702468224010,0.38663782281710123337,3.0439521250340515,4.9165573612083778,0.13602166466645272163,0.08828368519452230513,0.20051041302241917837,0.64346270940803976544,0.46146104730775097191,0.12283076828308636839,none,0.0,1.00000000000000000000,0.00,,0.000000000000000000000000,0.000000000000000000000000,0,0
F0000319,C000197,2023-05-14,0,term_loan,1340839.89,1284642.66,56197.22,0.0929,24,0,senior_secured,KZT,annuity,services,Atyrau,medium,IE,private,17.8,140,1,0,0,8690526.95,7746200.45,1607756.02,1143709.03,14231623.39,6935841.44,344185.54,676773.19,1372238.85,5151064.19,2417684.92,1014687.84,2266873.33,9080559.2,423764.98,1660891.44,611789.67,3281561.17,2.8687945987602057,2.5888684659537852,0.36138315909002608562,0.23058235031049398785,2.0410815628605141,3.7939803803513919,0.18500098201755188159,0.13160410600878465718,0.50612844129917590413,0.33920337509908466036,0.63805505184886711649,0.12190834798239696986,real_estate,1825140.34,0.25000000000000000000,1368855.2550,0.70385966045767198373,1.4207377637607021,1.0655533228205266,0,0
F0000352,C000220,2023-05-14,0,leasing,11966.19,10965.2,1001.0,0.1153,12,0,senior_secured,KZT,amortizing,transport,Karaganda,micro,LLP,private,4.3,8,0,0,0,44029.78,46534.1,4783.88,2494.35,40272.87,18632.88,1624.47,5439.68,5881.96,21701.76,8532.06,5734.69,6143.22,18571.1,1534.26,2010.9,3308.28,11877.91,2.1838664988291222,1.5463088632756919,0.63959108507304360000,0.29493577189805444708,2.4829029992391113,3.1180373600302426,0.10865100847653565382,0.05665143000941635411,0.16929746058018624489,0.28327076093040774654,0.46113177431854248282,-0.05381687837521301583,inventory,9522.71,0.55000000000000000000,4285.2195,1.1514789382434202,0.86844836391493087221,0.39080176376171889250,0,0
F0000291,C000178,2023-05-16,0,overdraft,271851.81,124810.71,147041.11,0.1325,36,1,senior_secured,KZT,bullet,trade,Astana,medium,LLP,private,22.1,90,0,0,0,3024506.0,3175177.77,325349.82,233965.64,4513408.71,1263248.81,158240.06,360839.91,361605.73,3375549.82,948320.56,237213.31,1497822.65,1137858.88,176610.39,269666.41,78739.78,1735035.96,1.3320905011275934,0.95158634966218595957,1.5248252577683447,0.38441809095547210038,5.3328320882427413,1.8421895789936255,0.10757122650773382496,0.07735664601095187115,0.15542410429349256830,0.66707917865148460683,0.25210632431291603547,-0.04745301866988064734,real_estate,282746.96,0.25000000000000000000,212060.2200,0.44142193429771977036,2.2654062299621563,1.6990546724716172,0,0
F0000512,C000324,2023-05-16,0,term_loan,8699382.79,7095109.76,1604273.03,0.1155,48,0,senior_secured,KZT,annuity,services,Other,large,IE,state_related,4.0,530,0,1,0,22342174.86,19603118.28,1031377.25,451941.9,35567526.55,19149633.44,4044473.03,2921127.61,2849693.41,22010358.93,13291083.48,9115025.96,7791222.37,13557167.63,1953997.55,757414.99,1470409.31,16906248.33,1.4407879890917667,1.2210069897175907,1.2470339521795822,0.47532819877799458619,16.3919151115656274,0.52782934656187260828,0.04616279554084557013,0.02022819635205379464,0.04480089107977748485,0.44371492168520384554,0.38116700667789337744,0.13972555492839683055,inventory,20412989.21,0.55000000000000000000,9185845.1445,0.34757818597798592576,2.8770505179612613,1.2946727330825676,1,0
F0000486,C000306,2023-05-18,0,overdraft,62591.41,42258.9,20332.51,0.1288,24,1,senior_secured,KZT,bullet,real_estate,Atyrau,small,JSC,private,22.6,81,0,0,0,766089.54,717865.02,48074.12,22372.01,1128378.94,421928.29,34102.58,125158.72,66604.51,864186.43,419008.35,150488.31,217494.17,264192.51,33401.49,38137.67,60194.62,367982.48,1.0069686916740442,0.70826648204027437639,1.3928573523904974,0.32611604750439599661,7.6544818709110016,1.4392807027470930,0.06275261244266564454,0.02920286576422907432,0.10363990698687611432,0.22661281796572770337,0.23413456298643787166,0.06717769867098413571,none,0.0,1.00000000000000000000,0.00,,0.000000000000000000000000,0.000000000000000000000000,0,0
F0000499,C000315,2023-05-21,0,working_capital,34204.93,27596.1,6608.83,0.1413,12,0,subordinated,USD,annuity,real_estate,Other,small,JSC,private,20.1,70,0,0,0,290840.74,244902.1,28877.82,13369.5,204542.84,119308.56,13031.81,31531.05,22956.16,161436.68,100251.58,24423.84,38339.64,43106.16,6869.1,16311.01,9864.51,62763.48,1.1900915676341460,0.87557233511930684783,1.4560211347983676,0.30684760219423960281,2.1734147522216012,4.2040179936236188,0.09929083525231025062,0.04596845682623417888,0.25988058660864566464,0.53356925037176791201,0.21074392044228974233,0.18757960834145562655,real_estate,63619.85,0.25000000000000000000,47714.8875,0.43376556216338139747,2.3053927910103239,1.7290445932577429,0,0
F0000290,C000178,2023-05-22,0,overdraft,78640.96,50854.57,27786.39,0.149,60,1,senior_secured,KZT,bullet,trade,Astana,medium,LLP,private,22.1,90,0,0,0,3024506.0,3175177.77,325349.82,233965.64,4513408.71,1263248.81,158240.06,360839.91,361605.73,3375549.82,948320.56,237213.31,1497822.65,1137858.88,176610.39,269666.41,78739.78,1735035.96,1.3320905011275934,0.95158634966218595957,1.5248252577683447,0.38441809095547210038,5.3328320882427413,1.8421895789936255,0.10757122650773382496,0.07735664601095187115,0.15542410429349256830,0.66707917865148460683,0.25210632431291603547,-0.04745301866988064734,equipment,119507.32,0.40000000000000000000,71704.392,0.42553518897419840057,2.3499819190291059,1.4099891514174636,0,0
F0000516,C000327,2023-05-23,0,working_capital,62358.47,61561.32,797.15,0.1171,12,0,senior_secured,KZT,bullet,services,Atyrau,small,JSC,foreign_owned,20.3,49,0,0,0,715511.72,770420.63,50573.7,30903.93,784868.24,460051.42,87062.0,105883.38,149762.66,613110.45,165010.5,43691.62,183162.69,171757.8,15754.25,49672.48,26914.46,226854.31,2.7880130052330003,2.1463363846543099,1.3207802498634705,0.28903489584442861390,4.4856182165829275,3.2101623371471190,0.07068186108817337052,0.04319136799045024727,0.21896202897798150716,1.9926475603330799,0.21883647629823828774,-0.07127133913846517843,none,0.0,1.00000000000000000000,0.00,,0.000000000000000000000000,0.000000000000000000000000,0,0
F0000088,C000054,2023-05-27,0,term_loan,55488.31,52241.41,3246.9,0.1154,36,0,senior_unsecured,KZT,amortizing,manufacturing,Other,small,LLP,private,14.8,44,0,0,0,217064.26,194731.22,29672.19,14564.82,350597.96,159263.78,27340.64,14693.97,17217.38,186080.0,113800.58,78004.99,56707.17,164517.96,9693.53,22078.9,14267.24,134712.16,1.3994988426245279,1.2703784989496539,0.81882950651710001753,0.38423543593921653166,4.5400140670439223,3.0610303986267129,0.13669772260067134037,0.06709911617877581505,0.16389685979350342241,0.35049860271759537435,0.46924962141821931879,0.11468648940832394518,none,0.0,1.00000000000000000000,0.00,,0.000000000000000000000000,0.000000000000000000000000,0,0
F0000494,C000311,2023-05-27,0,working_capital,1317033.45,1053725.0,263308.45,0.1231,36,0,senior_secured,KZT,annuity,trade,Aktobe,large,IE,foreign_owned,10.0,799,0,0,0,4532456.04,4447342.51,495964.91,253682.01,8005042.84,4763264.2,876144.65,806133.38,1616364.19,6041564.11,1885419.92,1018803.79,2987691.51,1963478.73,354267.98,519265.77,316357.13,4006495.30,2.5263678130652189,2.0988060951429854,2.0405086333682871,0.50049642207786110986,8.0781829908087651,1.3999710332274455,0.10942520029383451009,0.05597009827810707239,0.12960598506130782183,0.85997388172260332875,0.24528022763211096070,0.01913806499243522397,none,0.0,1.00000000000000000000,0.00,,0.000000000000000000000000,0.000000000000000000000000,0,0
F0000207,C000122,2023-05-28,0,term_loan,10158.86,8538.02,1620.84,0.1171,48,0,senior_secured,KZT,amortizing,agriculture,Almaty,micro,IE,private,10.0,5,1,0,0,69837.03,62321.69,3858.52,640.12,60779.93,34339.31,1811.44,11686.77,14579.11,32623.01,15065.62,11239.98,14249.08,28156.92,3279.54,1415.48,1032.64,25489.06,2.2793160852324697,1.5035916211878436,0.90525029015957711284,0.41936639282078804632,6.6059162580471269,1.1765430517694555,0.05525034498173819820,0.00916591097874580291,0.05553284428692152633,0.16116042911108382755,0.46326015841084384270,0.12058947695417117219,none,0.0,1.00000000000000000000,0.00,,0.00000000000000000000,0.00000000000000000000,0,0
F0000554,C000352,2023-05-29,0,credit_line,80148.15,44971.46,35176.69,0.1316,12,1,senior_secured,KZT,annuity,real_estate,Karaganda,small,LLP,private,24.9,34,0,0,0,455604.9,518033.85,47680.3,15577.39,585200.13,215033.06,9356.78,71425.3,37450.07,429352.23,110004.55,27882.03,128410.25,155847.9,9745.53,35667.98,17219.01,156292.28,1.9547651438054153,1.3054710918775632,1.00285136982917318745,0.26707492358212565674,3.2779214895879430,4.8925302164171677,0.10465273749250721404,0.03419056730952630229,0.22821331930150356755,0.33558460413391707849,0.26631555943092493845,-0.12051133338101361523,equipment,71841.63,0.40000000000000000000,43104.978,0.62598050740218449943,1.5974938327552630,0.95849629965315780275,0,0
F0000605,C000387,2023-06-03,0,term_loan,46933.86,40932.83,6001.03,0.1328,36,0,senior_secured,KZT,amortizing,trade,Aktobe,small,LLP,private,24.4,55,0,0,0,574060.23,512101.91,87154.43,46435.53,409421.83,261594.45,48151.36,83787.59,75265.54,164545.53,92814.19,46695.84,60140.94,244876.3,15837.16,65177.71,28796.88,106836.78,2.8184747396922820,1.9157292651048293,0.43628877110606457219,0.26094548988753237706,1.2258330414185487,5.5031602888396657,0.15182105543176192505,0.08088964811235922056,0.61006808703893921176,1.03117022844004947764,0.59810269520802053960,0.12098826188717007519,none,0.0,1.00000000000000000000,0.00,,0.000000000000000000000000,0.000000000000000000000000,0,0
F0000723,C000468,2023-06-04,0,leasing,151029.73,144129.1,6900.62,0.1495,36,0,senior_unsecured,EUR,amortizing,manufacturing,Karaganda,small,LLP,foreign_owned,11.7,27,0,0,0,1387953.62,1479642.97,-34958.1,-110394.55,2314427.0,1466684.98,304917.96,221354.67,482177.66,2149470.56,641261.43,166122.04,460917.9,164956.44,98833.53,-29410.62,45089.89,627039.94,2.2871872708764037,1.9420009558348145,3.8012455894416732,0.27092664404623693035,-17.9368998887239295,-0.35370688469793601423,-0.02518679262495817403,-0.07953763613513252698,-0.04690390216610444304,1.8355057522770609,0.07127312289391715530,-0.06196721226607794447,none,0.0,1.00000000000000000000,0.00,,0.000000000000000000000000,0.000000000000000000000000,0,0
F0000734,C000478,2023-06-05,0,credit_line,50427.48,39151.01,11276.47,0.0974,24,1,senior_secured,KZT,annuity,transport,Karaganda,small,IE,private,25.6,39,1,0,0,477197.58,418831.7,74682.83,49485.35,492793.17,231374.77,54030.63,58971.47,44813.4,177844.34,87298.58,58279.17,70286.75,314948.84,10886.44,77650.07,9695.3,128565.92,2.6503841185045622,1.9748694652307059,0.40821207660266346750,0.26089225222013527501,1.7214923430191384,6.8601700831493124,0.15650295208957262524,0.10369991817645009851,0.60397086568508979674,0.92710019720596569924,0.63910958830862042995,0.13935401737738571364,none,0.0,1.00000000000000000000,0.00,,0.000000000000000000000000,0.000000000000000000000000,0,0
F0000755,C000493,2023-06-05,0,term_loan,37822.61,31774.93,6047.68,0.1217,60,0,senior_secured,KZT,bullet,construction,Almaty,small,LLP,private,7.9,25,0,0,0,132352.73,115995.95,24984.38,14309.68,155181.3,98890.9,17277.47,22610.46,15813.52,92716.11,55130.82,15021.28,11921.41,62465.19,2411.26,11731.97,4437.88,26942.69,1.7937498480886009,1.3836260734014114,0.43132326980835245999,0.17362072620863467441,1.07838137268165149585,10.3615454160895134,0.18877117230600381269,0.10811775473010643604,0.43544167267633632722,1.15019958352417370557,0.40253039509270769094,0.14101164738941316486,none,0.0,1.00000000000000000000,0.00,,0.000000000000000000000000,0.000000000000000000000000,0,0
F0000298,C000182,2023-06-06,0,leasing,72111.87,58556.77,13555.1,0.128,60,0,senior_secured,KZT,amortizing,construction,Other,small,LLP,private,22.3,43,0,0,0,566607.78,558337.71,21520.0,4709.6,925919.35,552475.96,105416.16,51226.26,65283.82,697567.79,312529.86,114523.91,286978.07,228351.55,51981.97,23218.86,21553.83,401501.98,1.7677541595545462,1.6038457893271382,1.7582625561332954,0.43362521800629828073,18.6571552044609665,0.41398969681218314735,0.03798041742384829238,0.00831192257896635306,0.05783000123685566881,0.92047293879505161848,0.24662142550536393909,0.01481194956364312201,real_estate,36038.66,0.25000000000000000000,27028.9950,1.6248320553538894,0.61544822229778042744,0.46158616672333532058,0,0
F0000693,C000450,2023-06-07,0,credit_line,271139.81,245934.85,25204.96,0.1051,60,1,senior_secured,USD,amortizing,manufacturing,Almaty,medium,LLP,private,19.1,203,0,0,0,3769593.44,4254755.18,364979.43,149598.92,6434824.55,2285124.78,94557.41,536191.62,622473.98,3537643.29,1022370.28,539295.87,1054752.14,2897181.26,169934.88,171080.83,278437.17,1594048.01,2.2351244208702937,1.7106651026671080,0.55020651693708663572,0.24772206260075886607,4.3675009575197156,2.1477605421559129,0.09682196125638418980,0.03968569087917343150,0.10732476620951962419,0.17533494183814164941,0.45023469365609976110,-0.11402812135479907918,none,0.0,1.00000000000000000000,0.00,,0.000000000000000000000000,0.000000000000000000000000,0,0
F0000258,C000155,2023-06-08,0,term_loan,2967651.91,2497360.01,470291.9,0.1289,24,0,subordinated,KZT,bullet,transport,Shymkent,large,LLP,private,15.6,735,0,0,0,11299833.35,11762950.86,1173488.26,1098171.49,8691913.88,2897211.77,542128.72,749799.84,1163190.53,6170994.68,2864565.09,1065436.74,1003458.06,2520919.2,250719.27,665702.16,310824.6,2068894.80,1.0113967317810188,0.74964675702307047245,0.82069064331772315432,0.23802522995085174498,1.7630298235791468,4.6804869047361218,0.10385005014255365102,0.09718475095918118120,0.32176704199749547440,0.50883238736445300356,0.29003039316813847677,-0.03937086157307980117,none,0.0,1.00000000000000000000,0.00,,0.000000000000000000000000,0.000000000000000000000000,0,0
F0000701,C000455,2023-06-09,0,credit_line,4362.9,2785.8,1577.1,0.142,18,1,senior_secured,USD,bullet,real_estate,Aktobe,micro,LLP,private,11.7,7,0,0,0,88092.47,83544.36,6486.45,-1247.81,139549.76,74752.11,8267.25,8939.39,24692.7,111874.56,63197.98,20525.86,31935.98,27675.2,4374.89,4591.95,5817.98,52461.84,1.1828243560949258,1.04137379074457759568,1.8956264092039082,0.37593644016299275613,8.0879124945077816,1.4826544210254429,0.07363228661882224440,-0.01416477480992416264,0.08752933560851087190,0.40277240515135541215,0.19831779001268078139,0.05443946186193777773,equipment,3723.75,0.40000000000000000000,2234.250,0.74811681772406847936,1.3366896403187594,0.80201378419125565367,0,0
F0000214,C000126,2023-06-10,0,credit_line,1022045.77,596372.81,425672.96,0.1141,12,1,senior_secured,KZT,amortizing,construction,Kostanay,medium,LLP,private,12.4,116,0,0,0,2375730.7,1881323.62,313510.18,179096.04,2490403.25,1128713.12,249439.88,209658.14,441260.37,1272483.94,542201.57,155330.98,273846.61,1217919.31,50327.36,304261.68,46275.56,429177.59,2.0817223380596261,1.6950430077139024,0.35238589820864240998,0.17233256903274600208,1.3689430754688731,6.2294183521647072,0.13196368595144222365,0.07538566555544363677,0.70894121009440404379,1.6058604664697281,0.48904502112258326036,0.26279746596707269321,real_estate,740244.93,0.25000000000000000000,555183.6975,0.80564254590706889408,1.2412452707225200,0.93093395304189002178,0,0
F0000402,C000250,2023-06-13,0,term_loan,111839.84,102614.03,9225.82,0.0905,24,0,senior_secured,KZT,annuity,construction,Other,small,LLP,private,25.0,58,0,0,0,467181.59,481834.21,71502.45,59860.69,333756.05,202561.0,13725.76,68513.15,25273.48,202557.54,106564.89,29356.79,39451.11,131198.51,3524.95,69347.37,5902.0,68807.90,1.9008230572001717,1.2578988257764823,0.52445641341506088751,0.20616225533589578376,0.96231527730867963266,20.2846707045490007,0.15305065852445084576,0.12813152590195174429,1.00784023346156473312,0.46754975595083794924,0.39309702400900298287,-0.03041008649012281631,guarantee,152953.88,0.30000000000000000000,107067.716,0.67088216395687379751,1.4905747294010380,1.04340231058072663163,0,0
F0000487,C000307,2023-06-15,0,term_loan,611112.42,603345.28,7767.14,0.121,24,0,senior_secured,KZT,amortizing,transport,Shymkent,medium,IE,foreign_owned,18.7,118,1,0,0,2005430.36,1954496.34,390060.58,279202.93,3330169.58,1947617.56,434491.55,261249.03,615771.05,1208112.33,457040.69,222153.85,547555.09,2122057.26,82387.31,203952.31,133410.22,769708.94,4.2613657878032698,3.6897557852015321,0.36271827085382229507,0.23113205544325463450,1.9733061464452522,4.7344740348968791,0.19450218156665385279,0.13922344827770534001,0.26497328977366431524,1.9558137299893745,0.63722198195084107399,0.02605992088990046408,inventory,1327476.78,0.55000000000000000000,597364.5510,0.45450533605567097000,2.2001941906299491,0.99008738578347708297,0,0
F0000558,C000355,2023-06-16,0,term_loan,27360.3,23815.2,3545.09,0.129,12,0,senior_secured,KZT,bullet,manufacturing,Astana,micro,LLP,private,2.7,6,1,0,0,138341.16,124211.0,30545.72,23116.71,199750.84,119419.75,26007.94,16681.69,17141.77,82162.44,26498.67,10743.34,35696.77,117588.4,5613.6,15692.65,3584.52,46440.11,4.5066318422773671,3.8771025111826367,0.39493785101251483990,0.23249018627406022423,1.5203475315035953,5.4413780818013396,0.22079994124669765672,0.16709929279181987487,0.33791155964100860226,2.4208430525330111,0.58867537177816123326,0.11375932888391527320,equipment,37441.76,0.40000000000000000000,22465.056,0.63605984334069765951,1.5721791124995801,0.94330746749974806006,0,0
F0000663,C000427,2023-06-16,0,overdraft,32590.36,13304.04,19286.33,0.1095,12,1,subordinated,KZT,amortizing,transport,Atyrau,small,LLP,private,5.3,39,0,0,0,537785.42,505595.21,79231.31,52738.5,946716.23,478287.26,41619.22,31217.48,177568.07,472999.48,135397.06,46249.86,231401.72,473716.76,26678.84,48084.23,21356.31,277651.58,3.5324789179321914,3.3019164522479292,0.58611306047098692476,0.29327856774991593838,3.5043164122870113,2.9698184028990766,0.14732885469449878355,0.09806606508595937763,0.17318190661835960019,0.89987775098130026772,0.50037883051820079180,0.06366794891114573653,none,0.0,1.00000000000000000000,0.00,,0.000000000000000000000000,0.000000000000000000000000,0,0
F0000712,C000462,2023-06-17,0,leasing,659278.85,626735.59,32543.26,0.1127,18,0,senior_secured,KZT,amortizing,agriculture,Shymkent,medium,LLP,private,22.6,152,0,0,0,2148821.13,1896510.53,251051.32,171332.78,3286702.48,1261216.99,54358.33,358363.38,471095.15,1495565.74,890517.99,609818.89,297917.8,1791136.74,47108.89,252812.53,32095.36,907736.69,1.4162734545093244,1.0138521850636617,0.50679362983755221279,0.27618462441419401004,3.6157415543562966,5.3291707785940191,0.11683211622179087563,0.07973338385778066134,0.27850866092016177070,0.08913848175480428296,0.54496467231192766800,0.13303938786988965466,none,0.0,1.00000000000000000000,0.00,,0.000000000000000000000000,0.000000000000000000000000,0,0
F0000313,C000192,2023-06-18,0,overdraft,1554743.19,1085010.28,469732.91,0.12,12,1,senior_secured,KZT,amortizing,real_estate,Shymkent,medium,LLP,private,10.9,161,0,0,0,4784895.97,3688622.34,689723.58,471600.44,3773290.5,1462331.85,361358.98,421539.3,535516.15,1622662.37,642288.13,368881.09,306832.77,2150628.13,66042.53,721755.96,75428.08,675713.86,2.2767536588290990,1.6204449395631833,0.31419372348672850290,0.17907814412910959281,0.97968792077545036230,10.4436274624851592,0.14414599279156324061,0.09856022846824818221,1.0681384573049900,0.97960830683947501890,0.56996092137618346639,0.29720408568582274541,equipment,2381220.84,0.40000000000000000000,1428732.504,0.45565294145502271012,2.1946527916767756,1.3167916750060654,0,0
F0000524,C000333,2023-06-18,0,overdraft,479185.75,192998.59,286187.16,0.1133,12,1,senior_secured,KZT,amortizing,agriculture,Karaganda,medium,LLP,private,18.6,91,1,0,0,2452562.96,2548827.37,567054.78,505043.99,2859286.48,883108.95,62443.58,267550.71,255913.93,881871.88,224538.47,80182.02,204173.27,1977414.59,14323.55,212085.46,114060.6,284355.29,3.9329962032786631,2.7414377589728834,0.14380155352247097560,0.09944973754431210405,0.50146000003738615871,39.5889831780529268,0.23120906139755123758,0.20592498469437865114,0.74584671872993816996,0.77877284707968195363,0.69157623897833420315,-0.03776811687328985329,none,0.0,1.00000000000000000000,0.00,,0.000000000000000000000000,0.000000000000000000000000,0,0
F0000195,C000117,2023-06-19,0,term_loan,280575.82,239637.49,40938.33,0.0958,60,0,senior_secured,KZT,amortizing,construction,Other,medium,LLP,foreign_owned,25.1,104,0,0,0,1249546.89,1027571.28,154189.65,118007.57,1516455.1,517480.77,128545.78,51248.09,205687.21,731314.06,220600.5,58496.06,306518.86,785141.04,32445.16,81096.31,96372.23,365014.92,2.3457823984986435,2.1134706403657290,0.46490363056298776587,0.24070275473372076760,2.3673114245995111,4.7523159078272383,0.12339644973227055129,0.09444028947164999947,0.22217258954784642776,2.1975117640401764,0.51774763393917828494,0.21601967116091450123,none,0.0,1.00000000000000000000,0.00,,0.000000000000000000000000,0.000000000000000000000000,0,0
F0000551,C000349,2023-06-20,0,credit_line,542644.74,309032.3,233612.44,0.1662,36,1,subordinated,KZT,annuity,real_estate,Atyrau,medium,JSC,private,21.7,147,0,0,0,2783932.67,3117507.6,-9350.47,-124648.17,1955426.28,612316.15,57102.51,106622.41,138852.71,1689419.66,700789.88,420009.08,327571.04,266006.62,119179.3,-9184.91,93116.05,747580.12,0.87375141604499197391,0.72160536907296663588,2.8103816363667942,0.38231056197117285342,-79.9510741171299411,-0.07845716496069367751,-0.00335872706289265250,-0.04477413241463199611,-0.01228618813459084493,0.13595541791620314494,0.13603510534797558310,-0.10700051861942533837,none,0.0,1.00000000000000000000,0.00,,0.000000000000000000000000,0.000000000000000000000000,0,0
F0000288,C000178,2023-06-21,0,term_loan,151624.8,130928.93,20695.87,0.1253,36,0,senior_secured,KZT,annuity,trade,Astana,medium,LLP,private,22.1,90,0,0,0,3024506.0,3175177.77,325349.82,233965.64,4513408.71,1263248.81,158240.06,360839.91,361605.73,3375549.82,948320.56,237213.31,1497822.65,1137858.88,176610.39,269666.41,78739.78,1735035.96,1.3320905011275934,0.95158634966218595957,1.5248252577683447,0.38441809095547210038,5.3328320882427413,1.8421895789936255,0.10757122650773382496,0.07735664601095187115,0.15542410429349256830,0.66707917865148460683,0.25210632431291603547,-0.04745301866988064734,equipment,160434.62,0.40000000000000000000,96260.772,0.81608900871894108641,1.2253565350301114,0.73521392101806682450,0,0
F0000330,C000207,2023-06-23,0,overdraft,31531.98,14499.57,17032.41,0.1084,36,1,senior_unsecured,KZT,annuity,trade,Aktobe,medium,LLP,private,7.7,111,0,0,0,682889.25,700831.15,52792.74,27385.37,535765.93,314921.95,15082.53,100664.13,139027.45,434600.5,279753.26,182425.85,50576.1,101165.43,11747.77,19300.97,28431.06,233001.95,1.1257132445927529,0.76588140563580921273,2.3031775775578673,0.43489504829095795621,4.4135225790515893,4.4938520246821312,0.07730790900574287851,0.04010221276729718618,0.08283608785248363801,0.08267759201889425210,0.18882393286934090788,-0.02560088831667941700,none,0.0,1.00000000000000000000,0.00,,0.000000000000000000000000,0.000000000000000000000000,0,0
F0000179,C000108,2023-06-24,0,credit_line,446985.32,262552.24,184433.08,0.1239,24,1,senior_secured,KZT,annuity,transport,Other,medium,LLP,private,10.0,177,0,0,0,950002.15,1001846.73,130340.68,107080.15,1563846.19,795065.6,45854.62,232975.32,242126.09,723420.6,233007.24,102667.55,406233.65,840425.59,37504.71,45631.45,26624.39,508901.20,3.4121926855148364,2.4123296769662608,0.60552796827616826851,0.32541640172426420018,3.9043927037974637,3.4753149671067981,0.13720040528329330623,0.11271569227501221971,0.08966661898223073555,0.44663206631501384810,0.53740936632649276077,-0.05174901354421748724,equipment,581452.42,0.40000000000000000000,348871.452,0.45154552800726153999,2.2146161083980849,1.3287696650388509,0,0
F0000665,C000427,2023-06-26,0,credit_line,209684.02,172460.42,37223.61,0.1089,36,1,senior_unsecured,USD,bullet,transport,Atyrau,small,LLP,private,5.3,39,0,0,0,537785.42,505595.21,79231.31,52738.5,946716.23,478287.26,41619.22,31217.48,177568.07,472999.48,135397.06,46249.86,231401.72,473716.76,26678.84,48084.23,21356.31,277651.58,3.5324789179321914,3.3019164522479292,0.58611306047098692476,0.29327856774991593838,3.5043164122870113,2.9698184028990766,0.14732885469449878355,0.09806606508595937763,0.17318190661835960019,0.89987775098130026772,0.50037883051820079180,0.06366794891114573653,real_estate,350835.44,0.25000000000000000000,263126.5800,0.49157069194605881321,2.0342954052877756,1.5257215539658317,0,0
F0000278,C000169,2023-06-30,0,term_loan,252667.13,239055.27,13611.86,0.1162,60,0,senior_secured,KZT,annuity,energy,Other,small,IE,private,18.0,34,1,0,0,432205.36,363531.21,104262.72,70731.7,341105.13,171075.03,20037.36,59659.59,47573.94,152916.29,94373.13,69203.84,38063.7,188188.85,14757.87,86128.83,17252.79,107267.54,1.8127514685589002,1.1805843464130097,0.56999944470674006457,0.31447061496847027777,1.02881969701154928626,7.0648894454281004,0.24123421329157047011,0.16365299125397241719,0.80293469953725050467,0.28954115840970674460,0.55170337074672550366,0.18890853965468329390,equipment,370638.38,0.40000000000000000000,222383.028,0.64498250289136273475,1.5504296558699584,0.93025779352197506459,0,1
F0000706,C000458,2023-07-02,0,working_capital,434376.63,375509.49,58867.15,0.1317,12,0,senior_unsecured,KZT,annuity,services,Karaganda,small,LLP,private,10.8,40,0,0,0,860665.59,638066.24,103634.88,52421.9,1495006.75,902972.37,72988.28,120583.27,184911.75,655755.75,303072.02,141074.08,132172.33,839251.0,43426.0,95443.99,19637.01,273246.41,2.9793986591041958,2.5815286412780698,0.32558365733255009526,0.18277269316676998281,2.6366259120481444,2.3864707778750058,0.12041248215813995770,0.06090855799172823907,0.34929640978631704621,0.51737555190861425430,0.56136937174363928457,0.34886558173019779263,guarantee,338145.29,0.30000000000000000000,236701.703,1.1104974728466571,0.90049732165224372891,0.63034812515657061024,0,0
F0000360,C000224,2023-07-04,0,term_loan,655627.45,632604.92,23022.53,0.1523,24,0,senior_unsecured,USD,bullet,trade,Atyrau,medium,LLP,private,21.1,271,0,0,0,2634860.92,2382800.94,390501.74,227732.75,1923862.24,1170029.16,217690.26,98276.79,147567.44,862301.35,493898.27,295201.67,251690.01,1061560.9,65893.33,388219.42,87851.83,546891.68,2.3689679253179000,2.1699860783071785,0.51517692484717551296,0.28426758872298465612,1.4004846175589384,5.9262711415556021,0.14820582636293379766,0.08643065304562640824,0.70986528813164610586,0.73742895831178732830,0.55178633788248788541,0.10578306218059490945,real_estate,1015315.21,0.25000000000000000000,761486.4075,0.62306258565751221239,1.6049752031647177,1.2037314023735383,1,0
F0000544,C000343,2023-07-04,0,working_capital,187652.43,170674.52,16977.9,0.1222,24,0,senior_unsecured,KZT,amortizing,energy,Almaty,small,IE,private,11.1,34,1,0,0,637087.3,638018.92,97980.47,55177.95,1090732.3,434228.36,73828.39,50846.05,81173.1,760994.41,337830.65,246757.95,194096.06,329737.89,64622.16,68131.31,12371.46,440854.01,1.2853432925638926,1.1348357823661056,1.3369831716943418,0.40418167684224625969,4.4994069736550560,1.5162054316971144,0.15379441718583936613,0.08660971581131816629,0.15454392713814716123,0.29919356195008104096,0.30230872414798754928,-0.00146017613396166998,real_estate,351508.95,0.25000000000000000000,263631.7125,0.48554814891626514773,2.0595279834388871,1.5446459875791653,0,0
F0000547,C000346,2023-07-04,0,credit_line,55972.39,34096.6,21875.8,0.1077,24,1,senior_secured,USD,amortizing,trade,Other,small,LLP,private,19.9,40,0,0,0,225572.33,211258.4,30826.4,11120.01,320107.02,185822.2,44238.74,44554.79,48673.52,167342.84,60286.77,42665.64,69558.38,152764.18,9841.43,16541.84,4050.37,112224.02,3.0823047909184718,2.3432572353768497,0.73462260590146197885,0.35058281445998903742,3.6405165702125451,3.1323090241966869,0.13665860524648568377,0.04929687076424666093,0.14740017333187672300,1.03687041844444381943,0.47722845940710703564,0.06775555433535423917,receivables,72494.67,0.45000000000000000000,39872.0685,0.47033250858304479488,2.1261553937929295,1.16938546658611122517,0,0
F0000177,C000107,2023-07-06,0,term_loan,451913.47,440563.73,11349.74,0.1138,24,0,senior_secured,KZT,annuity,manufacturing,Astana,medium,LLP,private,7.3,206,0,0,0,2798768.82,2625279.3,288524.71,132694.83,4837450.94,2614800.93,394346.13,293001.84,855409.23,2477915.69,1296772.57,816472.16,1002825.67,2359535.25,280892.72,237351.72,217231.82,1819297.83,2.0163913013675174,1.7904443259468389,0.77104075050372737597,0.37608605287478119623,6.3055182691284916,1.02717047988997365257,0.10308986863731031561,0.04741185804692507615,0.13046336673748464813,0.48298784615019818924,0.48776417151633169845,0.06608421435387846162,real_estate,301355.84,0.25000000000000000000,226016.8800,1.4619385839677107,0.68402326265033210973,0.51301744698774908230,0,0
F0000459,C000287,2023-07-06,0,term_loan,115691.21,110517.36,5173.86,0.1261,24,0,senior_secured,KZT,annuity,trade,Other,small,JSC,foreign_owned,22.1,36,0,0,0,956837.22,1009349.28,49208.08,-32294.51,1445235.69,569716.63,101434.26,191324.65,209315.69,1118969.7,379049.42,249081.21,394968.6,326265.99,76415.59,42235.07,44078.52,644049.81,1.5030141188449781,0.99826555597948151457,1.9740022856810788,0.44563652451732630544,13.0882938330453048,0.64395341317131752827,0.05142784892920448893,-0.03375131038485313103,0.06557733477166929061,0.40723368896433416234,0.22575279053619275068,-0.05202565756028478071,none,0.0,1.00000000000000000000,0.00,,0.000000000000000000000000,0.000000000000000000000000,0,0
F0000087,C000053,2023-07-09,0,overdraft,482204.55,447553.8,34650.75,0.116,24,1,senior_secured,KZT,annuity,real_estate,Aktobe,medium,JSC,private,17.3,104,0,0,0,3200341.16,3393147.41,455063.49,206788.28,4814380.69,1876269.72,267140.74,182166.33,827759.17,1976356.58,705091.54,285075.16,703632.18,2838024.11,130735.5,475210.5,104013.68,988707.34,2.6610299706616817,2.4026715594970832,0.34837876694430196366,0.20536542572415477182,2.1726799924116083,3.4807951168580837,0.14219218116108596372,0.06461444879207815457,0.48063818359030286960,0.93708880142345618608,0.58948892759870221231,-0.05682224398261553865,real_estate,467326.46,0.25000000000000000000,350494.8450,0.95768983421139902928,1.0441794036828645,0.78313455276214837188,0,0
F0000594,C000380,2023-07-11,0,credit_line,5521713.59,4201218.05,1320495.54,0.1236,60,1,senior_unsecured,USD,annuity,services,Aktobe,large,LLP,private,19.7,699,0,0,1,15136471.44,12286495.72,2331522.55,1317011.21,22348112.37,9785639.89,2254278.51,2743749.36,2760472.19,10357342.39,3990671.22,1883295.42,2865897.21,11990769.98,675058.37,1558280.95,367302.14,4749192.63,2.4521288150618432,1.7645879958008668,0.39607069753830771091,0.21250978836025961865,2.0369490443058335,3.4538088165620404,0.15403342577178608279,0.08700912991647675583,0.32811491792448098699,1.1969861372041143,0.53654509076553385882,0.23196001406331015269,equipment,3265632.17,0.40000000000000000000,1959379.302,1.2864945686764226,0.77730604104207350056,0.46638362462524410034,0,0
F0000718,C000465,2023-07-11,0,term_loan,122706.29,103190.35,19515.94,0.1079,36,0,senior_secured,KZT,annuity,energy,Kostanay,micro,LLP,foreign_owned,25.8,9,1,0,0,287824.7,262979.15,44504.4,36700.98,323519.22,180543.18,25419.82,41710.17,48247.39,205231.1,64666.44,43169.62,65380.5,118288.12,17336.59,15912.47,20647.48,108550.12,2.7919146314533474,2.1469097417454865,0.91767558737090419562,0.33552912250468457485,2.4390873711363371,2.5670792237689188,0.15462328285237507413,0.12751157214790808433,0.14659099409563066351,0.58883585262043075663,0.36562934344364455379,0.09447726179052597896,guarantee,190681.01,0.30000000000000000000,133476.707,0.54116741882162256220,1.8478569943798039,1.2934998960658627,0,0
F0000176,C000107,2023-07-13,0,term_loan,589115.6,497759.66,91355.94,0.1159,12,0,senior_secured,KZT,bullet,manufacturing,Astana,medium,LLP,private,7.3,206,0,0,0,2798768.82,2625279.3,288524.71,132694.83,4837450.94,2614800.93,394346.13,293001.84,855409.23,2477915.69,1296772.57,816472.16,1002825.67,2359535.25,280892.72,237351.72,217231.82,1819297.83,2.0163913013675174,1.7904443259468389,0.77104075050372737597,0.37608605287478119623,6.3055182691284916,1.02717047988997365257,0.10308986863731031561,0.04741185804692507615,0.13046336673748464813,0.48298784615019818924,0.48776417151633169845,0.06608421435387846162,real_estate,1047529.19,0.25000000000000000000,785646.8925,0.47517497817888969757,2.1044879169195832,1.5783659376896874,0,0
F0000411,C000257,2023-07-14,0,leasing,65174.9,53540.47,11634.42,0.1506,18,0,senior_unsecured,USD,amortizing,services,Astana,medium,LLP,private,9.7,134,0,0,0,1374332.85,1290795.89,42756.81,28356.65,1162432.58,493193.14,103096.85,91661.86,154854.81,1104310.95,591836.11,168216.34,313670.15,58121.63,33907.58,29991.51,55158.27,481886.49,0.83332721959124798924,0.67845012025373037816,8.2910009578189738,0.41455005502340617466,11.2704032410275696,1.2609808780219644,0.03111095685444759616,0.02063302932764795661,0.06223770664332174990,0.61288249405497706109,0.05000000086026494543,0.06471740470137381674,real_estate,64797.38,0.25000000000000000000,48598.0350,0.82627522902932186456,1.2102504890226029,0.90768786676695217655,0,0
F0000559,C000356,2023-07-14,0,working_capital,1311865.87,1241189.01,70676.86,0.117,36,0,senior_unsecured,KZT,bullet,real_estate,Karaganda,medium,LLP,private,2.2,118,0,0,0,5096266.55,4445817.43,504154.88,170555.62,6581273.59,4141489.48,253742.96,489694.32,541289.28,3289669.87,1647091.28,511025.81,934829.6,3291603.72,181141.69,418254.68,275451.86,1445855.41,2.5144262071498551,2.2171176572557654,0.43925561306632622228,0.21969234225377340680,2.8678794302258861,2.7832073334415727,0.09892631695255421834,0.03346677775321622453,0.28927835875372904681,0.49653648609255176368,0.50014692065096172366,0.14630585493925691861,receivables,2711232.49,0.45000000000000000000,1491177.8695,0.45779512254222064151,2.1843832552142884,1.2014107903678586,0,0
F0000364,C000226,2023-07-15,0,working_capital,12829.1,12291.62,537.48,0.08,60,0,subordinated,KZT,annuity,trade,Other,small,LLP,private,18.7,16,1,0,0,295114.66,310425.42,77211.07,62083.04,453241.64,272789.69,66017.23,56961.01,111318.0,151504.6,71792.07,35656.37,60678.49,301737.04,13009.4,43547.6,21251.3,96334.86,3.7997189661755121,3.0063025066696085,0.31926759803834491118,0.21254635827370141896,1.2476819709919834,5.9350215997663228,0.26163075056996490788,0.21036921717138687722,0.45204404719122444357,1.8514848819439556,0.66573106566289893400,-0.04932186288094576791,real_estate,18580.12,0.25000000000000000000,13935.0900,0.66154685760910047944,1.51160872203989384638,1.13370654152992038478,0,0
F0000349,C000219,2023-07-16,0,working_capital,53621.68,52167.86,1453.82,0.1484,18,0,subordinated,KZT,bullet,construction,Kostanay,small,LLP,private,15.3,52,0,0,0,569822.24,535764.76,44116.28,-1752.26,634407.84,409288.82,84803.06,32222.52,128050.62,550598.96,312377.26,233821.82,177852.52,83808.88,59751.31,32071.5,20600.13,411674.34,1.3102388438902371,1.2070862648580758,4.9120611085603339,0.64891117991227851156,9.3315741943790365,0.73833159473825762146,0.07742112698163553602,-0.00307509935028158957,0.07790502560834857961,0.36268240491841180605,0.13210568141780845583,0.06356797337697238616,none,0.0,1.00000000000000000000,0.00,,0.000000000000000000000000,0.000000000000000000000000,0,0
F0000282,C000172,2023-07-21,0,term_loan,2603821.35,2579499.82,24321.54,0.093,18,0,senior_unsecured,KZT,bullet,transport,Atyrau,medium,LLP,private,23.8,103,0,0,0,7390985.82,5401759.98,894291.31,434454.5,9127459.53,5678323.22,1184575.88,539884.02,661225.18,3077431.58,1613607.13,857065.63,1296573.09,6050027.95,236888.06,546344.83,366205.68,2153638.72,3.5190246215632426,3.1844425476726792,0.35597169761835563090,0.23595160437813521590,2.4082071422565875,3.7751641429289429,0.12099756808896164274,0.05878167142796656049,0.25368453163769269527,1.3821297209176385,0.66283810189624582208,0.36825513302425555013,none,0.0,1.00000000000000000000,0.00,,0.000000000000000000000000,0.000000000000000000000000,0,0
F0000584,C000373,2023-07-28,0,credit_line,268063.17,206128.01,61935.16,0.1201,36,1,senior_unsecured,KZT,annuity,trade,Karaganda,medium,JSC,private,16.2,211,0,0,1,1483576.59,1137406.9,148893.99,84364.99,1402146.34,868387.38,149747.12,150731.27,219491.77,675668.14,396988.24,262134.26,152979.05,726478.21,59524.34,104816.24,58198.58,415113.31,2.1874385498169921,1.8077515595927980,0.57140503911328599931,0.29605562426529601753,2.7879789506614740,2.5013967395522571,0.10036151217511459924,0.05686594852511119766,0.25250031130054586783,0.57126115449388416455,0.51811867939547593870,0.30434991206752834012,none,0.0,1.00000000000000000000,0.00,,0.000000000000000000000000,0.000000000000000000000000,0,0
F0000256,C000154,2023-07-29,0,leasing,40614.01,39173.08,1440.93,0.1242,12,0,senior_secured,USD,annuity,real_estate,Other,small,LLP,private,19.0,51,0,0,0,582123.91,573337.82,118748.18,97579.98,461029.32,134021.46,32363.55,38402.1,24892.57,284899.03,152618.44,60115.77,74605.31,176130.29,17381.98,61819.2,27269.07,134721.08,0.87814722781860435738,0.62652560201768541206,0.76489444263107725537,0.29221803073175476128,1.1345106931323074,6.8316831569245851,0.20399124303277630359,0.16762750734633112734,0.45886805539266757660,0.53835374644623199536,0.38203706870530490338,0.01532445565862025289,receivables,87443.54,0.45000000000000000000,48093.9470,0.44798140605926978711,2.2322355045863128,1.2277295275224721,1,0
F0000078,C000048,2023-07-30,0,term_loan,16575.32,16287.62,287.7,0.1183,18,0,senior_secured,KZT,annuity,transport,Aktobe,micro,LLP,private,4.6,7,1,0,0,41583.01,39512.9,5828.36,3132.18,31843.49,12542.68,1286.72,1452.49,4354.14,12810.0,5946.37,4167.97,2483.83,19033.49,442.12,3716.09,2324.98,6651.80,2.1093002958107215,1.8650353072546781,0.34947873458834927278,0.20889041998851256568,1.1412815955088567,13.1827558129014747,0.14016205176104375321,0.07532355161398850155,0.55865931026188400132,0.30871623356214176206,0.59771997353305181059,0.05239073821460839371,equipment,16840.82,0.40000000000000000000,10104.492,0.96715124322924893206,1.03396444661650996278,0.62037866796990597767,0,0
F0000381,C000239,2023-07-30,0,overdraft,29972.44,23562.69,6409.75,0.1063,36,1,senior_secured,KZT,annuity,services,Shymkent,small,IE,foreign_owned,18.6,46,1,0,0,172103.89,151402.48,26480.2,14795.75,259244.72,104644.51,20792.84,20562.76,40123.46,49945.8,27752.5,12103.76,19457.03,209298.92,2984.96,25020.02,7619.25,31560.79,3.7706336366093145,3.0297000270245924,0.15079289467905520009,0.12174130296655607875,1.1918637321470382,8.8712076543739280,0.15386171689669536232,0.08596987552111692536,0.79275645508239812755,1.7178827075222906,0.80734110997516169278,0.13673098353474791166,receivables,41502.9,0.45000000000000000000,22826.595,0.56773598953326153112,1.7613820832850579,0.96876014580678182330,0,0
F0000561,C000357,2023-07-31,0,credit_line,32690.21,28406.57,4283.64,0.1462,36,1,senior_secured,KZT,annuity,construction,Shymkent,micro,IE,private,22.4,9,0,0,0,105808.75,101705.06,14625.65,6417.81,126009.29,54994.6,8273.57,12530.87,16815.52,87437.67,53360.73,25688.45,27236.66,38571.62,5891.18,9184.32,6528.97,52925.11,1.03061933373100405485,0.79578615210099262135,1.3721256716725924,0.42000958818195071173,3.6186501112771056,2.4826350578322170,0.13822722600919111132,0.06065481351967583021,0.17353426379274412467,0.32207353888615311551,0.30610139934920671325,0.04034892659224624616,receivables,22290.16,0.45000000000000000000,12259.5880,1.27439955567838005649,0.78468326165390612101,0.43157579390964836656,0,0
F0000386,C000242,2023-08-01,0,term_loan,558180.92,474687.13,83493.79,0.1392,48,0,senior_secured,KZT,annuity,real_estate,Kostanay,medium,JSC,private,12.0,126,0,0,0,2772955.42,2667635.73,87197.6,35114.86,2491866.61,1015863.71,246631.67,227369.01,195450.73,1496467.78,378180.89,132750.27,688990.95,995398.83,84917.13,90808.56,176045.48,821741.22,2.6861846721022842,2.0849670643061843,0.82553966835584888120,0.32976934507742370688,9.4238972173546061,1.02685524110388563532,0.03144572731717410733,0.01266333376538740028,0.11050749042381006517,1.8578619086801104,0.39945911470758862169,0.03948053657236027499,none,0.0,1.00000000000000000000,0.00,,0.000000000000000000000000,0.000000000000000000000000,0,0
F0000669,C000430,2023-08-02,0,overdraft,10732.02,9926.06,805.96,0.1132,36,1,senior_unsecured,KZT,annuity,transport,Kostanay,micro,LLP,foreign_owned,8.8,8,0,0,0,300225.52,263570.1,22607.68,6666.65,354453.44,94746.39,6969.67,7600.15,16584.59,208477.34,99703.97,43681.79,87653.07,145976.11,17446.33,19488.5,15587.85,131334.86,0.95027700501795465115,0.87404984977027494492,0.89970105382312215334,0.37052781883002743604,5.8093028563744710,1.2958415896065247,0.07530232606475292307,0.02220547407162455743,0.14838786899380712783,0.15955550356338419282,0.41183437237906338277,0.13907275521768212707,equipment,21443.54,0.40000000000000000000,12866.124,0.46289278729165053904,2.1603274612484712,1.2961964767490827,0,0
F0000119,C000074,2023-08-04,0,term_loan,453107.19,424227.37,28879.82,0.1002,24,0,subordinated,KZT,annuity,trade,Aktobe,small,JSC,private,22.9,20,1,0,0,1136253.84,1136755.29,153315.91,74811.9,1872719.28,599483.94,68475.51,72685.88,85681.24,692502.06,268932.07,87123.56,347157.39,1180217.22,57461.87,142632.99,14480.09,434280.95,2.2291277496209359,1.9588517650572503,0.36796696628439296963,0.23189858439434659956,2.8325889335294687,2.6681329723519266,0.13493103794483105993,0.06584083359401452056,0.32843483003341500473,0.78595858571435786141,0.63021576837720173415,-0.00044112396433184841,none,0.0,1.00000000000000000000,0.00,,0.000000000000000000000000,0.000000000000000000000000,0,0
F0000493,C000311,2023-08-04,0,working_capital,885943.19,776093.78,109849.41,0.1427,48,0,senior_secured,KZT,bullet,trade,Aktobe,large,IE,foreign_owned,10.0,799,0,0,0,4532456.04,4447342.51,495964.91,253682.01,8005042.84,4763264.2,876144.65,806133.38,1616364.19,6041564.11,1885419.92,1018803.79,2987691.51,1963478.73,354267.98,519265.77,316357.13,4006495.30,2.5263678130652189,2.0988060951429854,2.0405086333682871,0.50049642207786110986,8.0781829908087651,1.3999710332274455,0.10942520029383451009,0.05597009827810707239,0.12960598506130782183,0.85997388172260332875,0.24528022763211096070,0.01913806499243522397,none,0.0,1.00000000000000000000,0.00,,0.000000000000000000000000,0.000000000000000000000000,0,0
F0000263,C000159,2023-08-08,0,trade_finance,55856.78,29465.43,26391.36,0.1257,18,1,subordinated,KZT,amortizing,trade,Karaganda,micro,IE,private,13.9,7,0,0,0,84431.44,93156.14,13652.18,13167.16,101797.6,39760.63,3273.59,6431.36,13039.39,72919.85,42857.45,29902.53,17710.84,28877.74,7522.43,5515.69,2477.53,47613.37,0.92774138452007760611,0.77767739331201459723,1.6487914220434148,0.46772585994168821269,3.4876019800500726,1.8148630163391351,0.16169545373145359122,0.15595091117716338842,0.11584330199689709004,0.10947535208559275754,0.28367800419656259087,-0.09365673588450530475,equipment,39809.35,0.40000000000000000000,23885.610,0.74016355454183502117,1.3510527421456262,0.81063164528737574846,0,0
F0000019,C000011,2023-08-13,0,working_capital,588795.09,548665.1,40129.99,0.1485,24,0,senior_secured,KZT,annuity,energy,Shymkent,medium,LLP,private,13.4,161,0,0,0,2538573.71,2372931.71,258577.71,115254.45,4514267.15,1535796.04,197433.64,334141.95,218236.62,3353667.64,1206898.5,605981.86,1351992.88,1160599.51,227693.81,101262.78,55349.32,1957974.74,1.2725146646548985,0.99565463872894033757,1.6870373657145521,0.43373036529306866564,7.5720940524997302,1.1356378550650982,0.10185944531821374610,0.04540126195508421932,0.05171812379969723205,0.32580783853826911584,0.25709588543070606710,0.06980479012605044584,none,0.0,1.00000000000000000000,0.00,,0.000000000000000000000000,0.000000000000000000000000,0,0
F0000145,C000090,2023-08-13,0,credit_line,74944.15,56443.7,18500.46,0.1252,60,1,senior_secured,KZT,amortizing,real_estate,Astana,small,LLP,private,6.0,30,1,0,0,301679.4,270671.23,56444.7,33621.08,353419.93,139499.7,16875.36,28735.25,19164.46,143391.74,73243.42,34717.81,28024.09,210028.18,5642.74,38507.78,17141.8,62741.90,1.9046038538342420,1.5122785091138562,0.29873086554385225830,0.17752790568432289600,1.1115640618162556,10.0030658864310601,0.18710160521401196104,0.11144638977669671844,0.61374902577065724819,0.48607213415823175483,0.59427372983747690743,0.11456027299244178999,none,0.0,1.00000000000000000000,0.00,,0.000000000000000000000000,0.000000000000000000000000,0,0
F0000147,C000091,2023-08-13,0,overdraft,28820.85,24983.33,3837.52,0.1334,24,1,senior_secured,USD,amortizing,real_estate,Aktobe,micro,LLP,private,15.6,9,0,0,0,174437.26,146131.11,20143.96,5228.25,134765.48,55122.92,13086.72,11052.32,9769.46,75546.52,31220.04,8257.99,30872.3,59218.96,4505.39,16836.16,9202.51,39130.29,1.7656261811323752,1.4116125411754758,0.66077300243030272737,0.29035840632185630920,1.9425321535586846,4.4710801950552560,0.11547968593407165419,0.02997209426472302993,0.43025901418057469035,1.5847342997509079,0.43942232090888556921,0.19370379106817158920,none,0.0,1.00000000000000000000,0.00,,0.000000000000000000000000,0.000000000000000000000000,0,0
F0000511,C000324,2023-08-15,0,overdraft,2810523.78,1657564.01,1152959.76,0.1295,36,1,senior_secured,KZT,amortizing,services,Other,large,IE,state_related,4.0,530,0,1,0,22342174.86,19603118.28,1031377.25,451941.9,35567526.55,19149633.44,4044473.03,2921127.61,2849693.41,22010358.93,13291083.48,9115025.96,7791222.37,13557167.63,1953997.55,757414.99,1470409.31,16906248.33,1.4407879890917667,1.2210069897175907,1.2470339521795822,0.47532819877799458619,16.3919151115656274,0.52782934656187260828,0.04616279554084557013,0.02022819635205379464,0.04480089107977748485,0.44371492168520384554,0.38116700667789337744,0.13972555492839683055,equipment,4276366.89,0.40000000000000000000,2565820.134,0.38761033667997555748,2.5799105580242419,1.5479463348145451,1,0
F0000115,C000071,2023-08-16,0,term_loan,20940.26,16989.88,3950.38,0.08,36,0,senior_unsecured,KZT,bullet,energy,Atyrau,micro,LLP,foreign_owned,6.9,10,1,0,0,197641.96,184393.96,40756.46,35492.55,246576.21,103921.71,15083.09,11437.82,27039.39,69052.61,39386.37,11409.31,20886.59,177523.6,4658.75,39322.88,7865.02,32295.90,2.6385196198583419,2.3481191589882490,0.18192454411695121099,0.13097735584466968650,0.79241180416552369857,8.7483681244969144,0.20621359958178921116,0.17958003452303346921,1.21758117903510971981,1.32199843811764252177,0.71995428918304811320,0.07184617110018137254,none,0.0,1.00000000000000000000,0.00,,0.000000000000000000000000,0.000000000000000000000000,0,0
F0000033,C000019,2023-08-17,0,overdraft,7973.71,5559.09,2414.62,0.1363,12,1,senior_secured,KZT,annuity,agriculture,Almaty,micro,LLP,private,5.8,9,1,0,0,80332.86,80545.74,4179.82,223.35,74784.08,39517.14,3714.6,12549.32,13041.03,45441.29,22542.32,15280.7,11839.01,29342.8,2994.16,3080.18,5885.61,27119.71,1.7530200973103035,1.19631963347162137704,0.92423729160134683807,0.36264015014960403337,6.4882482977735883,1.3959908622117722,0.05203126093108100471,0.00278030683832244987,0.11357717320723562309,0.24309095787496646096,0.39236693157153233683,-0.00264297031723837909,none,0.0,1.00000000000000000000,0.00,,0.00000000000000000000,0.00000000000000000000,0,0
F0000644,C000412,2023-08-18,0,credit_line,108361.69,69306.6,39055.09,0.1146,24,1,senior_secured,KZT,bullet,construction,Aktobe,small,LLP,private,20.5,43,0,0,0,374279.08,310814.9,52320.59,30995.94,548253.44,205296.25,18486.39,12905.82,46309.81,356743.2,220050.6,70697.79,74236.16,191510.24,18119.87,30915.47,24225.22,144933.95,0.93295019418261072681,0.87430086534642486773,0.75679478026866866231,0.26435575123796760856,2.7701130663855281,2.8874704950973710,0.13979031368785025335,0.08281504806520310994,0.21330730308530195996,0.26148469421745715107,0.34930969151784984696,0.20418641448656418981,none,0.0,1.00000000000000000000,0.00,,0.000000000000000000000000,0.000000000000000000000000,0,0
F0000592,C000379,2023-08-23,0,overdraft,49158.57,25019.64,24138.93,0.139,48,1,senior_secured,EUR,amortizing,transport,Aktobe,small,LLP,private,16.9,38,0,0,0,379017.16,347541.9,34081.62,5001.5,374996.39,164587.16,23090.18,27884.99,59871.98,191662.7,60121.89,24331.81,45079.54,183333.69,11009.58,24601.68,5119.55,69411.35,2.7375579842882517,2.2737503761109306,0.37860662707438005530,0.18509871521696515532,2.0366212052126630,3.0956330759211523,0.08992104737421387464,0.01319597244620797644,0.35443310063844025509,0.94897091502851616875,0.48889454642483358306,0.09056536780169527761,real_estate,20231.7,0.25000000000000000000,15173.775,1.23665534779578582126,0.80863273812093219567,0.60647455359069914675,0,0
F0000023,C000014,2023-08-25,0,term_loan,39112.64,32926.23,6186.41,0.1159,12,0,senior_secured,KZT,amortizing,real_estate,Shymkent,micro,IE,private,7.7,5,1,0,0,109841.06,100427.93,24977.91,18032.71,98369.78,53371.27,12867.51,7514.62,23758.56,34010.44,11219.68,2936.84,17571.15,64359.34,2277.02,14495.89,5776.71,20507.99,4.7569333528228969,4.0871620224462730,0.31864823349649017532,0.20847855916725644807,0.82104507542864875404,10.9695610930075274,0.22740048211479386670,0.16417093935546506926,0.70684108974112041209,4.3814133558518680,0.65425926539634428378,0.09373020035362672516,none,0.0,1.00000000000000000000,0.00,,0.000000000000000000000000,0.000000000000000000000000,0,0
F0000729,C000473,2023-08-27,1,credit_line,1258867.94,668613.14,590254.8,0.1159,12,1,senior_unsecured,KZT,annuity,agriculture,Karaganda,medium,LLP,private,15.6,137,0,0,0,2694841.01,2732458.64,264680.19,114239.37,4096548.07,2041184.91,232980.34,110176.45,627381.33,1997135.57,622769.16,434991.42,543652.41,2099412.5,79838.33,166481.47,155782.28,978643.83,3.2775947190448544,3.1006809328837028,0.46615128279935458134,0.23889475072118462899,3.6974577885862935,3.3152019838090301,0.09821736756188076565,0.04239187750820223713,0.17011446339982545029,0.53559755270575221920,0.51248330646343422500,-0.01376695312028583898,none,0.0,1.00000000000000000000,0.00,,0.000000000000000000000000,0.000000000000000000000000,0,0
F0000585,C000374,2023-08-30,0,overdraft,7556.59,3303.57,4253.01,0.151,48,1,senior_unsecured,KZT,annuity,trade,Karaganda,micro,LLP,private,17.0,9,0,0,0,70842.46,70371.51,4271.33,-1085.41,69043.13,24045.16,3944.8,3237.55,6896.67,49848.51,17773.14,10800.2,22470.55,19194.62,4153.19,2883.94,2278.42,33270.75,1.3528931860099003,1.1707334775959678,1.7333372580441811,0.48188357045806005608,7.7893185494916103,1.0284456044630754,0.06029336078956038511,-0.01532146116890915420,0.08668094347136749247,0.36525249532416066369,0.27800912270344638199,0.00669233898775228782,real_estate,3710.92,0.25000000000000000000,2783.1900,0.89022937708169402736,1.1233059992674591,0.84247949945059435701,0,0
F0000094,C000057,2023-09-01,0,working_capital,46452.88,39629.43,6823.45,0.1634,48,0,senior_secured,KZT,annuity,services,Karaganda,small,LLP,private,12.9,50,0,0,0,211062.5,224093.79,22332.63,13770.16,208110.71,103783.11,7569.02,23374.08,23513.03,154495.35,38739.7,25825.11,59863.65,53615.36,5605.54,15151.28,9293.59,85688.76,2.6789858981871310,2.0756234560412187,1.5982129001838279,0.41174603652065768263,3.8369309839459123,3.9840283005740749,0.10581050636659757181,0.06524209653538643767,0.17681758961151964388,0.29308761898787652792,0.25762902831862906046,-0.05815105362803672516,equipment,72302.85,0.40000000000000000000,43381.710,0.54810329053419056095,1.8244736298251072,1.0946841778950643,0,0
F0000035,C000021,2023-09-02,0,credit_line,45598.97,37478.25,8120.72,0.1139,24,1,senior_unsecured,KZT,bullet,manufacturing,Almaty,micro,IE,private,14.0,9,1,0,0,87531.93,98534.72,9050.92,4268.97,90181.77,29828.78,3390.16,5160.83,10248.48,63172.8,34010.17,10056.57,15156.7,27008.97,1700.02,7829.43,2395.93,25213.27,0.87705471628045375839,0.72531098786039587570,0.93351468049318430136,0.27958278042225163689,2.7857134965285297,5.3240079528476136,0.10340135308338340078,0.04877043154423762849,0.31052814648794067568,0.33710897453107769349,0.29949478702846484384,-0.11166409160141724663,guarantee,24692.99,0.30000000000000000000,17285.093,1.5177688080706306,0.65886187321980081781,0.46120331125386057247,0,0
F0000067,C000042,2023-09-02,0,credit_line,29871.96,18250.36,11621.59,0.133,36,1,senior_secured,KZT,annuity,trade,Kostanay,small,LLP,private,7.8,22,0,0,1,227761.9,224702.34,-5001.48,-11280.46,206215.28,133433.81,9863.37,30664.88,56726.6,128365.66,65358.11,38791.42,23975.85,77849.62,3205.08,-3379.06,3704.85,62767.27,2.0415799967287916,1.5723975188389016,0.80626302350608776254,0.30437739628217656810,-12.5497392771739565,-1.5604852296978547,-0.02195924779341935592,-0.04952742315549703440,-0.05383474540154446736,0.25426679404878707714,0.37751625388768475353,0.01361605758088678560,receivables,15996.37,0.45000000000000000000,8798.0035,1.14090634312659684666,0.87649613487076419314,0.48207287417892030623,0,0
F0000478,C000301,2023-09-02,0,trade_finance,58478.14,22202.21,36275.92,0.1442,24,1,senior_secured,EUR,annuity,trade,Kostanay,small,LLP,foreign_owned,17.3,38,0,0,0,182002.51,191938.51,21885.62,5635.47,162080.48,71804.88,5792.1,10027.17,24450.11,143134.15,59666.18,14333.38,59454.01,18946.33,8063.76,21017.7,8636.98,73787.39,1.2034435588133847,1.0353890595979163,3.8945479150843462,0.45525155157487194016,3.3715010129939202,2.7140713513299007,0.12024900096158014524,0.03096369385235401424,0.28484135297372626949,0.40409868432986497253,0.11689458224704171656,-0.05176657878609144147,inventory,50854.33,0.55000000000000000000,22884.4485,0.43658445603353736054,2.2905075665890918,1.03072840496509131298,0,0
F0000320,C000198,2023-09-03,0,credit_line,1226071.3,710789.6,515281.7,0.1369,36,1,senior_unsecured,KZT,amortizing,transport,Other,medium,LLP,foreign_owned,23.2,156,0,0,0,3594887.05,3807820.38,727869.48,475542.65,6049727.74,3637792.28,625117.99,841053.01,1574397.44,3575704.84,1871211.79,822692.13,1006331.11,2474022.9,169699.19,771352.96,196526.53,1829023.24,1.9440836678353763,1.4946139635000910,0.73929115207462307645,0.30233149632614706724,2.5128450776641988,4.2891747450297199,0.20247353251335114966,0.13228305740509983478,0.42172944724310884098,0.75984437823660717406,0.40894780828599734639,-0.05592000376866515957,receivables,1301391.5,0.45000000000000000000,715765.325,0.54617661172675555357,1.8309095968764878,1.00700027828206828012,0,0
F0000745,C000486,2023-09-05,0,working_capital,31383.32,30450.88,932.45,0.136,36,0,senior_unsecured,KZT,annuity,services,Kostanay,micro,LLP,state_related,20.4,8,0,1,0,84075.58,83996.51,12821.48,6261.88,77400.3,48159.12,10313.26,14858.07,20221.69,42083.94,25535.11,11344.17,5973.52,35316.36,960.34,5098.94,1947.23,17317.69,1.8859961832942956,1.3041279242580118,0.49035885918027792219,0.22374189764122361283,1.35067792485734876161,13.3509798612991232,0.15249945346793920423,0.07447917695007277975,0.29443534328192732403,0.90912424619870823516,0.45628195239553335065,0.00094134863460398533,guarantee,33946.52,0.30000000000000000000,23762.564,0.89702508534011733751,1.11479602559926018558,0.78035721791948212991,0,0
F0000441,C000273,2023-09-07,0,term_loan,3316173.14,3183823.18,132349.96,0.0989,36,0,senior_secured,USD,bullet,trade,Other,large,IE,private,22.4,385,0,0,0,12134449.33,11191928.8,1259709.35,327298.44,10008204.74,3376300.09,390647.21,876676.08,1336490.99,6543344.39,2754570.27,1237524.83,2878090.44,3464860.35,351205.89,951569.93,696410.76,4115615.27,1.2257084623221465,0.90744608595517877277,1.1878156272589745,0.41122412829456164783,3.2671149658450975,3.5868115708423911,0.10381265072207442313,0.02697266526885732193,0.23120964122576987134,0.31566817936089411636,0.34620198527233566567,0.08421430718894494754,equipment,3361047.7,0.40000000000000000000,2016628.62,0.94727104884587029217,1.0556640585800371,0.63339843514802225920,0,0
F0000073,C000046,2023-09-11,0,credit_line,574098.55,393656.95,180441.61,0.1168,18,1,senior_secured,KZT,bullet,trade,Astana,small,LLP,private,2.7,30,1,0,0,1080617.07,1021058.2,179284.49,137940.61,1153913.65,399681.29,85091.87,67547.01,143272.85,447355.45,128277.78,56734.48,192918.4,706558.19,25055.82,172504.18,79705.88,249652.88,3.1157484172239339,2.5891801370432198,0.35333661619575876688,0.21635317339386703676,1.3924956921817386,7.1554030161455502,0.16590936324927756324,0.12764985287526505573,0.69097612653216738377,1.4998263842375924,0.61231461296952332612,0.05833053394997464395,equipment,495917.55,0.40000000000000000000,297550.530,0.79379515808625849196,1.2597708487046907,0.75586250922281443272,0,0
F0000321,C000199,2023-09-11,0,term_loan,583523.31,510321.25,73202.06,0.1221,24,0,senior_secured,KZT,annuity,trade,Kostanay,medium,LLP,private,17.9,167,0,0,0,3346516.44,3495802.13,329325.35,164965.37,4395078.43,1561694.64,145755.83,522204.55,698578.17,3144981.24,854670.01,513440.82,932283.64,1250097.19,162809.31,336005.78,122528.33,1445724.46,1.8272486710982172,1.2162472975973499,1.1564896486168407,0.32894167488155609546,4.3899580156826676,2.0227673098055633,0.09840840644428449304,0.04929465399548433116,0.23241342959639764274,0.28388048694686955353,0.28443114495228700617,-0.04270427342522386986,none,0.0,1.00000000000000000000,0.00,,0.000000000000000000000000,0.000000000000000000000000,0,0
F0000003,C000002,2023-09-14,0,term_loan,29497.61,29072.45,425.15,0.1415,12,0,senior_unsecured,USD,amortizing,services,Atyrau,small,LLP,private,7.4,18,0,0,0,677574.04,640135.2,-548.68,-49572.16,655252.64,305832.31,54587.44,105097.01,110297.24,411435.81,181086.63,94857.51,89369.46,243816.83,17965.13,-308.91,12411.75,184226.97,1.6888729444023559,1.1085042556703386,0.75559578885510077381,0.28115410568967719077,-335.7639607785959029,-0.03054138767712785825,-0.00080977128344527485,-0.07316124448923692531,-0.00167679032011436762,0.57546777266238593022,0.37209591402790838050,0.05848583236791227853,none,0.0,1.00000000000000000000,0.00,,0.000000000000000000000000,0.000000000000000000000000,0,0
F0000756,C000494,2023-09-15,0,term_loan,15015.36,13889.5,1125.86,0.1304,24,0,senior_secured,KZT,amortizing,agriculture,Shymkent,micro,IE,private,11.5,5,0,0,1,70063.92,70200.94,1212.99,-2641.08,118521.73,36590.31,3935.84,5311.4,16125.91,90843.05,34974.5,12741.38,27454.3,27678.68,5158.71,924.25,3759.12,40195.68,1.04619965975210510515,0.89433472958870033882,1.4522253228838948,0.33914186031540376604,33.1376845645883313,0.23513436498659548608,0.01731261967643260611,-0.03769529309807387311,0.02299376450404620596,0.30890217543154666135,0.23353253449810427168,-0.00195182571629382740,equipment,23260.91,0.40000000000000000000,13956.546,0.59711765360856475521,1.6747118326793621,1.00482709960761726484,0,0
F0000148,C000091,2023-09-16,0,credit_line,25687.86,18837.24,6850.61,0.1255,12,1,senior_secured,KZT,annuity,real_estate,Aktobe,micro,LLP,private,15.6,9,0,0,0,174437.26,146131.11,20143.96,5228.25,134765.48,55122.92,13086.72,11052.32,9769.46,75546.52,31220.04,8257.99,30872.3,59218.96,4505.39,16836.16,9202.51,39130.29,1.7656261811323752,1.4116125411754758,0.66077300243030272737,0.29035840632185630920,1.9425321535586846,4.4710801950552560,0.11547968593407165419,0.02997209426472302993,0.43025901418057469035,1.5847342997509079,0.43942232090888556921,0.19370379106817158920,equipment,32958.13,0.40000000000000000000,19774.878,0.57155063105825482210,1.7496262722139761,1.04977576332838568708,0,0
F0000616,C000394,2023-09-20,0,credit_line,696277.33,608937.24,87340.08,0.1458,24,1,senior_unsecured,KZT,amortizing,energy,Atyrau,medium,LLP,private,11.6,95,1,0,0,3335505.31,3380545.45,256552.38,51807.52,4586823.11,2213444.02,454444.29,174869.93,479015.0,2837003.08,1516874.17,678489.0,761795.78,1749820.03,224894.02,152564.26,68404.64,1440284.78,1.4592139966362536,1.3439309141904631,0.82310452235479325265,0.31400486686742973177,5.6139989034597925,1.1407701280807733,0.07691559633583674313,0.01553213536931829978,0.10592645435022926508,0.66978873644230046471,0.38148844811240170105,-0.01332333514403718489,real_estate,918364.21,0.25000000000000000000,688773.1575,0.66306725955707703374,1.5081426289513842,1.1311069717135382,0,0
F0000557,C000354,2023-09-21,0,term_loan,441556.07,405619.15,35936.92,0.1162,48,0,senior_secured,KZT,annuity,construction,Other,medium,JSC,foreign_owned,15.6,134,0,0,0,3581482.72,3772270.97,187743.17,84966.01,3520655.34,1309993.88,247845.21,426136.16,355911.47,2478096.56,998290.78,416626.74,1052977.59,1042558.78,81649.96,85271.33,218433.74,1469604.33,1.3122367813514215,0.88537101384428292526,1.4096129236952951,0.41742351581623437187,7.8277379145137477,2.2993663438414422,0.05242051537805548871,0.02372369675987156515,0.05802332523067620521,0.59488550830894819665,0.29612633993306484809,-0.05057649662956211229,none,0.0,1.00000000000000000000,0.00,,0.000000000000000000000000,0.000000000000000000000000,0,0
F0000159,C000097,2023-09-22,0,term_loan,78728.45,68927.52,9800.94,0.1244,48,0,senior_secured,KZT,amortizing,transport,Kostanay,small,LLP,private,20.3,40,0,0,0,237807.06,238453.24,23139.7,17498.56,186479.35,76838.32,12897.2,17446.79,12563.47,96799.81,37739.55,14582.93,47272.08,89679.54,5963.61,17251.73,11747.93,61855.01,2.0360157977506356,1.5737212022930851,0.68973380104313648353,0.33169897900223268689,2.6731120109595198,3.8801497750523592,0.09730451232187976253,0.07358301305268228790,0.27890594472460678610,0.88440388865612054642,0.48090869042604449233,-0.00270988140064693606,real_estate,100936.16,0.25000000000000000000,75702.1200,0.68288232879079212048,1.4643811354303767,1.0982858515727825,0,0
F0000187,C000111,2023-09-23,0,credit_line,457135.18,232609.18,224526.0,0.1317,12,1,subordinated,KZT,bullet,real_estate,Atyrau,medium,LLP,private,19.3,171,0,0,0,2520564.75,2626806.78,175689.89,67026.69,2721399.42,956660.33,171498.9,114134.7,315479.26,1598738.53,497175.75,170092.75,675297.72,1122660.89,110443.15,113968.05,66286.53,845390.47,1.9241894440748568,1.6946233399356264,0.75302388952019162260,0.31064549502990634135,4.8118333388449387,1.5907721755491400,0.06970258946928461171,0.02659193341492219154,0.13481113644444087476,1.00826696023199107546,0.41253073023731297775,-0.04044531589034500665,inventory,458065.19,0.55000000000000000000,206129.3355,0.50780802618946006353,1.9692481182384977,0.88616165320732397578,0,0
F0000438,C000272,2023-09-26,0,credit_line,373354.25,330326.41,43027.84,0.1209,36,1,senior_secured,KZT,amortizing,energy,Almaty,medium,LLP,private,25.5,277,0,0,0,1704473.78,1521356.86,196243.09,134661.61,2774085.62,1554487.84,154933.53,147422.29,594871.2,2295343.8,1197286.96,552850.65,379026.8,478741.83,117175.89,139755.61,119666.15,931877.45,1.2983419112824882,1.1752116217819661,1.9465135311029746,0.33592238223707024587,4.7485873260556588,1.6747736245058604,0.11513412074898564881,0.07900479994476653082,0.14997209128732538812,0.28024481837906856038,0.17257644340480017340,0.12036421224669141729,equipment,615670.25,0.40000000000000000000,369402.150,0.53653138185579049824,1.8638238765105097,1.1182943259063058,0,0
F0000519,C000330,2023-09-28,0,working_capital,47169.49,46451.88,717.61,0.1142,18,0,senior_secured,KZT,bullet,trade,Shymkent,small,IE,private,12.7,51,0,0,0,224879.81,212569.85,39855.48,28221.11,284172.76,179152.11,19221.94,17598.94,69701.58,128570.05,72260.02,19952.12,35498.79,155602.71,5244.04,32883.74,12773.81,55450.91,2.4792701413589423,2.2357199735067884,0.35636210963163816363,0.19513098299780739012,1.3912995151482306,7.6001479775135201,0.17723013906850952960,0.12549419176403608665,0.59302435253091428076,0.96340338771017816653,0.54756377775266003680,0.05791018810993186475,real_estate,97261.01,0.25000000000000000000,72945.7575,0.47760022232958510301,2.0938013703643426,1.5703510277732570,1,0
F0000300,C000183,2023-09-30,0,term_loan,68158.08,58318.9,9839.18,0.1696,18,0,senior_unsecured,KZT,amortizing,energy,Atyrau,small,LLP,private,14.1,18,0,0,0,237520.24,245597.52,22482.64,9448.63,287187.73,163123.31,8293.82,25801.92,17156.22,205430.18,57886.19,22347.38,113468.58,81757.56,17980.17,18665.47,13914.28,135815.96,2.8180004591768779,2.3722651292130299,1.6612036856285828,0.47291700101532889306,6.0409257987496130,1.2504130939807577,0.09465568071167324519,0.03978031514282740705,0.13743208088357215161,0.37113164943720471930,0.28468333239724413017,-0.03288827997937438456,none,0.0,1.00000000000000000000,0.00,,0.000000000000000000000000,0.000000000000000000000000,0,0
F0000580,C000369,2023-09-30,0,overdraft,10885.48,6141.71,4743.76,0.0911,18,1,senior_secured,KZT,amortizing,agriculture,Other,micro,IE,private,25.5,7,0,0,0,66236.29,68526.23,8497.21,5381.59,51116.83,32815.63,1711.67,8850.77,13654.46,29607.65,9187.72,2888.58,6630.5,21509.18,613.2,3362.88,911.06,9519.08,3.5716837256686098,2.6083576774216019,0.44255894459946869197,0.18622203293905353677,1.1202594734036231,13.8571591650358774,0.12828632159198529990,0.08124836098157067674,0.35327783777423868693,0.59256451266712363860,0.42078470045971160575,-0.03341698499975848664,real_estate,8517.24,0.25000000000000000000,6387.9300,0.72109157426584198637,1.3867864161609715,1.0400898121207286,0,0
F0000134,C000083,2023-10-02,0,term_loan,66492.28,56609.65,9882.63,0.1354,48,0,subordinated,KZT,annuity,trade,Other,small,LLP,private,22.1,49,0,0,0,406075.76,355275.95,68199.04,57523.08,538386.31,245398.63,31630.47,41767.16,94794.59,335542.34,187727.91,81022.67,67530.85,202843.97,8847.13,63595.06,15865.12,148553.52,1.3072037610177410,1.0847160126589594,0.73235364107693218586,0.27592365786566898404,2.1782347669410009,7.7086060677304391,0.16794659203494441530,0.14165602989944536458,0.42809527502276620574,0.39039036852278504275,0.37676286754022404470,0.14298690918988465163,receivables,109986.81,0.45000000000000000000,60492.7455,0.51469489841554637324,1.9428986047431842,1.0685942326087513,0,0
F0000070,C000044,2023-10-04,0,working_capital,13619.4,11342.87,2276.53,0.1138,36,0,senior_unsecured,KZT,amortizing,construction,Shymkent,micro,LLP,private,17.5,5,0,0,0,55349.65,53667.17,4091.47,901.16,61087.55,21589.27,4703.35,2118.89,8133.27,32918.04,13198.71,3697.56,17720.08,28169.51,2526.82,2780.3,1991.42,21417.64,1.6357106111127527,1.47517295250823754746,0.76031283469254523774,0.35060564714086585564,5.2347053748408274,1.6192170395991800,0.07392043129450683067,0.01628122309716502272,0.12981355555514052902,1.2720145176819308,0.46113340607046771396,0.03135026497577569304,real_estate,24362.5,0.25000000000000000000,18271.875,0.46558727552591072345,2.1478250213570287,1.61086876601777151638,0,0
F0000676,C000433,2023-10-05,0,working_capital,5360.7,5042.6,318.1,0.128,12,0,senior_secured,KZT,amortizing,manufacturing,Astana,micro,LLP,state_related,6.2,9,0,1,0,56333.72,46388.28,5824.05,2222.28,93589.75,26441.52,3892.62,6258.57,10529.3,43836.74,13411.48,7087.1,17663.91,49753.01,1939.18,6157.16,1815.57,24751.01,1.9715586944915848,1.5049010250919362,0.49747764004630071628,0.26446282846145010538,4.2497935285583056,3.0033570890788890,0.10338479333514633864,0.03944848662577227281,0.24876398983314216268,0.54925427890110200223,0.53160746769811865081,0.21439553266471617400,none,0.0,1.00000000000000000000,0.00,,0.00000000000000000000,0.00000000000000000000,0,0
F0000383,C000241,2023-10-06,0,overdraft,35996.92,26041.88,9955.04,0.1441,48,1,senior_unsecured,KZT,bullet,real_estate,Aktobe,small,LLP,private,22.6,22,0,0,0,255771.7,267931.97,-3995.22,-16720.97,196975.88,75908.8,11327.17,22096.42,26561.22,180574.22,103532.25,45472.47,25685.46,16401.66,10371.9,-2976.22,17031.38,71157.93,0.73318989976553199607,0.51976442123106568243,4.3384590340246048,0.36125199694500666782,-17.8107663658071395,-0.38519654065311080901,-0.01562025822246949135,-0.06537458991749282661,-0.04182555619591519877,0.24909951009918748641,0.08326735232760478085,-0.04538566263667601892,equipment,18675.91,0.40000000000000000000,11205.546,1.3944102322189387,0.71714906911482581135,0.43028944146889548681,0,0
F0000135,C000083,2023-10-11,0,credit_line,150347.28,92773.22,57574.06,0.1403,12,1,senior_unsecured,KZT,annuity,trade,Other,small,LLP,private,22.1,49,0,0,0,406075.76,355275.95,68199.04,57523.08,538386.31,245398.63,31630.47,41767.16,94794.59,335542.34,187727.91,81022.67,67530.85,202843.97,8847.13,63595.06,15865.12,148553.52,1.3072037610177410,1.0847160126589594,0.73235364107693218586,0.27592365786566898404,2.1782347669410009,7.7086060677304391,0.16794659203494441530,0.14165602989944536458,0.42809527502276620574,0.39039036852278504275,0.37676286754022404470,0.14298690918988465163,equipment,142656.69,0.40000000000000000000,85594.014,0.65032505660968300891,1.5376925582619640,0.92261553495717837540,0,0
F0000631,C000403,2023-10-11,0,trade_finance,14036.18,5233.61,8802.57,0.1009,24,1,senior_unsecured,KZT,amortizing,construction,Shymkent,micro,LLP,private,18.3,12,0,0,0,47468.08,40393.89,9759.18,6994.77,75223.94,37814.82,7517.03,12159.69,6776.2,53639.73,30410.96,10420.79,14021.45,21584.21,2414.39,7772.98,3758.25,24442.24,1.24346025248791882926,0.84361460473460883839,1.13241300005883930892,0.32492634658594059285,2.5045382911269185,4.0420893062015664,0.20559458061080203792,0.14735733992190120182,0.31801422455552355267,0.72134934107682814835,0.28693272381106333968,0.17513019914645507031,equipment,8632.14,0.40000000000000000000,5179.284,0.60629345677896790367,1.6493663073862974,0.98961978443177844738,0,0
F0000457,C000285,2023-10-15,0,term_loan,50046.3,41918.72,8127.57,0.1302,36,0,senior_unsecured,EUR,amortizing,agriculture,Karaganda,small,LLP,private,15.4,35,0,0,0,654339.16,778249.94,44371.81,15315.34,720404.83,282134.4,39115.21,30792.13,96289.8,616932.66,155511.7,68691.36,159583.44,103472.17,25536.71,32847.42,12830.61,228274.80,1.8142326268698754,1.6162273963952551,2.2061468315586694,0.31687016868001842797,5.1445906759269004,1.7375695616232475,0.06781163762229972603,0.02340581297319879189,0.14389420119960678971,0.56943420540807461084,0.14363058892872775437,-0.15921720469390591922,none,0.0,1.00000000000000000000,0.00,,0.000000000000000000000000,0.000000000000000000000000,0,0
F0000699,C000453,2023-10-15,0,term_loan,538911.77,491284.43,47627.34,0.1108,48,0,senior_unsecured,KZT,amortizing,transport,Almaty,medium,LLP,state_related,14.0,131,0,1,0,1747553.71,1647979.1,126260.47,44008.51,2678437.6,1367229.71,232420.32,84879.13,171047.54,1479596.59,813573.32,519945.13,458445.47,1198841.02,69590.53,117827.91,31356.0,978390.60,1.6805242703878244,1.5761954681601407,0.81611371622902926695,0.36528407456645620566,7.7489858860813681,1.8143340767774006,0.07224983660158862871,0.02518292270398945278,0.12043033733153200777,0.44700932192595014786,0.44758967690716408700,0.06042225292784356306,none,0.0,1.00000000000000000000,0.00,,0.000000000000000000000000,0.000000000000000000000000,0,0
F0000654,C000418,2023-10-16,0,term_loan,57275.3,55018.27,2257.02,0.137,12,0,senior_secured,KZT,bullet,real_estate,Karaganda,small,LLP,private,23.1,36,1,0,0,307050.32,276740.13,55749.47,46490.41,470100.08,127345.24,24653.0,7833.49,24438.07,174305.07,106971.64,27592.64,34271.58,295795.01,7019.17,50461.85,22745.43,61864.22,1.1904579568939955,1.1172283607131759,0.20914558362563317076,0.13159797803055043088,1.1096826570727937,7.9424590086862122,0.18156460478530033774,0.15140974287211294878,0.81568716133493641397,0.89346289445301355724,0.62921710202644509229,0.10952582120995606962,equipment,86115.22,0.40000000000000000000,51669.132,0.63889135973873143447,1.5652113379791840,0.93912680278751040336,0,0
F0000484,C000304,2023-10-17,0,credit_line,14947.35,7812.15,7135.2,0.1476,24,1,senior_unsecured,KZT,amortizing,energy,Other,micro,LLP,state_related,4.5,14,0,1,0,51456.31,51741.17,-3561.07,-5398.99,44785.74,11788.23,2277.35,1106.2,2986.7,42546.45,12768.96,5663.21,10924.56,2239.29,1463.47,-3683.3,2985.98,16587.77,0.92319421472069769190,0.83656225722376763652,7.4076024096923578,0.37038061668736521938,-4.6580859123802677,-2.4333057732649115,-0.06920570091403755924,-0.10492376931031393429,-0.22204913620094804787,0.40213059377985276901,0.05000006698560747238,-0.00550548045202688691,none,0.0,1.00000000000000000000,0.00,,0.00000000000000000000,0.00000000000000000000,0,0
F0000618,C000396,2023-10-19,0,leasing,305442.8,303900.07,1542.73,0.095,24,0,senior_secured,USD,annuity,transport,Aktobe,small,LLP,foreign_owned,5.0,29,0,0,0,869405.18,953584.15,115869.83,49061.62,631076.48,170733.22,10069.4,41498.71,73295.73,363192.37,132105.03,89331.79,139439.04,267884.11,22187.25,81679.35,14848.07,228770.83,1.2924051415756084,0.97827092579290886956,0.85399178771745737364,0.36250888323393069569,1.9743778859432175,5.2223610406877824,0.13327483280005302016,0.05643124877631853999,0.35703568501281391513,0.11271911152793423260,0.42448755180988522976,-0.08827639385574938510,none,0.0,1.00000000000000000000,0.00,,0.000000000000000000000000,0.000000000000000000000000,0,0
F0000489,C000309,2023-10-23,1,term_loan,49506.88,45332.27,4174.61,0.1313,18,0,senior_secured,KZT,annuity,agriculture,Karaganda,small,LLP,private,18.4,23,1,0,0,294955.38,255323.82,32039.58,28603.57,381577.76,102236.72,18556.14,20438.07,29425.6,175625.01,48408.24,14479.74,95905.26,205952.75,8363.34,26297.93,14137.28,110385.00,2.1119693671986422,1.6897670727132406,0.53597244999156359893,0.28928572776358873746,3.4452698818149302,3.8309550968871288,0.10862517578082488273,0.09697592225644434762,0.23823825700955745799,1.28152439201256376150,0.53973992090105041761,0.15522077023600853222,none,0.0,1.00000000000000000000,0.00,,0.000000000000000000000000,0.000000000000000000000000,0,0
F0000331,C000208,2023-10-24,0,term_loan,55680.12,47929.94,7750.18,0.1054,36,0,senior_secured,USD,bullet,transport,Atyrau,small,LLP,private,2.7,23,1,0,0,194292.43,190143.16,37159.37,33457.31,214352.27,112106.4,24064.27,14228.69,40602.36,120249.35,30353.61,6979.12,58552.26,94102.92,6860.23,20542.41,2031.98,65531.38,3.6933465245155354,3.2245821831406544,0.69637987854149478040,0.30571815264657565791,1.7635223632693450,5.4166361769211819,0.19125485228631913245,0.17220079032415210412,0.31347439959298888563,3.4480378615068949,0.43901060623244157853,0.02182182099003719092,receivables,47838.29,0.45000000000000000000,26311.0595,1.00191582934925140510,0.99808783403442608107,0.54894830871893434459,0,0
F0000018,C000011,2023-10-25,0,credit_line,703258.15,638213.59,65044.56,0.1299,24,1,senior_secured,KZT,bullet,energy,Shymkent,medium,LLP,private,13.4,161,0,0,0,2538573.71,2372931.71,258577.71,115254.45,4514267.15,1535796.04,197433.64,334141.95,218236.62,3353667.64,1206898.5,605981.86,1351992.88,1160599.51,227693.81,101262.78,55349.32,1957974.74,1.2725146646548985,0.99565463872894033757,1.6870373657145521,0.43373036529306866564,7.5720940524997302,1.1356378550650982,0.10185944531821374610,0.04540126195508421932,0.05171812379969723205,0.32580783853826911584,0.25709588543070606710,0.06980479012605044584,real_estate,401032.69,0.25000000000000000000,300774.5175,1.5914253523821213,0.62836751878003725994,0.47127563908502794495,0,0
F0000248,C000148,2023-10-28,0,working_capital,61364.31,51477.29,9887.02,0.1015,18,0,senior_secured,EUR,annuity,transport,Kostanay,micro,IE,private,20.4,8,0,0,0,88990.72,78315.7,17475.5,12984.74,84569.34,39441.32,8225.12,4519.09,11584.72,51457.98,28258.09,16562.67,16687.07,33111.36,3044.29,13970.96,4945.74,33249.74,1.3957532161586293,1.2358312256773193,1.00417923033061764905,0.39316541905139616793,1.9026488512488913,5.7404189482605139,0.19637440847764800644,0.14591116916460502848,0.42018253375815871041,0.49660592162978553579,0.39152912864165665713,0.13630753475995234672,none,0.0,1.00000000000000000000,0.00,,0.000000000000000000000000,0.000000000000000000000000,0,0
F0000118,C000073,2023-10-30,0,term_loan,232768.95,186325.4,46443.55,0.0955,36,0,senior_secured,KZT,annuity,manufacturing,Kostanay,small,LLP,private,14.9,27,0,0,0,549018.97,622013.06,50242.84,28013.2,419441.48,172584.86,8663.95,40085.0,58842.55,296463.95,100719.88,68255.35,139795.11,122977.53,11698.99,34194.02,34996.09,208050.46,1.7135133600238602,1.3155283743388098,1.6917762131016943,0.49601784735262711738,4.1408976881083951,4.2946305621254484,0.09151385060519857811,0.05102410213621580325,0.16435445516438656276,0.12693437217741905946,0.29319353441152267534,-0.11735137844211824105,equipment,337032.13,0.40000000000000000000,202219.278,0.55284165340556700039,1.8088362080532230,1.0853017248319338,0,0
F0000590,C000377,2023-10-31,0,overdraft,37141.91,20147.3,16994.61,0.1072,60,1,subordinated,KZT,bullet,transport,Other,small,LLP,private,8.3,32,0,0,0,450019.73,429900.89,21641.4,6047.44,323475.89,182702.55,20938.83,45083.22,29727.57,234605.4,86720.61,17531.31,108707.84,88870.49,8133.51,22826.88,21628.27,126239.15,2.1067950283098793,1.5869276057905958,1.4204844600271699,0.39025829714851391243,5.8332247451643609,2.6607700734369294,0.04808989152542267425,0.01343816636661685922,0.18082251029098342313,1.1943676770304102,0.27473605528993211828,0.04679878657613386192,inventory,33642.92,0.55000000000000000000,15139.3140,0.59885705521399450464,1.6698475726275977,0.75143140768241898418,0,0
F0000395,C000247,2023-11-01,0,working_capital,38778.63,33114.41,5664.21,0.1353,18,0,senior_secured,KZT,annuity,transport,Kostanay,small,IE,private,7.8,27,0,0,0,485317.13,513775.28,44277.25,15244.0,807094.05,241878.26,28102.27,24290.72,105383.7,680317.8,196779.86,118021.52,351546.83,126776.25,35928.45,26172.12,18952.28,469568.35,1.2291819904740251,1.1057409025496817,3.7039141795091746,0.58180127830207644326,10.6051832487338306,1.2323729523539145,0.09123364345289027816,0.03141038932625353653,0.05573655038718005590,0.23811140544537979175,0.15707741867258221021,-0.05539026712223289528,receivables,47552.82,0.45000000000000000000,26154.0510,0.69637110901099030510,1.4360159217694049,0.78980875697317270638,0,0
F0000737,C000480,2023-11-02,0,credit_line,2818.91,1759.91,1059.0,0.1359,36,1,senior_unsecured,EUR,bullet,transport,Karaganda,micro,LLP,private,23.4,6,0,0,0,52123.07,48486.41,4684.92,2937.6,43375.46,12829.04,2996.39,754.73,3002.07,29184.0,8276.42,6088.37,8354.07,14191.46,1408.39,2539.83,2313.32,14442.44,1.5500711660355564,1.4588807721212795,1.01768528396655453350,0.33296338528744133203,3.0827506126038438,3.3264365694161418,0.08988188915196284486,0.05635892129914834257,0.17585878840417547173,0.49214978721726833290,0.32717716423065023403,0.07500369691218632190,real_estate,2915.53,0.25000000000000000000,2186.6475,0.60363295867303714933,1.6566358506969106,1.2424768880226830,0,0
F0000344,C000216,2023-11-04,0,term_loan,59143.68,55903.38,3240.3,0.1251,12,0,senior_secured,USD,bullet,real_estate,Almaty,small,LLP,private,19.5,29,0,0,0,266763.96,281493.39,25453.21,5017.37,477285.25,153433.02,10899.02,14217.04,68943.32,323486.62,105487.6,61407.77,164741.42,153798.62,24418.85,27667.69,3394.2,226149.19,1.4545123787061228,1.3197378649244082,1.4704240519193215,0.47382396585689585002,8.8848986041446246,1.04235907915401421443,0.09541472543742415580,0.01880827530075651898,0.12234264469397392049,0.17748600869238534472,0.32223627275303395611,-0.05232602442281149124,real_estate,91517.82,0.25000000000000000000,68638.3650,0.61084693669495186839,1.6370713184068656,1.2278034888051492,0,0
F0000720,C000466,2023-11-04,0,term_loan,190127.55,177914.3,12213.25,0.1166,36,0,senior_unsecured,KZT,bullet,transport,Almaty,small,JSC,private,2.8,33,0,0,0,259504.56,210747.23,39518.02,25434.79,288079.14,174360.47,40591.1,22256.94,23274.31,156297.59,48445.72,14310.34,48673.98,131781.55,5510.75,18211.26,8448.48,62984.32,3.5990892487509733,3.1396690977035742,0.47794490199880028729,0.21863547634861725844,1.5938126454716102,7.1710783468674863,0.15228256489982295494,0.09801288270233093399,0.28913958267708534442,2.8364874629114333,0.45744912318191452529,0.23135454734090692438,none,0.0,1.00000000000000000000,0.00,,0.000000000000000000000000,0.000000000000000000000000,0,0
F0000566,C000360,2023-11-05,0,term_loan,5557.11,5412.8,144.31,0.1566,18,0,senior_secured,USD,annuity,real_estate,Shymkent,micro,LLP,private,8.0,10,0,0,0,58199.66,62384.49,5993.74,2205.26,84292.0,49723.01,6153.82,12867.79,15865.59,42192.01,26006.44,8804.77,7033.67,42099.99,1890.2,2953.11,3963.38,15838.44,1.9119498862589420,1.4171574425411552,0.37621006560809159337,0.18789968205760926304,2.6424970052087678,3.1709554544492646,0.10298582500310139269,0.03789128665012819663,0.18645207482555100123,0.69891888146993050358,0.49945415935082807384,-0.06708125689574443904,none,0.0,1.00000000000000000000,0.00,,0.00000000000000000000,0.00000000000000000000,0,0
F0000149,C000092,2023-11-06,0,overdraft,656293.24,326393.99,329899.24,0.1071,36,1,senior_secured,USD,annuity,energy,Karaganda,medium,JSC,private,6.7,98,1,0,0,2907629.85,2320754.16,499612.43,315084.14,4844856.07,2264926.53,227027.85,155361.03,334831.35,1354163.93,708882.52,161141.31,265423.54,3490692.14,36300.22,294686.31,224144.8,426564.85,3.1950661302806564,2.9759028336599413,0.12220065044177742928,0.08804489624394559156,0.85379150794947195369,13.7633444094829177,0.17182807158208256804,0.10836459805913741049,0.69083589517514159922,1.4088742979686587,0.72049449757957412345,0.25288145556959811719,receivables,251500.11,0.45000000000000000000,138325.0605,1.2977886570308061,0.77054148576694074545,0.42379781717181741000,0,0
F0000133,C000082,2023-11-07,1,term_loan,131682.04,113856.07,17825.97,0.1387,12,0,senior_secured,KZT,annuity,real_estate,Other,small,LLP,foreign_owned,15.5,46,0,0,0,485886.84,470073.43,25264.88,-5557.52,574608.6,350613.42,77993.93,53730.42,120471.87,362268.97,202321.7,81183.81,52997.23,212339.62,9233.58,20525.58,31221.64,134181.04,1.7329501482045673,1.4673809087211110,0.63191711466753119366,0.23351728463514120742,5.3109708021569863,2.7361954951383970,0.05199745685641537441,-0.01143788952999838399,0.15296930177318643528,0.96070792932728828568,0.36953783845212201836,0.03364029743182889533,none,0.0,1.00000000000000000000,0.00,,0.000000000000000000000000,0.000000000000000000000000,1,0
F0000253,C000151,2023-11-11,0,term_loan,84473.46,83083.56,1389.91,0.1559,60,0,senior_unsecured,KZT,amortizing,agriculture,Shymkent,small,LLP,private,5.5,53,1,0,0,750690.73,706498.51,103681.77,66019.67,1082904.09,322116.62,43863.48,97934.61,40272.16,1014215.75,489191.08,204113.22,163653.43,68688.34,42127.87,74771.96,18821.46,367766.65,0.65846789356829646199,0.45827084582163681317,5.3541350686302799,0.33961147011643478048,3.5470714861445749,2.4611206310691711,0.13811515962105992704,0.08794523145370397740,0.20331359572707313184,0.21489779054977428704,0.06342975396833158142,0.06255104487056879993,none,0.0,1.00000000000000000000,0.00,,0.000000000000000000000000,0.000000000000000000000000,0,0
F0000393,C000246,2023-11-11,0,working_capital,89195.65,88957.63,238.02,0.126,18,0,senior_unsecured,KZT,bullet,manufacturing,Other,small,LLP,private,24.0,51,0,0,0,535791.37,558906.39,71829.1,46558.97,414054.99,176964.74,15327.51,34885.98,32996.65,291433.97,156919.61,109626.86,56331.19,122621.02,15333.39,68532.14,19379.18,165958.05,1.1277413957376009,0.90542386639885225307,1.3534225208695866,0.40081161683379301865,2.3104570431760944,4.6844892094963997,0.13406169643979148078,0.08689757358353868223,0.41294857344973624359,0.13981527884680816362,0.29614670263966629167,-0.04135758762750950119,receivables,57522.79,0.45000000000000000000,31637.5345,1.5464762748816599,0.64663132324905688247,0.35564722778698128536,0,0
F0000452,C000283,2023-11-12,0,term_loan,159357.15,147298.76,12058.39,0.1367,36,0,senior_secured,KZT,annuity,trade,Karaganda,small,LLP,private,9.9,50,0,0,0,637941.61,718519.43,-4086.02,-28385.37,707713.64,435857.17,68066.0,138022.83,106503.79,619458.98,391401.12,104992.29,104374.88,88254.66,31580.18,-2723.35,18527.4,209367.17,1.1135818160152429,0.76094401569418094665,2.3723072526708505,0.29583599660450235211,-51.2398789041659121,-0.12938558298274424022,-0.00640500625127744842,-0.04449524777040331324,-0.01300753121895854063,0.64829522243966676029,0.12470391272944802929,-0.11214424639845856360,none,0.0,1.00000000000000000000,0.00,,0.000000000000000000000000,0.000000000000000000000000,0,0
F0000485,C000305,2023-11-13,0,leasing,247207.04,207896.72,39310.33,0.1459,36,0,senior_unsecured,USD,annuity,services,Aktobe,small,LLP,private,13.0,34,0,0,0,1190074.01,997377.57,101646.17,86267.72,1419075.9,471335.64,62082.92,108840.16,47635.03,879533.92,408571.74,237773.37,229821.81,539541.97,44155.04,52441.43,36312.52,467595.18,1.1536178199696337,0.88722602302352091214,0.86665209751893814674,0.32950681496317427419,4.6002242878408503,2.3020287151817777,0.08541163755017219475,0.07248937400120182441,0.11215134852331027022,0.26110123265696238397,0.38020656259471392615,0.19320310160975446841,receivables,345207.69,0.45000000000000000000,189864.2295,0.60223664194734479988,1.6604768463879565,0.91326226551337606481,0,0
F0000205,C000122,2023-11-15,0,leasing,14360.94,12648.43,1712.51,0.1361,12,0,senior_unsecured,USD,amortizing,agriculture,Almaty,micro,IE,private,10.0,5,1,0,0,69837.03,62321.69,3858.52,640.12,60779.93,34339.31,1811.44,11686.77,14579.11,32623.01,15065.62,11239.98,14249.08,28156.92,3279.54,1415.48,1032.64,25489.06,2.2793160852324697,1.5035916211878436,0.90525029015957711284,0.41936639282078804632,6.6059162580471269,1.1765430517694555,0.05525034498173819820,0.00916591097874580291,0.05553284428692152633,0.16116042911108382755,0.46326015841084384270,0.12058947695417117219,none,0.0,1.00000000000000000000,0.00,,0.000000000000000000000000,0.000000000000000000000000,0,0
F0000101,C000064,2023-11-22,0,credit_line,488914.2,378103.46,110810.74,0.1301,12,1,senior_secured,USD,bullet,construction,Atyrau,small,LLP,private,2.8,30,0,0,0,657710.23,496760.64,96114.64,74576.87,724313.53,325265.11,45423.39,58579.97,128795.54,336924.63,160735.25,86834.14,142842.51,387388.9,26874.93,102844.13,46731.46,229676.65,2.0236078271567687,1.6591577765300393,0.59288392104161993284,0.31709562294107635957,2.3896115097554337,3.5763680128655219,0.14613523648552646049,0.11338864229008571145,0.44777790863807879469,0.52310519802464790922,0.53483592940753156993,0.32399827409836656946,equipment,454490.79,0.40000000000000000000,272694.474,0.83192766128440138468,1.2020275878988254,0.72121655273929521830,0,0
F0000526,C000334,2023-11-24,0,term_loan,1447919.04,1284417.53,163501.52,0.1169,24,0,senior_unsecured,KZT,annuity,construction,Kostanay,medium,LLP,private,6.1,237,0,0,0,5301361.44,4364302.17,1168481.16,724198.58,4117679.04,1229243.96,201113.47,93291.48,394474.07,2346014.46,975594.27,600901.43,504557.76,1771664.58,91903.46,1116751.54,85799.12,1105459.19,1.2599950592165737,1.1643697743325204,0.62396641129439975596,0.26846657528703354208,0.94606505251655063056,12.7142238170358330,0.22041152508175333920,0.13660615074002575459,1.0102150763249795,0.33468628956333154341,0.43025805624714256505,0.21470998879071656947,none,0.0,1.00000000000000000000,0.00,,0.000000000000000000000000,0.000000000000000000000000,0,0
F0000394,C000246,2023-11-25,0,term_loan,44617.01,42602.56,2014.45,0.1444,18,0,senior_secured,KZT,annuity,manufacturing,Other,small,LLP,private,24.0,51,0,0,0,535791.37,558906.39,71829.1,46558.97,414054.99,176964.74,15327.51,34885.98,32996.65,291433.97,156919.61,109626.86,56331.19,122621.02,15333.39,68532.14,19379.18,165958.05,1.1277413957376009,0.90542386639885225307,1.3534225208695866,0.40081161683379301865,2.3104570431760944,4.6844892094963997,0.13406169643979148078,0.08689757358353868223,0.41294857344973624359,0.13981527884680816362,0.29614670263966629167,-0.04135758762750950119,real_estate,42117.43,0.25000000000000000000,31588.0725,1.01151850908281915587,0.98861265614085162957,0.74145949210563872218,0,0
F0000724,C000469,2023-11-25,0,leasing,152595.36,141932.84,10662.52,0.1204,48,0,senior_secured,KZT,amortizing,energy,Kostanay,small,LLP,foreign_owned,21.6,89,1,0,1,387340.63,401286.06,64803.92,52217.15,470622.4,294487.87,22714.25,36279.44,95282.75,154573.13,69768.95,18695.97,33653.56,316049.26,5566.38,50339.89,9622.48,52349.53,4.2209015615112453,3.7009074953829748,0.16563724907946311914,0.11123467561255052883,0.80781424950836307433,11.6420222837822786,0.16730473123875489127,0.13480937953759201559,0.96161111666141033167,1.2149276020447187,0.67155592254002359429,-0.03475184261322209897,inventory,248064.44,0.55000000000000000000,111628.9980,0.57216116908977360883,1.7477592923526366,0.78649168155868648862,0,0
F0000658,C000422,2023-12-08,0,term_loan,601711.63,534186.57,67525.07,0.117,12,0,senior_secured,KZT,annuity,transport,Other,medium,LLP,private,9.3,105,0,0,0,3915546.2,3924213.91,561270.24,454584.3,2873599.91,1753920.9,431858.75,211441.43,578408.59,1499859.93,954678.99,444948.56,241378.18,1373739.98,61516.21,465690.85,168658.62,686326.74,1.8371839313233446,1.6157048454580529,0.49960454670613866825,0.23883865586563162163,1.2228097823251773,9.1239405028365694,0.14334404737709390327,0.11609728931304654252,0.67852645519829228860,0.97058129595924526646,0.47805540890346144255,-0.00220877612657970523,guarantee,1269470.23,0.30000000000000000000,888629.161,0.42079487756085465667,2.3764547843275057,1.6635183490292540,0,0
F0000661,C000425,2023-12-08,0,term_loan,127525.73,116218.55,11307.18,0.1023,24,0,senior_secured,KZT,annuity,construction,Shymkent,small,JSC,private,16.0,62,0,0,0,237176.66,221884.9,27818.84,16724.01,202036.67,72963.13,15907.74,17024.61,21735.7,174797.29,110163.34,38742.76,24172.66,27239.38,7352.28,29951.2,14159.52,62915.42,0.66231770024401947145,0.50777799583781682727,2.3097229085243497,0.31140594427734331594,2.2616119148030615,3.7837024705261497,0.11729164244070221749,0.07051288267572365679,0.47605499573872351166,0.41059903837516996724,0.13482394062424410381,0.06891753336977865551,guarantee,272907.73,0.30000000000000000000,191035.411,0.42585290640173512124,2.3482286605709674,1.6437600623996772,0,0
F0000629,C000401,2023-12-09,0,overdraft,15562.28,8013.33,7548.96,0.1328,36,1,senior_secured,KZT,annuity,trade,Kostanay,micro,LLP,private,2.0,8,0,0,0,75482.46,98494.55,2488.44,-827.76,109709.98,59845.72,11866.18,13211.14,9846.76,81190.38,46904.69,11813.36,28716.99,28519.6,6223.16,2118.1,1341.67,40530.35,1.2759005549338456,0.99424130081661343461,1.4211401983197520,0.36943175087626485758,16.2874531835205993,0.39986759138444134491,0.03296712905223279686,-0.01096625626668765167,0.05225960298887130262,1.00447120886860300541,0.25995447269245696700,-0.23363820637791634156,none,0.0,1.00000000000000000000,0.00,,0.00000000000000000000,0.00000000000000000000,1,0
F0000761,C000498,2023-12-09,0,credit_line,34254.33,14109.46,20144.87,0.1153,24,1,senior_unsecured,KZT,amortizing,manufacturing,Kostanay,micro,LLP,private,17.0,5,0,0,0,95804.27,75394.17,20992.71,16652.83,108715.79,67062.65,10097.99,18452.65,17139.89,45147.92,27493.28,11743.59,15543.44,63567.86,1823.98,20669.98,4484.45,27287.03,2.4392378792199403,1.7680684152636572,0.42925827611626378487,0.25099417481122107469,1.29983360890518661002,11.5092873825370892,0.21912081789256366131,0.17382137560256969757,0.75750200736393810539,0.85987249214252200562,0.58471598283929133017,0.27071191313598916203,none,0.0,1.00000000000000000000,0.00,,0.000000000000000000000000,0.000000000000000000000000,0,0
F0000414,C000259,2023-12-12,0,working_capital,749274.17,726527.1,22747.08,0.1311,12,0,senior_secured,USD,amortizing,construction,Aktobe,medium,LLP,private,21.8,245,0,0,0,6907913.46,6783216.29,650656.97,360084.59,5069858.84,2908628.95,638883.8,355940.67,657383.03,4381424.63,2294486.07,695182.83,1851590.39,688434.21,144668.85,702921.39,102338.98,2546773.22,1.2676603218602238,1.1125316093115353,3.6993705179177543,0.50233612026957342268,3.9141565178345819,4.4975609469488421,0.09419008703099763499,0.05212638984044250027,0.27600470449426195867,0.91901550560447530040,0.13578962091970197734,0.01838319237790366847,inventory,903431.34,0.55000000000000000000,406544.1030,0.80418629267388487984,1.2434929681219049,0.55957183565485719666,1,0
F0000026,C000016,2023-12-14,0,term_loan,22063.32,20212.74,1850.58,0.116,48,0,senior_secured,KZT,amortizing,trade,Kostanay,micro,JSC,private,7.1,12,1,0,0,55619.83,47576.42,12331.15,7868.06,66032.16,33888.56,4393.84,9133.03,4478.26,17921.36,5944.08,4274.81,4711.0,48110.8,576.96,11824.43,3743.72,8985.81,5.7012287856152676,4.1647370156525484,0.18677324010409305187,0.13608232715694897759,0.72870819023367650219,21.3726254853022740,0.22170420154106907554,0.14146141762749005166,1.3159002916821077,1.0278445123876851,0.72859648995277452684,0.16906295177316830480,real_estate,25877.27,0.25000000000000000000,19407.9525,0.78110017014932409794,1.28024552831531004703,0.96018414623648253527,0,0
F0000040,C000023,2023-12-16,0,term_loan,70732.38,63765.85,6966.53,0.1431,60,0,senior_secured,USD,bullet,construction,Kostanay,small,LLP,private,21.6,34,0,0,0,687631.92,581620.77,31842.92,4870.03,950960.62,541749.48,65533.69,34694.44,155702.01,515141.78,328452.73,105617.98,140654.88,435818.84,21658.39,14972.68,38929.61,246272.86,1.6493986212262568,1.5437686878108762,0.56508080284000572348,0.25897272170954881391,7.7339911038309301,1.4702348604859364,0.04630808878098619971,0.00708232101848907770,0.06079711747368345826,0.62047853973348098496,0.45829325719081826964,0.18226850805207661343,none,0.0,1.00000000000000000000,0.00,,0.000000000000000000000000,0.000000000000000000000000,0,0
F0000501,C000317,2023-12-16,0,credit_line,205104.86,103246.63,101858.23,0.117,12,1,senior_secured,KZT,bullet,trade,Atyrau,small,LLP,private,8.5,32,1,0,0,746959.22,711874.17,148629.07,133439.95,927096.12,293915.39,12811.74,69852.54,64137.64,276297.13,114138.58,71652.52,87540.47,650798.99,9472.74,83093.34,37593.74,159192.99,2.5750748782751634,1.9630772522314541,0.24461161195102653740,0.17171141866066702987,1.0710757323584141,15.6901878442773685,0.19897882778660928772,0.17864422371009758739,0.52196607400866080849,0.17880376014688666916,0.70197574551385243636,0.04928546571650436481,none,0.0,1.00000000000000000000,0.00,,0.000000000000000000000000,0.000000000000000000000000,0,0
F0000762,C000499,2023-12-18,0,term_loan,830939.71,707248.79,123690.92,0.1155,36,0,senior_secured,KZT,amortizing,energy,Karaganda,medium,LLP,private,3.8,99,0,0,0,3391039.36,3378737.81,533713.79,298098.43,4185192.74,1179645.58,122582.78,216851.6,234047.01,1757177.99,790848.37,568112.65,756549.08,2428014.75,96013.35,501127.23,127564.52,1324661.73,1.4916204227619512,1.2174191874480313,0.54557400444128273932,0.31651152343344646058,2.4819702147849693,5.5587456327687764,0.15738944121250188025,0.08790768798389883626,0.37830581094842983046,0.21577196001532442553,0.58014407001958050802,0.00364087144127942854,none,0.0,1.00000000000000000000,0.00,,0.000000000000000000000000,0.000000000000000000000000,0,0
F0000583,C000372,2023-12-19,1,trade_finance,8159.28,5088.42,3070.86,0.1771,48,1,subordinated,KZT,bullet,construction,Shymkent,micro,LLP,private,10.1,7,0,0,0,47388.18,53662.71,1481.43,2.66,70707.43,30690.36,1373.55,4436.71,10210.69,55955.27,16207.5,7856.86,15608.46,14752.16,1963.68,1076.16,859.6,23465.32,1.8935900046274873,1.6198457504241863,1.5906362186961096,0.33186498222322604569,15.8396414275396070,0.75441517966267416280,0.03126159308080622636,0.000056132140968486234331,0.04586172274658943496,0.17482174812838716739,0.20863663125643231553,-0.11692532859410193783,equipment,5912.65,0.40000000000000000000,3547.590,0.86059888544053850642,1.1619815188211665,0.69718891129269989506,0,0
F0000619,C000396,2023-12-21,0,term_loan,335363.24,294672.18,40691.06,0.1034,36,0,senior_unsecured,KZT,annuity,transport,Aktobe,small,LLP,foreign_owned,5.0,29,0,0,0,869405.18,953584.15,115869.83,49061.62,631076.48,170733.22,10069.4,41498.71,73295.73,363192.37,132105.03,89331.79,139439.04,267884.11,22187.25,81679.35,14848.07,228770.83,1.2924051415756084,0.97827092579290886956,0.85399178771745737364,0.36250888323393069569,1.9743778859432175,5.2223610406877824,0.13327483280005302016,0.05643124877631853999,0.35703568501281391513,0.11271911152793423260,0.42448755180988522976,-0.08827639385574938510,equipment,578309.57,0.40000000000000000000,346985.742,0.50954055628026352737,1.9625523183084335,1.1775313909850601,0,0
F0000239,C000144,2023-12-24,0,trade_finance,33617.02,24538.02,9079.0,0.1235,36,1,senior_secured,KZT,annuity,agriculture,Kostanay,micro,LLP,private,16.2,11,1,0,0,71323.52,65706.23,11443.18,6785.9,102914.9,51369.98,9958.83,6950.29,15994.1,42845.88,12258.97,8916.55,25544.11,60069.01,5373.52,10942.68,2182.63,34460.66,4.1903993565527936,3.6234438945523156,0.57368450054362474094,0.33484616901925765851,3.0114583533598178,2.1295500900713127,0.16044048302719776029,0.09514252801880782104,0.31754121946590692111,1.1168927443910481,0.58367651331342691875,0.08549098007905795234,none,0.0,1.00000000000000000000,0.00,,0.000000000000000000000000,0.000000000000000000000000,0,0
F0000335,C000210,2023-12-26,0,credit_line,165954.07,63027.71,102926.35,0.1307,60,1,senior_unsecured,USD,amortizing,agriculture,Other,small,LLP,private,7.3,36,0,0,0,639938.64,664790.6,35016.98,9198.84,935550.34,255439.0,44195.96,38371.96,100065.89,780422.99,442938.45,185708.55,267803.75,155127.34,54103.12,22201.21,10013.05,453512.30,0.57669186316970224644,0.49006140695168820860,2.9234840228679226,0.48475456702842949103,12.9512110981586647,0.64722662944392116388,0.05471927746072654716,0.01437456566148279466,0.04895393134871975909,0.23798559624745333481,0.16581399564239375938,-0.03738313989397563684,none,0.0,1.00000000000000000000,0.00,,0.000000000000000000000000,0.000000000000000000000000,0,0
F0000327,C000204,2023-12-28,1,working_capital,13788.51,12159.45,1629.06,0.1472,48,0,senior_unsecured,KZT,bullet,construction,Kostanay,micro,IE,foreign_owned,9.2,9,0,0,0,72604.85,70579.31,6732.1,3676.17,97370.99,62458.72,4943.52,10146.84,25212.06,69343.54,43341.18,23726.94,12536.83,28027.45,5024.78,6189.81,5471.02,36263.77,1.4410941280325086,1.2069786747845813,1.2938661918940182,0.37242889283553551217,5.3866950877140862,1.3397800500718439,0.09272245586899497761,0.05063256793451126199,0.17068854120793287626,0.20835050790367405152,0.28784189212824065977,0.02869877872141283331,none,0.0,1.00000000000000000000,0.00,,0.000000000000000000000000,0.000000000000000000000000,0,0
F0000543,C000343,2023-12-31,0,leasing,56112.25,50469.59,5642.66,0.1628,36,0,senior_secured,KZT,amortizing,energy,Almaty,small,IE,private,11.1,34,1,0,0,524133.83,637087.3,45552.21,10642.31,389703.81,161342.0,23197.15,37836.31,52874.35,336611.16,120963.18,31639.19,88823.69,53092.65,18437.22,34620.21,13279.79,120462.88,1.3338108340075054,1.02101887533049313022,2.2689182024253828,0.30911393963533484571,2.6445013315490072,2.4706658596035628,0.08690950172019997259,0.02030456610671362312,0.28739317871198164945,0.73317774570082230297,0.13623846787641106203,-0.17729669073610476931,equipment,64858.38,0.40000000000000000000,38915.028,0.77815064144371166841,1.2850982145882303,0.77105892875293815543,0,0
F0000355,C000222,2024-01-02,0,term_loan,23263.38,22405.78,857.61,0.1222,36,0,senior_unsecured,USD,amortizing,energy,Aktobe,micro,LLP,foreign_owned,15.1,10,0,0,0,57843.28,55571.83,3209.21,2627.25,90917.66,50442.25,6358.29,3554.54,9990.84,50353.21,31900.13,20727.41,6403.7,40564.44,2888.94,1765.6,708.48,27131.11,1.5812553114987306,1.4698281793835950,0.66883975225591675862,0.29841408148867887713,8.4541398038769666,1.1108607309255298,0.05548112071099702506,0.04542014214961530536,0.06507658551382527291,0.30675757366694632856,0.44616678431891009953,0.04087412633343188446,real_estate,64588.68,0.25000000000000000000,48441.5100,0.34689948765015789144,2.8826793800528257,2.1620095350396192,0,0
F0000408,C000256,2024-01-02,0,credit_line,178139.5,154554.44,23585.06,0.1039,24,1,senior_unsecured,KZT,amortizing,agriculture,Almaty,small,LLP,state_related,22.5,32,1,1,0,424899.74,437736.09,84168.65,56456.62,573710.34,247983.6,27422.92,15754.79,104043.34,219949.06,110549.53,48894.05,57284.58,353761.27,5853.84,40126.88,16906.08,106178.63,2.2431899981845242,2.1006765926548941,0.30014204211783839424,0.18507358608875691521,1.2614985508262281,14.3783653123419841,0.19809061309380890654,0.13287045080328832397,0.37791860753901232291,0.56086415422735486220,0.61662000026006154953,-0.02932440411755859564,real_estate,261569.34,0.25000000000000000000,196177.0050,0.59087368573090408838,1.6924090954617674,1.2693068215963255,0,0
F0000733,C000477,2024-01-08,0,term_loan,12814.89,12454.39,360.51,0.141,24,0,senior_secured,KZT,bullet,trade,Karaganda,small,LLP,private,5.7,28,0,0,0,170948.02,185353.24,3541.12,-7928.13,220621.77,128984.62,24793.08,20365.39,45965.97,150508.03,41449.09,23463.16,94018.59,70113.74,6955.13,3065.61,11758.04,117481.75,3.1118806227108967,2.6205455897825501,1.6755881229556432,0.53250298010028656737,33.1764385279233689,0.50913785939299481102,0.02071460084767287740,-0.04637743098750134690,0.02609435082470256018,1.05668119724708862745,0.31780064134196729543,-0.07771765953484276833,none,0.0,1.00000000000000000000,0.00,,0.000000000000000000000000,0.000000000000000000000000,1,0
F0000193,C000115,2024-01-10,0,working_capital,12129.63,11921.74,207.9,0.1638,36,0,senior_secured,KZT,bullet,services,Astana,micro,LLP,private,13.9,11,0,0,0,61778.59,47623.88,7049.45,3879.64,67103.74,19974.67,1337.52,1025.74,6865.96,50813.08,25336.33,6407.84,22770.86,16290.66,4590.23,4942.9,1084.27,29178.70,0.78838055866812596773,0.74789561076919980123,1.7911306233142181,0.43482971291913088600,4.1391456071041003,1.5357509318705163,0.11410830192142617693,0.06279910240748453469,0.16940096714384122665,0.20873180354066268821,0.24276828683468313391,0.29721874824142845984,real_estate,20877.97,0.25000000000000000000,15658.4775,0.57102007522762030983,1.7512519145695175,1.31343893592713815265,0,0
F0000079,C000048,2024-01-11,0,credit_line,23895.31,15843.36,8051.96,0.0983,36,1,subordinated,KZT,annuity,transport,Aktobe,micro,LLP,private,4.6,7,1,0,0,59827.19,41583.01,8334.75,6017.74,61955.32,24384.94,4168.9,8133.59,8094.36,18100.83,5883.43,3179.08,9741.27,43854.49,1369.46,5181.13,4722.35,12920.35,4.1446809089255757,2.7622237368337857,0.29461863540084493059,0.20854302745914313734,1.5501784696601578,6.0861580476976326,0.13931374680976993905,0.10058536929446293567,0.40100539072083960574,1.3113542282672975,0.70784058576406352191,0.43874120704585839265,real_estate,34537.85,0.25000000000000000000,25903.3875,0.45872455870877891936,2.1799574080245604,1.6349680560184203,0,0
F0000628,C000401,2024-01-11,0,overdraft,14265.6,7707.11,6558.5,0.1991,12,1,senior_secured,USD,annuity,trade,Kostanay,micro,LLP,private,2.0,8,0,0,0,77258.76,75482.46,-642.88,-5290.36,57205.51,30887.18,4911.15,5721.48,7290.64,50891.85,21946.49,10152.86,10380.05,6313.66,1885.65,-255.89,4968.91,20532.91,1.4073858735497111,1.14668450399129883640,3.2521405967378668,0.35893238256244896689,-31.9389466152314584,-0.34093283483149046748,-0.00832112759769895349,-0.06847585956595731021,-0.01246243226118460559,0.48372084319098263937,0.11036803972204775379,0.02353261936614148505,equipment,3893.78,0.40000000000000000000,2336.268,1.9793388429752066,0.50521920668058455115,0.30313152400835073069,1,0
F0000287,C000177,2024-01-12,0,term_loan,20532.61,19703.35,829.26,0.1078,60,0,senior_unsecured,KZT,amortizing,transport,Shymkent,micro,LLP,private,8.8,5,1,0,0,153982.61,99137.49,31343.06,23298.28,205995.32,76238.66,4128.67,11123.13,13281.59,73420.29,26171.75,19260.65,28132.13,132575.03,3522.1,20169.51,3516.99,47392.78,2.9130134591687602,2.4880082531737465,0.35747893098723040078,0.23006726560583997734,1.5120661479766175,8.8989693648675506,0.20354934885179566706,0.15130461809940745906,0.42558191353197681166,0.21435777089558244400,0.64358272799595641299,0.55322280198943911128,equipment,33403.31,0.40000000000000000000,20041.986,0.58986220227875620709,1.6953112034247983,1.0171867220548790,0,0
F0000736,C000480,2024-01-13,0,term_loan,13028.82,12106.55,922.27,0.1059,12,0,senior_secured,USD,amortizing,transport,Karaganda,micro,LLP,private,23.4,6,0,0,0,51239.27,52123.07,7921.29,4764.46,64651.12,19572.53,2437.28,6294.13,7578.15,33619.16,19706.79,12916.25,10868.02,31031.96,3320.98,8612.63,710.4,23784.27,0.99318711976937898054,0.67379821878651977313,0.76644433674186226071,0.36788643414066144562,3.0025753381078082,2.3852266499647694,0.15459412282805746452,0.09298454095852653639,0.36211454040842960494,0.18869873221716829575,0.47999106589336735388,-0.01695602350360406630,receivables,25144.42,0.45000000000000000000,13829.4310,0.48148058296830867445,2.0769269527652387,1.14230982402088125849,0,0
F0000230,C000138,2024-01-14,0,credit_line,8073.42,4109.46,3963.96,0.1179,48,1,senior_unsecured,USD,annuity,manufacturing,Shymkent,micro,LLP,private,25.3,8,1,0,0,84582.64,77671.46,19395.82,16491.08,130282.58,73198.51,16579.25,22190.66,17937.16,46991.04,20830.85,5517.65,20745.25,83291.54,3051.59,7632.33,4853.42,26262.90,3.5139473425232288,2.4486686813068118,0.31531293574353409722,0.20158412582864109691,1.3540494807644121,6.3559718048623832,0.22931206687329693185,0.19497003167553058169,0.29061261323006979427,3.0047665219794659,0.63931448087687548097,0.08897965868029260683,guarantee,3236.99,0.30000000000000000000,2265.893,1.2695312620675381,0.78769230020489310031,0.55138461014342517022,0,0
F0000204,C000122,2024-01-15,0,term_loan,26588.89,25695.01,893.88,0.1505,36,0,senior_secured,KZT,amortizing,agriculture,Almaty,micro,IE,private,10.0,5,1,0,0,60047.72,69837.03,6032.99,3665.62,90858.19,38058.11,2668.26,6317.96,15408.47,61121.19,16811.98,12231.09,31388.91,29737.01,4776.14,5863.05,2328.73,43620.00,2.2637494215434470,1.8879483558747988,1.4668589747254347,0.48008880652366066284,7.2302456990646429,1.2631518339077163,0.10046992625198758587,0.06104511545151089833,0.13441196698762035763,0.21815390124674088736,0.32729036314722976542,-0.14017362994961269115,real_estate,22769.51,0.25000000000000000000,17077.1325,1.12848322164157243612,0.88614520873897305352,0.66460890655422979014,0,0
F0000759,C000496,2024-01-16,0,term_loan,9527.69,8133.94,1393.74,0.1208,36,0,senior_secured,EUR,bullet,services,Karaganda,micro,LLP,private,16.1,10,0,0,0,100197.22,98770.4,4843.95,816.98,175449.58,100657.84,8662.15,11098.81,36928.37,101883.18,49896.77,16403.88,41773.9,73566.4,5336.98,3202.96,6573.85,58177.78,2.0173217625108800,1.7948863223010227,0.79081999391026338111,0.33159258631454119183,12.0104006028138193,0.90762003979778826228,0.04834415565621481315,0.00815371923492488115,0.05505469614000396715,0.52805494797572281680,0.41930222916464091849,0.01444582587495848959,none,0.0,1.00000000000000000000,0.00,,0.00000000000000000000,0.00000000000000000000,0,0
F0000252,C000151,2024-01-20,0,working_capital,83910.45,70817.66,13092.78,0.1371,24,0,senior_unsecured,KZT,amortizing,agriculture,Shymkent,small,LLP,private,5.5,53,1,0,0,621498.16,750690.73,59628.72,46227.5,763351.61,430462.57,81651.63,136270.55,184868.18,560351.43,227592.3,131491.3,108817.08,203000.18,30967.09,21088.45,45982.28,240308.38,1.8913758066507522,1.2926272989024673,1.1837840734919545,0.31480693412043763162,4.0300777880189278,1.9255512868661537,0.09594351815941015819,0.07438075118355941713,0.08775578279875217002,0.62096602588916529078,0.26593273314770371677,-0.17209826208990218915,real_estate,159364.93,0.25000000000000000000,119523.6975,0.44437417943834945367,2.2503557728397126,1.6877668296297844,0,0
F0000409,C000257,2024-01-20,0,term_loan,42002.1,41809.0,193.1,0.111,12,0,senior_secured,KZT,bullet,services,Astana,medium,LLP,private,9.7,134,0,0,0,1310159.62,1374332.85,22135.2,-60350.08,2214618.82,814162.96,53284.63,56523.69,137836.02,1678755.31,1016440.25,720313.07,290280.88,535863.51,134874.3,21622.18,47723.53,1010593.95,0.80099441162429370541,0.74538495499366539253,1.8859167141274464,0.45632862001958422804,45.6555147457443348,0.16411725584488668338,0.01689504062108096417,-0.04606315068693690926,0.02139551696306909417,0.07397426510669867479,0.24196647529618663676,-0.04669409597536724819,none,0.0,1.00000000000000000000,0.00,,0.000000000000000000000000,0.000000000000000000000000,1,0
F0000608,C000389,2024-01-20,0,credit_line,21804.24,11022.5,10781.74,0.1093,36,1,senior_unsecured,EUR,bullet,trade,Other,micro,LLP,private,4.6,8,0,0,0,122537.43,120193.88,15106.61,8401.37,86711.71,34089.79,7577.86,10405.4,11879.76,45897.39,26123.19,8551.56,8591.09,40814.32,1867.36,11760.58,4238.93,17142.65,1.3049627553143395,0.90664233579436508328,0.42001557296556698727,0.19769705844804582910,1.13477808720818237844,8.0898219946876874,0.12328159648851783492,0.06856166315875891962,0.68604212300898635859,0.88613773393392550599,0.47068982955127975218,0.01949808093390445504,real_estate,11061.02,0.25000000000000000000,8295.7650,0.99651750019437628718,1.00349466999319573599,0.75262100249489680200,0,0
F0000185,C000110,2024-01-23,0,leasing,319764.32,267888.01,51876.31,0.1206,12,0,senior_unsecured,KZT,amortizing,real_estate,Almaty,small,LLP,private,9.1,32,0,0,0,899641.5,850902.1,140772.54,92998.91,951137.93,310946.18,40329.34,28000.56,113892.89,243195.29,125514.27,43583.66,68644.99,707942.64,8080.31,126366.97,68714.01,112228.65,2.4773771141719583,2.2542904484087746,0.15852788581854597711,0.11799408525322925561,0.79723396338518861704,17.4216756535330946,0.15647626304477950384,0.10337329925309137028,1.1259778140430273,0.92533164952186209235,0.74431122728961087694,0.05727968000078975008,equipment,607047.66,0.40000000000000000000,364228.596,0.44129650380334222852,2.2660501304257701,1.3596300782554620,0,0
F0000375,C000234,2024-01-23,0,term_loan,125170.03,115737.44,9432.6,0.1421,48,0,senior_secured,USD,bullet,real_estate,Atyrau,small,LLP,private,7.8,38,0,0,0,859048.26,731549.84,73757.7,39242.35,1000409.27,311428.43,25199.75,25147.37,137515.95,603315.63,333426.59,124958.4,167948.89,397093.64,42763.92,77602.37,23036.34,292907.29,0.93402397811164370544,0.85860296864746149970,0.73762775450143195444,0.29278746087588732559,3.9712096499755280,1.7247647081932620,0.08585978627091334776,0.04568119374341087659,0.26493833594923499514,0.20166511414998911638,0.39693118797269841372,0.17428535012734060608,real_estate,176301.56,0.25000000000000000000,132226.1700,0.65647428190652425310,1.5232889201627408,1.1424666901220556,0,0
F0000572,C000363,2024-01-26,0,working_capital,34674.56,31247.94,3426.62,0.1185,36,0,senior_secured,KZT,annuity,trade,Shymkent,small,JSC,private,20.6,50,0,0,0,301187.16,337069.51,55086.65,39926.85,307068.06,157165.6,14816.05,49512.14,29455.52,159018.97,73311.86,23192.27,54314.16,148049.08,12015.1,58289.01,9159.58,77506.43,2.1437950148857224,1.4684317107764010,0.52351848454580062233,0.25240798408014171191,1.4069911675514848,4.5847849789015489,0.18289840111377921954,0.13256491412183706636,0.75205386185378426022,0.63883569827360581780,0.48213767332232469896,-0.10645385873080006554,none,0.0,1.00000000000000000000,0.00,,0.000000000000000000000000,0.000000000000000000000000,0,0
F0000757,C000494,2024-01-27,1,working_capital,3001.26,2417.54,583.73,0.1599,12,0,senior_secured,KZT,bullet,agriculture,Shymkent,micro,IE,private,11.5,5,0,0,1,53916.0,70063.92,2470.75,-1160.81,80687.41,25989.37,4583.7,8141.54,8081.89,61801.56,32772.44,12400.58,11396.17,18885.86,2427.07,1294.29,3131.96,23796.75,0.79302517603205620332,0.54459875431917794342,1.2600299906914485,0.29492519340997560834,9.6313872305979966,1.0179970087389321,0.04582591438534015877,-0.02152997254989242525,0.05438935989158183365,0.36963593638362076613,0.23406204264085313929,-0.23047411563612198689,equipment,1896.37,0.40000000000000000000,1137.822,1.2748250605103434,0.78442135393830091746,0.47065281236298055048,0,0
F0000565,C000360,2024-01-29,0,term_loan,9439.05,9375.17,63.88,0.1169,36,0,senior_secured,KZT,annuity,real_estate,Shymkent,micro,LLP,private,8.0,10,0,0,0,75766.5,58199.66,5366.76,2603.08,126803.72,66697.11,3987.36,10099.16,24179.17,68488.36,34486.0,18204.65,17937.32,58315.36,3707.65,3618.11,1050.3,36141.97,1.9340343907672679,1.6411862784898220,0.61976758781905830642,0.28502294727631019027,6.7344114512294196,1.4474829069626313,0.07083288788580705193,0.03435660879148436314,0.10010826747960888684,0.21902975338718404364,0.45988682350959419803,0.30183750214348331245,inventory,11104.7,0.55000000000000000000,4997.115,0.84425243365421848407,1.1844798547653003,0.53301593464438511515,0,0
F0000208,C000123,2024-01-30,0,leasing,3692364.47,3051539.49,640824.98,0.1452,18,0,subordinated,KZT,amortizing,construction,Shymkent,large,LLP,foreign_owned,10.3,481,0,0,1,21760952.81,24678672.03,1188541.62,245424.71,18786985.22,6425151.78,1329148.04,1522636.56,2353694.18,8455771.78,3663393.05,2338741.04,2201981.33,10331213.44,311542.53,756314.11,725436.14,4540722.37,1.7538799938488719,1.3382443961343433,0.43951491239348550329,0.24169510524584316461,3.8204151151223463,3.8150220453046972,0.05461808728585722254,0.01127821525752391905,0.16656250886354014196,0.56831774756900832424,0.54991332132426088107,-0.11822837211228986862,none,0.0,1.00000000000000000000,0.00,,0.000000000000000000000000,0.000000000000000000000000,0,0
F0000277,C000168,2024-01-30,0,term_loan,64597.46,53219.52,11377.94,0.1286,24,0,senior_unsecured,KZT,amortizing,real_estate,Karaganda,micro,LLP,private,22.0,14,0,0,0,217177.83,185417.7,21862.17,9552.04,314929.28,90405.83,21079.62,24017.41,12102.04,184507.38,101012.84,37598.97,51170.45,130421.9,12837.33,23525.75,6444.84,88769.42,0.89499344835765433385,0.65722753661811706314,0.68063277716395789357,0.28187096480835316424,4.0604121182846899,1.7030153466491864,0.10066483305409212349,0.04398257409607601292,0.26502088219118701012,0.56064354954404336076,0.41413075341867228096,0.17128963416113995589,none,0.0,1.00000000000000000000,0.00,,0.000000000000000000000000,0.000000000000000000000000,0,0
F0000713,C000463,2024-02-01,0,working_capital,142799.41,123458.92,19340.5,0.0978,36,0,senior_secured,EUR,amortizing,real_estate,Almaty,small,IE,state_related,8.0,38,0,1,0,531537.77,367317.15,78494.64,47140.08,793257.11,415897.99,41824.37,90318.6,163139.59,385790.36,183827.99,69881.12,79989.54,407466.75,8581.26,51378.01,28822.04,149870.66,2.2624301663745548,1.7711089045797650,0.36781077229000893938,0.18893074907327335522,1.9093107503900903,9.1472161430838828,0.14767462338565329045,0.08868622826182229722,0.34281566518756906789,0.59850743662952167910,0.51366290306556470701,0.44708127567689120968,real_estate,224393.88,0.25000000000000000000,168295.4100,0.55018844542462566270,1.8175590714708990,1.3631693036031742,0,0
F0000128,C000079,2024-02-04,0,credit_line,270086.13,215342.93,54743.2,0.1359,48,1,senior_unsecured,KZT,bullet,energy,Karaganda,medium,LLP,foreign_owned,12.5,74,0,0,0,1041886.71,1105188.6,139449.16,55271.82,782406.39,503506.53,91121.42,152690.75,127571.45,495194.75,163320.18,49294.09,276850.04,287211.65,48298.32,100998.09,19592.73,326144.13,3.0829413119676944,2.1480246960296027,1.1355532757811182,0.41684747743432923650,2.3388031164906264,2.8872465957408042,0.13384292040734447990,0.05304974088785526403,0.30967318038193727417,1.8485262634932504,0.36708755663409139590,-0.05727700231435611985,equipment,341303.95,0.40000000000000000000,204782.370,0.63094180421879090471,1.5849322287943235,0.95095933727659412826,0,0
F0000717,C000465,2024-02-04,0,leasing,82534.44,67937.99,14596.45,0.1196,36,0,senior_secured,EUR,bullet,energy,Kostanay,micro,LLP,foreign_owned,25.8,9,1,0,0,363277.86,287824.7,35559.5,17032.64,567057.49,281342.95,63252.92,25248.86,121558.42,336913.2,130637.83,63862.5,103878.02,230144.29,16790.61,16618.59,25111.7,167740.52,2.1536100990042471,1.9603363742340178,0.72884936662995201836,0.29580866659569208759,4.7171788129754355,2.1178206152129077,0.09788512847989139773,0.04688598418852170072,0.09907319948692182426,0.99045480524564494030,0.40585706750826975233,0.26214970431655101178,real_estate,153905.28,0.25000000000000000000,115428.9600,0.44142728566557300698,2.2653787667253623,1.6990340750440218,0,0
F0000039,C000023,2024-02-05,0,credit_line,97164.3,70712.91,26451.38,0.123,18,1,senior_unsecured,KZT,amortizing,construction,Kostanay,small,LLP,private,21.6,34,0,0,0,557559.35,687631.92,42815.34,-1110.02,596698.93,308396.62,36051.63,19372.6,71642.17,465860.13,206518.12,53596.98,184832.04,130838.8,37188.19,44140.86,27898.74,238429.02,1.4933150660097041,1.3995092537158483,1.8223112715799900,0.39958010315185247609,5.5687755837043452,1.1513155117256312,0.07679064121155891297,-0.00199085532329428248,0.18513207830154232065,0.67264293622513805815,0.21927104846660274722,-0.18916016871351754584,none,0.0,1.00000000000000000000,0.00,,0.000000000000000000000000,0.000000000000000000000000,0,0
F0000548,C000347,2024-02-05,0,credit_line,17435.7,7511.83,9923.87,0.0968,18,1,senior_secured,KZT,amortizing,construction,Kostanay,micro,LLP,private,2.2,12,1,0,0,64141.93,64120.77,10440.07,4767.23,109786.64,68437.45,4247.0,7419.69,11883.8,41702.5,11727.14,7190.41,14167.04,68084.14,2436.2,5042.15,4262.68,21357.45,5.8358175991759287,5.2031236942681677,0.31369199934081564370,0.19453596539615384896,2.0457190421137023,4.2853911829899023,0.16276513662747597398,0.07432314556172537995,0.23608389578343856593,0.59064782119517524035,0.62014959197221082638,0.00033000227539376087,real_estate,11458.36,0.25000000000000000000,8593.7700,0.65557636520409552501,1.5253753080141590,1.1440314810106192,0,0
F0000228,C000136,2024-02-06,0,term_loan,48622.91,46040.3,2582.61,0.1316,36,0,senior_secured,KZT,annuity,services,Almaty,small,LLP,private,18.7,24,0,0,0,225311.12,297455.02,9451.96,-392.19,340559.35,161101.6,17176.34,50631.62,52334.53,203503.37,103958.85,62033.16,38527.74,137055.97,15233.51,5334.29,15447.01,100560.90,1.5496670076669759,1.0626318009481636,0.73372141322993810485,0.29528157133257389644,10.6391584390962298,0.62047157877600106607,0.04195070354272793993,-0.00174065975971359070,0.05304536852792685825,0.27688965063201681165,0.40244371502353407710,-0.24253717419191647867,none,0.0,1.00000000000000000000,0.00,,0.000000000000000000000000,0.000000000000000000000000,0,0
F0000269,C000163,2024-02-10,0,term_loan,217765.09,208577.72,9187.37,0.1442,36,0,senior_secured,KZT,amortizing,trade,Kostanay,medium,IE,foreign_owned,16.2,133,0,0,0,471590.85,583360.35,49549.95,35832.86,571611.69,290047.08,44562.61,28793.68,78878.6,226286.76,105968.93,27643.96,47178.58,345324.94,8105.29,27578.33,25481.1,74822.54,2.7370954863845469,2.4653773516444867,0.21667285311046459604,0.13089749791506188406,1.5100426942913161,6.1132852741851309,0.10506978665934676214,0.07598294156894689539,0.36858318362354445599,1.6120197685136283,0.60412504859723915024,-0.19159598351173507078,none,0.0,1.00000000000000000000,0.00,,0.000000000000000000000000,0.000000000000000000000000,0,0
F0000075,C000047,2024-02-11,0,credit_line,8017.88,3801.52,4216.36,0.1334,24,1,senior_secured,USD,annuity,agriculture,Astana,micro,LLP,private,15.3,8,1,0,0,31917.37,37053.08,1376.87,-831.86,31227.01,20146.05,1680.97,5783.58,3048.21,20974.39,6801.81,4978.49,10085.1,10252.62,902.51,1197.72,1667.79,15063.59,2.9618660327177619,2.1115658920199182,1.46924298374464283276,0.48238976450194879369,10.9404591573641666,1.5256008243675970,0.04313857940049571754,-0.02606292435748935454,0.07951092667816901549,0.33764655548168219681,0.32832538241733678633,-0.13860413223408148526,none,0.0,1.00000000000000000000,0.00,,0.00000000000000000000,0.00000000000000000000,0,0
F0000178,C000108,2024-02-11,1,leasing,136903.54,126933.24,9970.3,0.1579,48,0,senior_unsecured,KZT,amortizing,transport,Other,medium,LLP,private,10.0,177,0,0,0,1380632.7,950002.15,78937.52,17661.83,2362220.88,1021012.75,124636.25,121934.92,180026.88,788820.43,222560.68,74222.31,470866.03,1573400.45,61846.43,30386.27,81868.56,545088.34,4.5875702302850620,4.0396975332749702,0.34643967465498055501,0.23075248577093264877,6.9053137215357158,1.2763472362107239,0.05717488800605693317,0.01279256242445945254,0.05574558795368838746,1.6792289272592028,0.66606830179233704852,0.45329428991292282865,none,0.0,1.00000000000000000000,0.00,,0.000000000000000000000000,0.000000000000000000000000,0,0
F0000130,C000080,2024-02-12,0,credit_line,19866.54,7922.6,11943.94,0.1044,12,1,senior_secured,KZT,bullet,trade,Kostanay,micro,LLP,private,9.9,15,0,0,0,202602.83,273065.08,18144.0,10910.97,246932.1,128926.5,18296.19,31947.49,43312.88,111283.3,36424.28,20900.34,25921.5,135648.79,3468.8,17130.08,8196.28,46821.84,3.5395757994392751,2.6624825528466177,0.34516961043294230638,0.18961422998467999908,2.5805687830687831,5.2306273062730627,0.08955452399159478671,0.05385398614619548996,0.36585661733925877326,0.87540154849155563976,0.54933639652357874898,-0.25804196567353101319,none,0.0,1.00000000000000000000,0.00,,0.00000000000000000000,0.00000000000000000000,0,0
F0000318,C000196,2024-02-15,0,credit_line,42895.66,24310.13,18585.53,0.1397,48,1,senior_secured,KZT,bullet,manufacturing,Atyrau,micro,LLP,foreign_owned,23.9,12,1,0,0,107242.39,130207.7,5630.87,1545.49,159396.63,88516.85,14113.12,27955.95,38424.92,130888.1,68275.58,22561.39,34118.19,28508.53,6719.19,4978.84,7379.71,56679.58,1.2964642702412781,0.88700674531069527348,1.9881621395420949,0.35558832078193873986,10.0658654879263773,0.83802809564843381419,0.05250600998355221289,0.01441118572609207982,0.08784186474211700228,0.62554301840445114419,0.17885277750225961490,-0.17637443868526976515,real_estate,21869.21,0.25000000000000000000,16401.9075,1.11161445703800000091,0.89959247441292991852,0.67469435580969743889,0,0
F0000634,C000404,2024-02-16,0,term_loan,32720.6,32510.31,210.29,0.087,24,0,senior_unsecured,KZT,annuity,energy,Shymkent,micro,LLP,private,2.7,6,1,0,1,130976.21,98655.97,4780.19,-3228.96,205196.6,70410.52,6528.2,16031.14,19028.7,172185.72,53973.15,34628.8,59918.93,33010.88,13037.31,2353.63,6805.56,94547.73,1.3045471683605645,1.00752652013084283574,2.8641384295117246,0.46076655266217861310,19.7790736351483937,0.36665462430516724692,0.03649662789906655567,-0.02465302668324270492,0.02489356434046592129,0.18851938271034514624,0.16087440045302894882,0.32760551642237160103,real_estate,57547.97,0.25000000000000000000,43160.9775,0.56492540049631637745,1.7701452246994876,1.3276089185246157,0,0
F0000611,C000391,2024-02-17,0,term_loan,129208.42,104701.93,24506.5,0.1493,12,0,senior_secured,KZT,annuity,trade,Shymkent,small,JSC,state_related,8.1,23,0,1,0,530283.8,528194.12,31099.05,-6753.95,587635.74,267627.26,40121.62,58215.27,92554.95,387017.62,172451.61,42377.25,94514.6,200618.12,9694.56,24849.13,27801.1,136891.85,1.5518977178583604,1.2143231947791035,0.68235037792199428446,0.23295358107388090452,4.4018016627517561,3.2078866910927365,0.05864604953045897310,-0.01273648186122223609,0.18152380875851995572,0.94677261974290450655,0.34139877196713732899,0.00395627274305893447,real_estate,102150.32,0.25000000000000000000,76612.7400,1.02497897216572596150,0.97562977110355081325,0.73172232832766310994,0,0
F0000642,C000411,2024-02-22,0,term_loan,7224.33,6232.28,992.04,0.1233,48,0,senior_secured,USD,amortizing,real_estate,Almaty,micro,LLP,private,21.8,16,0,0,0,45351.19,40637.32,6692.98,4530.07,40076.99,11462.61,2608.57,2315.28,3309.55,23688.89,13027.09,7841.2,4388.58,16388.1,1447.46,4601.78,2393.31,12229.78,0.87990564277977660398,0.70217753926625209467,0.74625978606427834831,0.30515714877788975669,1.8272548252049162,4.6239481574620369,0.14758113293168271880,0.09988866885301135428,0.37627659696249646355,0.33267484568688466051,0.40891544000684682158,0.11599854517965259520,receivables,6209.25,0.45000000000000000000,3415.0875,1.0037089825663325,0.99630472315107793616,0.54796759773309286489,0,0
F0000217,C000128,2024-02-23,0,overdraft,92751.13,43504.86,49246.27,0.1489,24,1,senior_secured,EUR,annuity,manufacturing,Atyrau,small,IE,private,7.6,29,1,0,0,856542.47,800194.76,63642.61,49626.93,1091057.19,591267.41,114432.38,163163.06,140049.72,876139.48,302692.74,140021.31,372662.47,214917.71,64348.5,65806.26,26838.73,512683.78,1.9533584122301711,1.4143198479091372,2.3854887528812772,0.46989633971432789880,8.0556686785787069,0.98903020272422822599,0.07430175645581240122,0.05793866823673086520,0.12835643054672024147,0.81724974577084016711,0.19698115916361817844,0.07041749436099781508,none,0.0,1.00000000000000000000,0.00,,0.000000000000000000000000,0.000000000000000000000000,0,0
F0000123,C000076,2024-02-25,0,credit_line,8186.04,6632.31,1553.73,0.1546,36,1,senior_secured,KZT,bullet,manufacturing,Astana,micro,IE,private,14.6,11,0,0,0,18708.95,26439.13,-735.57,-1715.05,21910.73,13910.12,2617.09,700.82,1504.35,17400.5,7222.22,4779.01,4110.09,4510.23,457.97,-471.55,1151.06,8889.10,1.9260172080052948,1.8289805627632501,1.9708750994960346,0.40569620455365932582,-12.0846418423807387,-1.6061532414786995,-0.03931647687336809388,-0.09167002958477092515,-0.05304811510726620243,0.54762178777612936571,0.20584572033884767874,-0.29237648893893255943,none,0.0,1.00000000000000000000,0.00,,0.00000000000000000000,0.00000000000000000000,0,0
F0000301,C000184,2024-02-25,0,working_capital,188990.7,170453.8,18536.9,0.1277,36,0,subordinated,KZT,bullet,energy,Karaganda,medium,LLP,private,9.3,110,0,0,0,2260633.17,1556518.43,120642.77,-25417.71,3304367.77,854914.49,208483.56,132584.97,87460.73,2006459.08,983008.07,638528.39,574171.19,1297908.7,107881.76,101507.87,86853.66,1212699.58,0.86969223965780870955,0.73481545273580510890,0.93434891067453357852,0.36699897360395813327,10.0519872015538105,1.1182870023625866,0.05336680519467030558,-0.01124362428071423901,0.08370405306811436349,0.32650632808981288992,0.39278578848988107640,0.45236518015401847828,real_estate,171705.06,0.25000000000000000000,128778.7950,0.99271273659611429040,1.00734075743691252410,0.75550556807768439307,0,0
F0000212,C000124,2024-02-29,0,credit_line,191037.26,180390.63,10646.62,0.0858,48,1,senior_secured,KZT,amortizing,agriculture,Astana,small,JSC,foreign_owned,14.7,31,0,0,0,700237.35,574073.87,105935.67,85850.04,558458.42,256883.96,23082.32,65380.21,92910.93,179253.41,115969.46,52493.01,44447.91,379205.01,5043.51,108988.24,37184.02,96940.92,2.2151000789345747,1.6513291516576864,0.25564250852065482996,0.17358663873310388981,0.91509233858623823307,21.0043541105301665,0.15128537488038877104,0.12260134367297031499,1.1242748676204022,0.43972178390989581279,0.67902102720557064929,0.21976872070488071509,inventory,194819.93,0.55000000000000000000,87668.9685,0.92593519564451131873,1.0799891879084850,0.48599513455881827122,0,0
F0000613,C000391,2024-02-29,1,credit_line,186767.4,140664.85,46102.55,0.1367,60,1,senior_secured,KZT,annuity,trade,Shymkent,small,JSC,state_related,8.1,23,0,1,0,530283.8,528194.12,31099.05,-6753.95,587635.74,267627.26,40121.62,58215.27,92554.95,387017.62,172451.61,42377.25,94514.6,200618.12,9694.56,24849.13,27801.1,136891.85,1.5518977178583604,1.2143231947791035,0.68235037792199428446,0.23295358107388090452,4.4018016627517561,3.2078866910927365,0.05864604953045897310,-0.01273648186122223609,0.18152380875851995572,0.94677261974290450655,0.34139877196713732899,0.00395627274305893447,inventory,86077.91,0.55000000000000000000,38735.0595,1.6341573581421761,0.61193617310934465860,0.27537127789920509637,0,0
F0000332,C000208,2024-03-01,0,overdraft,16976.38,15869.71,1106.67,0.0901,12,1,senior_secured,KZT,annuity,transport,Atyrau,small,LLP,private,2.7,23,1,0,0,233871.89,194292.43,33003.07,24540.03,353175.07,177935.62,25029.23,11477.28,75311.25,67784.27,27780.9,18719.09,32296.6,285390.8,6631.97,32079.65,4374.1,51015.69,6.4049624022259898,5.9918267586723252,0.17875730401961100358,0.14444872906799452181,1.5457861950418552,4.9763599654401332,0.14111601868869319866,0.10492936966473397038,0.62881929069272610054,1.3370965148412663,0.80807175885885716679,0.20371076732119722832,none,0.0,1.00000000000000000000,0.00,,0.000000000000000000000000,0.000000000000000000000000,0,0
F0000102,C000065,2024-03-06,0,term_loan,6223.12,5421.87,801.25,0.128,24,0,senior_secured,KZT,annuity,energy,Kostanay,micro,LLP,state_related,16.1,5,0,1,0,42472.21,59311.36,2765.49,1573.78,50611.53,19784.64,912.69,5994.28,6312.13,33996.03,11837.86,7219.03,19217.44,16615.49,2429.22,1247.67,749.36,26436.47,1.67130207655775621607,1.16493690582588407026,1.5910737510600049,0.52234085790332756192,9.5594162336511794,1.1384271494553807,0.06511292913648712888,0.03705434683055108270,0.04719503019881247383,0.12642834286600831414,0.32829456054776451137,-0.28391104166217061959,real_estate,12115.6,0.25000000000000000000,9086.700,0.44751147281191191522,2.2345795823212287,1.6759346867409215,0,0
F0000476,C000301,2024-03-06,0,working_capital,88884.96,86275.15,2609.81,0.1314,36,0,senior_unsecured,KZT,amortizing,trade,Kostanay,small,LLP,foreign_owned,17.3,38,0,0,0,248646.59,182002.51,9964.61,4340.23,292298.82,117032.3,22659.93,39400.93,42652.64,244084.22,110803.66,35393.68,89583.64,48214.6,11783.43,5192.55,2853.59,124977.32,1.05621330558936410584,0.70062099031746785260,2.5921052959062193,0.42756696725631666936,12.5421185575752588,0.84564596216891007118,0.04007539375464590124,0.01745541734555860991,0.04154793845795381114,0.64022531706225518228,0.16494969086772228502,0.36617121379260099215,real_estate,195140.74,0.25000000000000000000,146355.5550,0.44211757114378063750,2.2618417933785105,1.6963813450338829,0,0
F0000450,C000281,2024-03-07,0,term_loan,90309.0,83972.28,6336.73,0.1293,24,0,senior_unsecured,KZT,amortizing,energy,Atyrau,small,LLP,private,19.4,71,1,0,0,478110.73,524979.82,61127.8,37873.79,609070.62,341604.89,74572.93,56238.79,129050.36,569748.95,161224.19,54110.21,343932.45,39321.67,43722.6,43462.59,29658.85,398042.66,2.1188190804369989,1.7699955571183208,10.1227302909566150,0.65352464382537446971,6.5116470738354726,1.3980824562125766,0.12785280932724517603,0.07921551980228513173,0.10919078372152371809,1.3781674475112922,0.06456011619801986180,-0.08927788881485006414,guarantee,167697.75,0.30000000000000000000,117388.425,0.50073587749388408610,1.9970608157834943,1.3979425710484460,0,0
F0000007,C000004,2024-03-08,0,leasing,119877.32,113679.25,6198.07,0.1373,12,0,senior_unsecured,KZT,amortizing,real_estate,Other,small,LLP,private,15.5,24,0,0,0,1340563.74,1214845.52,156560.4,127650.54,1943185.33,667963.45,103974.77,187819.83,140935.1,1486343.36,657843.93,313618.79,293316.16,456841.97,74825.3,156445.37,26677.47,606934.95,1.0153828583627731,0.72987466799306029927,1.3285446387511200,0.31234022850512153671,3.8766824177761426,2.0923457707486639,0.11678698694326910558,0.09522153717211536693,0.25776299420555695466,0.33153233580169096373,0.23509953628560997833,0.10348494350129389291,receivables,229042.75,0.45000000000000000000,125973.5125,0.49632328462699648865,2.0148158085138669,1.1081486946826268,0,0
F0000037,C000022,2024-03-08,0,term_loan,33636.55,27178.81,6457.73,0.1096,18,0,senior_secured,KZT,amortizing,construction,Almaty,small,LLP,private,17.1,34,0,0,0,766061.99,640198.48,66130.71,25537.33,1061671.25,389520.86,26515.82,131795.05,53239.4,855062.42,306990.87,105997.0,359946.94,206608.83,64194.38,61692.32,54249.54,465943.94,1.2688353239951403,0.83952271935644209875,2.2551985798477248,0.43887779762332266226,7.0458027745354617,1.03016354391147636288,0.08632553352503496486,0.03333585314681909750,0.13240288091309868737,0.25015632517901450041,0.19460716299890385089,0.19660076356319996261,none,0.0,1.00000000000000000000,0.00,,0.000000000000000000000000,0.000000000000000000000000,0,0
F0000633,C000403,2024-03-08,0,working_capital,4236.86,4221.12,15.74,0.1167,48,0,senior_unsecured,KZT,amortizing,construction,Shymkent,micro,LLP,private,18.3,12,0,0,0,50116.01,47468.08,8107.55,4331.38,54258.83,29638.29,6969.35,3621.27,3808.02,33862.02,9454.19,3713.48,9170.72,20396.81,1218.24,7423.24,1547.37,12884.20,3.1349369961889913,2.7519036533008116,0.63167720834777595124,0.23745812432741362097,1.5891607205629321,6.6551336354084581,0.16177564814118282760,0.08642707190775961614,0.57615063410999518790,1.8767705763865700,0.37591687841407564446,0.05578338116898766497,receivables,4099.76,0.45000000000000000000,2254.8680,1.0296017327843581,0.97124933666894094458,0.53418713516791751952,0,0
F0000666,C000427,2024-03-10,0,working_capital,115695.23,105751.55,9943.68,0.1275,24,0,senior_secured,KZT,bullet,transport,Atyrau,small,LLP,private,5.3,39,0,0,0,532136.61,537785.42,69199.99,39583.55,413367.97,104343.27,25542.25,6932.81,12022.15,192339.32,123176.93,81850.35,26539.7,221028.65,13044.58,60390.37,34065.46,108390.05,0.84710075173979413190,0.79081740387587188607,0.49038914186011632429,0.26221201899121501843,1.5663304286604666,5.3048844807575253,0.13004177630251750580,0.07438606789335542991,0.55715787565371544713,0.31206036382251267099,0.53470192671193174449,-0.01050383626986391710,receivables,213130.1,0.45000000000000000000,117221.555,0.49618308253972573560,2.0153851172866970,1.1084618145076833,0,0
F0000421,C000262,2024-03-12,0,working_capital,93612.78,89399.02,4213.76,0.155,18,0,senior_secured,KZT,bullet,transport,Other,small,LLP,private,21.9,53,0,0,0,275248.65,350782.56,12050.55,-8109.17,255920.44,95359.51,19576.93,10103.76,16083.96,116614.06,43965.57,24425.64,60596.12,139306.38,5547.9,9159.21,4455.74,85021.76,2.1689588011710072,1.9391480651791845,0.61032208287947759464,0.33221949759073562080,7.0554256859645410,2.1720921429730168,0.04378059619910942342,-0.02946125258016705986,0.10772783343934540993,0.80149097423854605243,0.54433471589842530749,-0.21532971878647558761,real_estate,165720.71,0.25000000000000000000,124290.5325,0.53945593160927200952,1.8537195374177480,1.3902896530633110,0,0
F0000550,C000348,2024-03-12,0,leasing,466213.76,403696.3,62517.46,0.1243,18,0,senior_unsecured,USD,annuity,trade,Atyrau,medium,LLP,private,3.5,166,0,0,0,1782581.44,1835867.42,172361.15,73530.78,3134331.13,863204.27,51252.12,90128.11,313865.68,1998369.16,1080907.25,426565.28,759424.92,1135961.97,117517.6,77663.49,113591.76,1185990.20,0.79859235841003009278,0.71521044937019341854,1.0440404092048962,0.37838701490355934410,6.8808440881254273,1.4666837137586200,0.09669187961476811965,0.04124960484273862966,0.06548409084661913733,0.12015070706176555204,0.36242564135206735480,-0.02902496085474407515,real_estate,283061.91,0.25000000000000000000,212296.4325,1.4261766975288198,0.70117538852845567324,0.52588154139634175493,0,0
F0000508,C000322,2024-03-13,0,overdraft,177697.58,100729.14,76968.44,0.1137,18,1,senior_secured,USD,amortizing,services,Shymkent,small,LLP,private,23.4,45,0,0,0,1255903.99,1466292.8,162901.47,126738.68,1234045.41,568895.5,71134.42,185570.23,234574.0,1122375.95,713996.23,290110.86,144069.08,111669.46,23984.86,158842.6,46272.96,434179.94,0.79677661603339278136,0.53687296079980702419,3.8880813071004373,0.35183465412346535935,2.6652917251145739,6.7918457727082835,0.12970853767253339166,0.10091430635553598329,0.36584509178383506156,0.24519737041212452371,0.09049055982469883341,-0.14348349115538179005,inventory,226131.18,0.55000000000000000000,101759.0310,0.44544560374204035021,2.2449430224461362,1.01022436010076130899,0,0
F0000111,C000070,2024-03-15,0,working_capital,30364.44,26204.0,4160.44,0.0966,12,0,senior_unsecured,USD,bullet,transport,Almaty,micro,IE,private,14.7,9,0,0,0,109698.21,151907.14,17176.06,8759.02,174492.25,103238.39,11199.4,21516.37,38267.54,103730.34,55989.11,14199.82,40482.19,70761.91,6567.53,12366.4,4819.16,54682.01,1.8439012515112314,1.4596056268799415,0.77276051480238450319,0.31337787208314409379,3.1836177796304857,2.6152998159125272,0.15657557219940051893,0.07984651709449042058,0.22615116013474998450,0.78870013845245925653,0.40553038888546625996,-0.27786007951963284938,inventory,37010.38,0.55000000000000000000,16654.6710,0.70801758857920399628,1.4123942909479469,0.63557743092657609525,0,0
F0000222,C000132,2024-03-15,0,term_loan,698889.61,685668.13,13221.48,0.0814,12,0,senior_secured,USD,amortizing,manufacturing,Atyrau,small,LLP,private,12.7,47,0,0,0,2095865.83,1599027.18,210339.31,6301.35,1645475.04,433778.58,23182.37,37729.67,108539.6,824205.3,318793.34,138720.46,333648.04,821269.73,39318.01,141853.55,77634.68,472368.50,1.3606889654595670,1.2423374653937250,0.57516852593605270220,0.28707120346231444507,2.2457452199496138,5.3496936899909227,0.10035914846705621419,0.00300656173205514782,0.30030272975441842545,0.16711572323217497981,0.49910798403845736852,0.31071307368271251024,real_estate,714738.96,0.25000000000000000000,536054.2200,0.95932664703208567223,1.0423978142312083,0.78179836067340624392,0,0
F0000324,C000202,2024-03-18,0,term_loan,21864.56,19089.6,2774.96,0.1268,24,0,senior_secured,KZT,amortizing,transport,Karaganda,micro,LLP,private,4.2,7,0,0,0,92444.13,76351.86,9030.33,6404.69,78207.62,33453.23,5830.96,10990.96,11578.66,54627.05,30483.01,10789.9,16931.46,23580.58,1401.5,3651.99,4964.12,27721.36,1.09743854035411857294,0.73687834633128421373,1.17560127867932001673,0.35445855531724402302,3.0698058653448988,6.4433321441312879,0.09768419044021507910,0.06928173806168114730,0.13173920760020431898,0.54040908627512766569,0.30151256360953063141,0.21076461005665087923,real_estate,21666.02,0.25000000000000000000,16249.5150,0.88108475852971611768,1.1349645880479423,0.85122344103595675132,0,0
F0000645,C000413,2024-03-23,0,working_capital,323112.35,292726.34,30386.02,0.1488,12,0,senior_secured,USD,amortizing,agriculture,Shymkent,medium,JSC,private,19.3,98,0,0,0,922832.62,993970.93,98521.33,23928.31,1111914.93,280956.88,22335.2,83871.7,79117.13,641334.19,335281.73,126945.39,172345.2,470580.74,47679.95,91695.24,45014.05,299290.59,0.83797253133953943748,0.58781962262005746630,0.63600263368194796923,0.26916680577353161361,3.0378253115340607,2.0663052289274632,0.10675969603241809983,0.02592919829817025757,0.30637528563794805577,0.17594337218547282418,0.42321649552812462011,-0.07156980939070320698,real_estate,271271.53,0.25000000000000000000,203453.6475,1.0790897961168280,0.92670693727117279572,0.69503020295337959679,0,0
F0000358,C000224,2024-03-24,0,term_loan,435107.99,406899.77,28208.23,0.1322,24,0,senior_unsecured,KZT,amortizing,trade,Atyrau,medium,LLP,private,21.1,271,0,0,0,2140886.11,2634860.92,276454.82,148594.96,2805393.25,1315057.42,276181.38,136002.38,318099.7,1299065.38,838165.7,238842.25,263273.31,1506327.87,75123.52,247191.61,113391.21,502115.56,1.5689706939809157,1.4067087689224219,0.33333749577374545955,0.17898223716051216706,1.8162662528365394,3.6800035461597114,0.12913102603108579185,0.06940815735405934321,0.49230023861439386583,1.1563338563424185,0.53694000653919018305,-0.18747661641283138390,none,0.0,1.00000000000000000000,0.00,,0.000000000000000000000000,0.000000000000000000000000,0,0
F0000396,C000247,2024-03-24,0,credit_line,196504.73,172142.06,24362.67,0.1491,24,1,senior_unsecured,EUR,annuity,transport,Kostanay,small,IE,private,7.8,27,0,0,0,541288.97,485317.13,37928.54,-3543.47,826567.57,435643.83,80255.37,89988.58,97071.22,682582.71,202417.92,56188.94,180426.3,143984.86,30901.71,30102.2,22469.57,236615.24,2.1521999139206647,1.7076316662082092,1.6433341672173033,0.28626242861185565265,6.2384484085071558,1.22739291773820930945,0.07007077938425384873,-0.00654635545224577549,0.12722003874306659199,1.4283125825117897,0.17419611563032892762,0.11533044382752366478,equipment,356351.82,0.40000000000000000000,213811.092,0.48306771661780764863,2.0701031462037808,1.2420618877222685,0,0
F0000688,C000445,2024-03-25,0,credit_line,996039.85,893683.52,102356.33,0.1031,24,1,senior_unsecured,KZT,amortizing,construction,Astana,medium,LLP,private,13.8,143,0,0,0,4890648.87,4334188.0,717705.9,373433.35,5440213.45,2641188.76,152126.38,850999.9,730434.18,3522064.61,1773445.82,711260.21,895370.17,1918148.83,152475.72,524709.4,260929.9,1606630.38,1.4892976882710744,1.0094409650473562,0.83759422359317133906,0.29532487921039201136,2.2385637069445855,4.7070176156571027,0.14675064987848943652,0.07635660623495139613,0.32658999016313882973,0.21388287698534408385,0.35258705336276833035,0.12838872471614060119,inventory,2114543.45,0.55000000000000000000,951544.5525,0.42263663108932568872,2.3660987392941967,1.0647444326823885,0,0
F0000056,C000033,2024-03-29,0,credit_line,226692.3,178858.4,47833.9,0.126,48,1,senior_secured,KZT,annuity,construction,Atyrau,small,LLP,private,23.8,37,0,0,0,946610.87,1143166.49,110883.08,100452.16,1383106.03,355085.44,34410.1,100566.52,148600.41,923314.11,260922.65,166808.06,550515.04,459791.93,68506.24,59047.06,12379.79,717323.10,1.3608839247953369,0.97545736255553130401,1.5601037190887626,0.51863203864421008995,6.4691844779203464,1.6185836501901141,0.11713691815096101738,0.10611769121138446255,0.08231584902256737584,0.20628559555215737177,0.33243433260138414696,-0.17193962709666200940,none,0.0,1.00000000000000000000,0.00,,0.000000000000000000000000,0.000000000000000000000000,0,0
F0000462,C000290,2024-03-29,0,term_loan,23124.44,20334.89,2789.56,0.1077,18,0,senior_secured,KZT,bullet,trade,Aktobe,micro,LLP,private,14.6,8,0,0,0,48529.94,49849.68,6790.54,4410.77,83991.36,34505.84,7998.77,6597.78,5469.89,27353.15,7340.33,1927.97,17303.15,56638.22,2056.54,3733.32,2117.3,19231.12,4.7008567734693127,3.8020170755265771,0.33954315654693950481,0.22896545549446990738,2.8320457577747867,3.3019245917900940,0.13992475572811340793,0.09088760464158826489,0.19412909908523268536,4.1488041826376966,0.67433388386615004210,-0.02647439261395459309,none,0.0,1.00000000000000000000,0.00,,0.000000000000000000000000,0.000000000000000000000000,0,0
F0000621,C000396,2024-03-29,0,term_loan,130917.95,108565.82,22352.13,0.1233,24,0,senior_secured,KZT,annuity,transport,Aktobe,small,LLP,foreign_owned,5.0,29,0,0,0,782513.84,869405.18,56050.28,13304.27,794184.06,499375.84,61659.94,46072.01,218657.08,423033.36,233144.76,49515.64,89226.23,371150.7,21365.84,26155.53,55670.73,138741.87,2.1419132044829144,1.9443020293486330,0.37381546094349276453,0.17469737430892279555,2.4753109172692804,2.6233595309147686,0.07162848391282127355,0.01700196126882560953,0.18851937054041436806,1.2452619010882218,0.46733587173734008210,-0.09994343488958738433,real_estate,255507.85,0.25000000000000000000,191630.8875,0.42490209204922666760,2.3534833523110681,1.7651125142333011,0,0
F0000268,C000162,2024-04-01,0,leasing,429414.11,366463.4,62950.71,0.1416,12,0,senior_secured,KZT,bullet,services,Karaganda,medium,IE,private,10.1,197,0,0,0,5693298.15,3881184.7,27547.1,-235408.34,4976022.09,1283599.74,87032.5,279506.52,308186.51,4727220.98,2710956.02,761037.64,1109094.2,248801.1,182163.53,17122.93,254440.81,1870131.84,0.47348600660810425099,0.37038344133668387582,7.5165738415143663,0.37582868527820381923,67.8885196626868164,0.15122181701243931757,0.00483851350732439684,-0.04134832460864534207,0.00915600153623393739,0.11436030943226408618,0.04999999909566317862,0.46689698895288338120,guarantee,512180.56,0.30000000000000000000,358526.392,0.71549650381107787457,1.3976308684578051,0.97834160792046354424,0,0
F0000129,C000079,2024-04-04,0,working_capital,128233.55,108240.66,19992.89,0.1454,36,0,senior_unsecured,KZT,annuity,energy,Karaganda,medium,LLP,foreign_owned,12.5,74,0,0,0,1041886.71,1105188.6,139449.16,55271.82,782406.39,503506.53,91121.42,152690.75,127571.45,495194.75,163320.18,49294.09,276850.04,287211.65,48298.32,100998.09,19592.73,326144.13,3.0829413119676944,2.1480246960296027,1.1355532757811182,0.41684747743432923650,2.3388031164906264,2.8872465957408042,0.13384292040734447990,0.05304974088785526403,0.30967318038193727417,1.8485262634932504,0.36708755663409139590,-0.05727700231435611985,equipment,67081.78,0.40000000000000000000,40249.068,1.6135627289556121,0.61974659060652438742,0.37184795436391463245,0,0
F0000477,C000301,2024-04-05,1,credit_line,81471.28,74856.49,6614.79,0.1638,12,1,senior_secured,KZT,annuity,trade,Kostanay,small,LLP,foreign_owned,17.3,38,0,0,0,248646.59,182002.51,9964.61,4340.23,292298.82,117032.3,22659.93,39400.93,42652.64,244084.22,110803.66,35393.68,89583.64,48214.6,11783.43,5192.55,2853.59,124977.32,1.05621330558936410584,0.70062099031746785260,2.5921052959062193,0.42756696725631666936,12.5421185575752588,0.84564596216891007118,0.04007539375464590124,0.01745541734555860991,0.04154793845795381114,0.64022531706225518228,0.16494969086772228502,0.36617121379260099215,real_estate,61970.36,0.25000000000000000000,46477.7700,1.2079402152900193,0.82785554064851290783,0.62089165548638468087,0,0
F0000077,C000047,2024-04-06,0,credit_line,6070.8,5529.1,541.69,0.1322,18,1,senior_secured,KZT,amortizing,agriculture,Astana,micro,LLP,private,15.3,8,1,0,0,31917.37,37053.08,1376.87,-831.86,31227.01,20146.05,1680.97,5783.58,3048.21,20974.39,6801.81,4978.49,10085.1,10252.62,902.51,1197.72,1667.79,15063.59,2.9618660327177619,2.1115658920199182,1.46924298374464283276,0.48238976450194879369,10.9404591573641666,1.5256008243675970,0.04313857940049571754,-0.02606292435748935454,0.07951092667816901549,0.33764655548168219681,0.32832538241733678633,-0.13860413223408148526,none,0.0,1.00000000000000000000,0.00,,0.00000000000000000000,0.00000000000000000000,0,0
F0000389,C000244,2024-04-06,0,credit_line,15163.0,6916.91,8246.09,0.1161,24,1,subordinated,KZT,annuity,manufacturing,Karaganda,micro,JSC,private,10.4,11,0,0,0,111959.75,80012.57,7833.21,2469.34,105891.07,33453.86,6975.86,6186.12,9815.57,72805.58,29745.01,10831.26,22799.17,33085.49,3660.02,4848.23,2190.28,33630.43,1.1246881409688549,0.91671645092739925117,1.01647066433049654093,0.31759458092169622991,4.2933139798371294,2.1402096163408943,0.06996451849883551901,0.02205560480440515453,0.14416199852336113454,0.64404879949331841355,0.31244834904397509629,0.39927701359923821969,none,0.0,1.00000000000000000000,0.00,,0.00000000000000000000,0.00000000000000000000,0,0
F0000600,C000384,2024-04-08,1,overdraft,102318.4,89574.68,12743.72,0.1581,12,1,senior_secured,KZT,annuity,construction,Other,medium,LLP,foreign_owned,20.2,151,0,0,1,1349059.24,1075089.01,95380.54,30131.2,1755980.42,986740.4,225673.4,109966.43,327844.75,1518895.41,846034.29,606533.88,417026.05,237085.0,83466.0,90504.87,63232.45,1023559.93,1.1663125379941752,1.0363338464685633,4.3172698821097918,0.58289939816071525444,10.7313287385456195,1.1427472264155465,0.07070152086130776585,0.02233497173926921104,0.08842166183664497300,0.37207055935605773580,0.13501574237371052235,0.25483492757497353638,real_estate,103568.01,0.25000000000000000000,77676.0075,0.86488752656346298437,1.1562197040502964,0.86716477803772226705,0,0
F0000341,C000214,2024-04-09,0,overdraft,3580.34,3274.69,305.65,0.1138,24,1,senior_unsecured,KZT,bullet,real_estate,Kostanay,micro,LLP,private,15.2,5,0,0,0,43382.23,41478.2,3891.16,1421.93,54117.65,26664.08,3586.64,3420.35,3282.42,46853.65,23405.77,15925.49,11125.67,7264.0,2179.78,2341.85,1135.43,27051.16,1.13920969060193277128,0.99307692077637266366,3.7240033039647577,0.49985836413813238380,6.9519526310920137,1.7851159291304627,0.08969478977913306900,0.03277678441149751868,0.08657114888973337927,0.22521379247985462300,0.13422607966162610535,0.04590435457662097198,none,0.0,1.00000000000000000000,0.00,,0.00000000000000000000,0.00000000000000000000,0,0
F0000528,C000335,2024-04-10,0,credit_line,4759809.33,2026666.45,2733142.88,0.1258,12,1,senior_secured,KZT,bullet,real_estate,Aktobe,large,LLP,private,15.0,691,1,0,0,14261226.3,13531748.32,2816130.95,2153614.5,14512221.6,8613929.23,712449.33,2547910.88,3452202.99,4181659.62,2257285.9,847010.86,597830.86,10330561.98,185028.84,2266449.24,603185.05,1444841.72,3.8160559236204860,2.6873061804000991,0.13986090232043697588,0.09956034023074730336,0.51305913881597018775,15.2199567916007040,0.19746765746224782928,0.15101187336183004122,1.5686488067357302,0.84113364260760481867,0.71185255192078930217,0.05390862752907009432,inventory,2994310.67,0.55000000000000000000,1347439.8015,0.67683907027589759081,1.4774560806490876,0.66485523629208940623,0,0
F0000648,C000415,2024-04-10,0,term_loan,15966.65,15447.05,519.59,0.1386,36,0,senior_secured,KZT,bullet,transport,Aktobe,micro,IE,state_related,25.6,11,0,1,0,81836.93,88715.42,6546.39,76.22,63644.49,21901.58,951.67,5728.82,2350.72,26477.91,13491.74,4961.55,6757.59,37166.58,1705.11,6716.99,5737.51,11719.14,1.6233324982544876,1.19871565861779133010,0.31531391911765892907,0.18413440032279306504,1.7901683217773460,3.8392772313809666,0.07999310335810495335,0.00093136436080874490,0.57316407176635828226,0.19180901129687295301,0.58397168395881560210,-0.07753432266904671138,equipment,13279.11,0.40000000000000000000,7967.466,1.16325943530854100915,0.85965346134051485559,0.51579207680430891335,0,0
F0000660,C000424,2024-04-10,0,overdraft,441565.46,350018.12,91547.35,0.1402,36,1,senior_unsecured,KZT,annuity,construction,Atyrau,medium,LLP,private,12.1,214,0,0,0,2948098.94,2747848.25,369700.22,150095.83,3377349.74,2124211.58,248432.49,315285.85,785264.96,1358326.24,582033.68,347678.93,433227.23,2019023.49,66729.74,133662.02,207074.11,780906.16,3.6496368732476100,3.1079399563269260,0.38677418260250156872,0.23121862410376249633,2.1122685834485032,5.5402616584449452,0.12540292151795963808,0.05091275193091043274,0.17116271691338687865,0.71454571607200931043,0.59781297331676404943,0.07287545445786534973,real_estate,427015.23,0.25000000000000000000,320261.4225,0.81968533066139116396,1.2199803541599503,0.91498526561996276079,0,0
F0000158,C000096,2024-04-14,0,credit_line,511175.9,451537.97,59637.93,0.08,12,1,senior_unsecured,USD,bullet,real_estate,Almaty,medium,LLP,private,19.1,203,1,0,0,4076256.19,3582918.75,798810.65,554138.16,5072232.96,2817247.56,309882.66,464354.77,1135271.55,1138973.51,638443.55,203911.87,183990.3,3933259.46,28321.73,532863.44,108301.2,387902.17,4.4126807452279845,3.6853576013102490,0.09862104799971675400,0.07647562189257174812,0.48559964742583239219,28.2048677817350847,0.19596674319922958522,0.13594291775856217712,1.3737057464772626,1.5196891676781739,0.77544929245521089000,0.13769149523694892607,none,0.0,1.00000000000000000000,0.00,,0.000000000000000000000000,0.000000000000000000000000,0,0
F0000314,C000193,2024-04-14,0,term_loan,86373.37,75266.37,11107.0,0.0973,18,0,senior_secured,KZT,amortizing,energy,Astana,micro,LLP,private,11.4,9,0,0,0,164342.65,130014.32,29218.03,20441.03,292640.62,183508.33,18180.18,39926.83,67837.49,122741.76,59451.52,12509.62,44835.23,169898.87,3454.37,24934.18,8401.19,57344.85,3.0866886162035891,2.4151022547447063,0.33752343379329126792,0.19595656269454322507,1.9626528551035097,8.4582803810825129,0.17778726337928711750,0.12438055489551860092,0.43481114694693594978,1.45329594344192709291,0.58057172650878063339,0.26403499245313900807,none,0.0,1.00000000000000000000,0.00,,0.000000000000000000000000,0.000000000000000000000000,0,0
F0000398,C000248,2024-04-14,0,term_loan,39039.41,37444.65,1594.76,0.1005,48,0,senior_unsecured,EUR,amortizing,manufacturing,Karaganda,micro,LLP,private,16.0,3,0,0,0,154017.95,105463.33,18338.57,12039.97,249935.21,157184.44,33387.07,27117.91,49370.47,106214.96,39440.1,17331.01,53256.96,143720.25,5862.53,18653.4,12229.03,70587.97,3.9853965887510427,3.2978245491263967,0.49114839418940615536,0.28242507328199176098,3.8491534508961168,3.1280982783883409,0.11906774502582328878,0.07817251171048569339,0.26425749316774515544,1.9264353318127449,0.57503002478122230157,0.46039338981615695237,none,0.0,1.00000000000000000000,0.00,,0.000000000000000000000000,0.000000000000000000000000,0,0
F0000659,C000423,2024-04-14,0,term_loan,9361.22,7661.06,1700.16,0.136,36,0,senior_unsecured,USD,bullet,agriculture,Aktobe,micro,JSC,private,7.6,9,1,0,0,108858.93,111755.18,8550.31,1918.81,133710.01,53545.61,7381.13,4146.75,7956.36,87337.01,31390.03,12926.51,32133.45,46373.0,3349.26,6963.51,3952.4,45059.96,1.7058158275095627,1.5737117804602289,0.97168524788131024519,0.33699765634599832877,5.2699796849470955,2.5528952664170593,0.07854486535923143834,0.01762657413590230953,0.15453875236462704361,0.57100717827162938798,0.34681771394677182359,-0.02591602465317491323,receivables,12119.5,0.45000000000000000000,6665.725,0.63212673790172861917,1.5819612429611568,0.87007868362863624616,0,0
F0000347,C000217,2024-04-15,0,term_loan,5962262.39,5223320.01,738942.38,0.1514,36,0,senior_secured,KZT,annuity,transport,Aktobe,large,LLP,private,24.1,520,0,0,0,18196426.24,12030325.93,2508250.81,1106252.54,14336041.55,7703687.22,1594433.14,1655064.01,3179095.69,6861345.42,2943739.73,733049.9,1718882.66,7474696.12,299963.95,1641244.54,1054494.87,2451932.56,2.6169729414223723,2.0547411676235385,0.32803106917475596319,0.17103274648363445905,0.97754680282551169594,8.3618408478752197,0.13784304549243181501,0.06079504433503531735,0.66936773334418300640,2.1750676727464256,0.52139191239997487312,0.51254640529926191285,real_estate,14820241.98,0.25000000000000000000,11115181.4850,0.35244498821604261012,2.8373222302341763,2.1279916726756322,0,0
F0000146,C000091,2024-04-21,0,term_loan,34644.52,28055.96,6588.55,0.1474,48,0,senior_secured,KZT,annuity,real_estate,Aktobe,micro,LLP,private,15.6,9,0,0,0,208367.15,174437.26,27541.63,15073.99,168307.87,91591.51,5974.41,22939.85,14877.81,56688.35,17857.51,8564.85,26688.03,111619.52,4911.14,12295.18,11071.19,35252.88,5.1290191073671525,3.8444139188498284,0.31583077941922703126,0.20945473316250749297,1.2799852441558470,5.6079912199611495,0.13217836880717521932,0.07234340921781576415,0.34877093729647052950,0.69754986952486033030,0.66318657588620187517,0.19451056500199555989,receivables,29333.17,0.45000000000000000000,16133.2435,0.95645850755305342041,1.04552366056980406302,0.57503801331339223466,0,0
F0000578,C000367,2024-04-21,0,credit_line,66616.61,41177.85,25438.76,0.1165,36,1,senior_secured,EUR,annuity,real_estate,Shymkent,micro,LLP,private,14.7,7,0,0,0,194271.65,206683.11,43886.82,32038.05,248672.79,87976.87,13786.94,8312.88,9549.75,105359.26,31088.27,19828.82,42268.25,143313.53,7366.24,44160.76,4833.93,62097.07,2.8299056203513415,2.5625095896297864,0.43329523737221461226,0.24971397152056724823,1.4149366484060590,5.9578319468276896,0.22590439727052300220,0.16491366599295368110,0.71115690321620649734,0.69529805606183323062,0.57631367710154375957,-0.06005067371010625880,guarantee,93490.22,0.30000000000000000000,65443.154,0.44045088352557090998,2.2704007130046858,1.5892804991032800,0,0
F0000681,C000438,2024-04-22,0,credit_line,4565757.95,4118113.18,447644.77,0.0962,12,1,senior_unsecured,KZT,bullet,construction,Atyrau,large,LLP,private,3.7,729,0,0,0,12821370.01,10418431.2,694640.29,396418.53,18447636.95,10405884.93,553365.02,2912856.74,2827446.81,11569404.52,5716602.96,3657148.59,2120616.23,6878232.43,801966.28,539791.02,684709.65,5777764.82,1.8202917016997101,1.3107484011798503,0.84000720807278680462,0.31319809879497872490,8.3176356211644447,0.86617144301877630067,0.05417832021525131853,0.03091857809975175968,0.09342557837097980046,0.15131051046520371216,0.37285168006301208134,0.23064305593341154856,real_estate,2647657.23,0.25000000000000000000,1985742.9225,1.5553800293099118,0.64292968995087211275,0.48219726746315408456,0,0
F0000439,C000273,2024-04-23,0,credit_line,2319378.97,1337719.36,981659.61,0.1336,12,1,senior_secured,KZT,amortizing,trade,Other,large,IE,private,22.4,385,0,0,0,11491419.48,12134449.33,1373069.33,385811.54,15346254.28,5496509.29,460141.56,521357.45,2106583.71,8921517.65,5458976.54,3558698.72,1323984.08,6424736.63,296636.23,994614.69,534349.7,4882682.80,1.0068754188124795,0.91137080431563825698,0.75998178309762092147,0.31816772424808277059,3.5560351493686047,4.6287984781899365,0.11948648575484775533,0.03357388011737606502,0.20370249937186171504,0.12930051015951133958,0.41865177735084420874,-0.05299209156613619483,none,0.0,1.00000000000000000000,0.00,,0.000000000000000000000000,0.000000000000000000000000,0,0
F0000623,C000398,2024-04-25,0,credit_line,426073.81,350446.64,75627.17,0.1163,36,1,senior_secured,KZT,amortizing,trade,Atyrau,medium,JSC,foreign_owned,21.3,181,0,0,0,4104149.35,4177242.21,547164.63,343142.07,4690008.82,2126315.88,143162.26,419079.8,298015.5,3032670.47,1276625.39,805364.3,967732.19,1657338.36,211646.54,215716.53,245023.02,1773096.49,1.6655754277298214,1.3373038742398818,1.0698458038465965,0.37805824211648284278,3.2405173740853827,2.5852755731324500,0.13331986322573763062,0.08360857287028309533,0.12166090859499699309,0.17776087169495841820,0.35337638448193792523,-0.01749787451276376909,none,0.0,1.00000000000000000000,0.00,,0.000000000000000000000000,0.000000000000000000000000,0,0
F0000042,C000024,2024-04-27,0,overdraft,153516.86,97373.67,56143.18,0.1045,60,1,senior_unsecured,KZT,amortizing,real_estate,Kostanay,medium,LLP,state_related,3.8,179,0,1,0,6791084.71,6193187.16,896689.76,538425.58,7765317.27,2421271.61,300958.86,362523.78,979426.3,3755700.7,1278734.82,458861.95,945908.93,4009616.57,212182.77,347699.87,74017.64,1404770.88,1.8934900122607125,1.6099880896337835,0.35035042764700067069,0.18090321762216935149,1.5666186262682424,4.2260253271271744,0.13203925415325882454,0.07928417962555498737,0.24751358029289445408,0.65588105529342757664,0.51634935580681045373,0.09654117250995527802,real_estate,109373.15,0.25000000000000000000,82029.8625,0.89028861288168074157,1.1232312595386412,0.84242344465398089648,0,0
F0000615,C000393,2024-05-01,0,credit_line,120339.79,53281.96,67057.83,0.1436,36,1,senior_secured,KZT,amortizing,transport,Other,medium,LLP,private,17.2,119,0,0,1,1276099.1,1266995.41,112627.88,38179.43,1720889.18,1053588.95,206459.65,178194.37,338902.98,1067125.59,415100.4,86176.75,440641.43,653763.59,27843.29,118609.54,27785.68,526818.18,2.5381545043078735,2.1088743349801638,0.80582367702673683617,0.30613138029027528664,4.6775112876136885,4.0450636401086222,0.08825950899894843590,0.02991885974999904004,0.22514321734303094855,2.3957697406783152,0.37989871608118310094,0.00718525886372390252,real_estate,69779.76,0.25000000000000000000,52334.8200,0.76357327683557524417,1.3096320030269157,0.98222400227018675739,0,0
F0000105,C000067,2024-05-06,0,working_capital,814994.12,667619.58,147374.53,0.1081,36,0,senior_unsecured,KZT,annuity,construction,Other,medium,LLP,private,4.3,204,0,0,0,1730573.44,1376906.08,198453.7,176023.54,2517417.06,942106.32,232170.95,230451.02,293958.74,1252850.21,453190.39,202048.46,542469.57,1264566.85,79219.7,183028.83,49113.22,744518.03,2.0788311949862838,1.5703230158962550,0.58875339805088200754,0.29574679612284823398,3.7515956114700809,2.5051054220099293,0.11467511023398117100,0.10171399602665807699,0.24583532248372816438,1.1490854718714510,0.50232711539660416856,0.25685656061595719005,none,0.0,1.00000000000000000000,0.00,,0.000000000000000000000000,0.000000000000000000000000,0,0
F0000122,C000075,2024-05-06,0,credit_line,2393251.87,1395806.24,997445.63,0.125,24,1,senior_secured,USD,bullet,trade,Karaganda,medium,LLP,private,9.5,116,0,0,1,3591323.48,3006248.91,351474.62,-31060.73,3223638.57,1493439.55,286414.99,116814.13,663905.33,1140863.71,578379.3,150896.8,408190.34,2082774.86,79642.07,150769.91,67554.31,559087.14,2.5821109953278065,2.3801429615478977,0.26843378549326257952,0.17343356826754929911,1.5906899337425843,4.4131778593901439,0.09786771421659850034,-0.00864882547422322425,0.26967157570463881534,1.8980852476659545,0.64609441001942100476,0.19461947014893054880,equipment,1607119.51,0.40000000000000000000,964271.706,0.86851427744785451581,1.1513915498758624,0.69083492992551745578,1,0
F0000113,C000070,2024-05-07,0,credit_line,22321.48,12222.2,10099.28,0.0979,12,1,senior_unsecured,KZT,amortizing,transport,Almaty,micro,IE,private,14.7,9,0,0,0,109698.21,151907.14,17176.06,8759.02,174492.25,103238.39,11199.4,21516.37,38267.54,103730.34,55989.11,14199.82,40482.19,70761.91,6567.53,12366.4,4819.16,54682.01,1.8439012515112314,1.4596056268799415,0.77276051480238450319,0.31337787208314409379,3.1836177796304857,2.6152998159125272,0.15657557219940051893,0.07984651709449042058,0.22615116013474998450,0.78870013845245925653,0.40553038888546625996,-0.27786007951963284938,equipment,16241.87,0.40000000000000000000,9745.122,0.75251187209354587865,1.32888268887761614112,0.79732961332656968467,0,0
F0000302,C000184,2024-05-07,0,term_loan,79890.62,79152.63,737.99,0.1383,36,0,senior_secured,KZT,bullet,energy,Karaganda,medium,LLP,private,9.3,110,0,0,0,2260633.17,1556518.43,120642.77,-25417.71,3304367.77,854914.49,208483.56,132584.97,87460.73,2006459.08,983008.07,638528.39,574171.19,1297908.7,107881.76,101507.87,86853.66,1212699.58,0.86969223965780870955,0.73481545273580510890,0.93434891067453357852,0.36699897360395813327,10.0519872015538105,1.1182870023625866,0.05336680519467030558,-0.01124362428071423901,0.08370405306811436349,0.32650632808981288992,0.39278578848988107640,0.45236518015401847828,real_estate,183078.3,0.25000000000000000000,137308.725,0.43234304666364063901,2.3129781031912648,1.7347335773934486,0,0
F0000391,C000245,2024-05-13,0,working_capital,154738.18,144208.88,10529.3,0.1042,12,0,senior_unsecured,KZT,amortizing,real_estate,Other,medium,LLP,private,10.9,211,0,0,0,2283581.56,2093413.31,288313.86,200613.04,2588431.56,747443.02,33360.84,242738.43,251375.86,1546851.67,771676.56,539186.65,649248.91,1041579.89,67024.72,141879.97,86103.11,1188435.56,0.96859624711161370510,0.65403643982655116543,1.1409931887221824,0.45913346845454163756,4.1220202178278908,4.3016048407214532,0.12625511829759213855,0.08785017514329551689,0.11938381412956037768,0.06187252596109343583,0.40239808001722865719,0.09084123478702827202,real_estate,233725.2,0.25000000000000000000,175293.900,0.61700184661303102960,1.6207406922514064,1.2155555191885548,0,0
F0000299,C000182,2024-05-15,0,credit_line,130801.38,85315.17,45486.21,0.1333,36,1,senior_secured,KZT,bullet,construction,Other,small,LLP,private,22.3,43,0,0,0,485829.43,566607.78,48294.4,16198.73,753510.16,273848.06,11832.21,93231.53,96017.75,479244.58,271874.33,164393.87,155711.14,274265.59,48732.92,50012.89,17755.06,320105.01,1.00725971444233076363,0.66433829924288916868,1.1671351480876620,0.42481843907718510391,6.6282014063742380,0.99100156526635383228,0.09940608167767852186,0.03334242225712839175,0.15623901044222956710,0.07197476402252711734,0.36398393088687749081,-0.14256484441494961471,none,0.0,1.00000000000000000000,0.00,,0.000000000000000000000000,0.000000000000000000000000,0,0
F0000271,C000165,2024-05-17,0,credit_line,1720798.54,816769.59,904028.95,0.1159,12,1,senior_unsecured,KZT,amortizing,transport,Aktobe,large,LLP,private,16.0,969,0,0,0,6057411.72,7625023.81,681110.89,423710.47,9674595.89,5531003.55,1252645.34,425024.34,761704.75,5841832.15,2571020.16,1068994.65,2106324.87,3832763.75,179228.17,567220.39,461307.16,3175319.52,2.1512875068237505,1.9859740072983325,0.82846732204665628034,0.32821210891941451417,4.6619714449140580,3.8002446267235781,0.11244256152362052088,0.06994909535388160803,0.17863411427647445067,1.1717975763489555,0.39616783931633551673,-0.20558782884639936619,equipment,971350.31,0.40000000000000000000,582810.186,0.84085996739940300220,1.1892586622868758,0.71355519737212547299,0,0
F0000326,C000204,2024-05-17,0,overdraft,7589.04,2668.41,4920.63,0.1382,48,1,senior_secured,KZT,annuity,construction,Kostanay,micro,IE,foreign_owned,9.2,9,0,0,0,84037.05,72604.85,5111.37,-1129.43,83670.16,54269.39,13308.14,11336.55,23568.11,72020.0,42491.64,23335.45,21562.78,11650.15,5791.98,4226.45,5854.27,44898.23,1.2771780519650454,1.01038321891082575302,3.8538757011712296,0.53660982601204539348,8.7839913760889938,0.88249096164006091181,0.06082281565095395424,-0.01343966738480229851,0.09413400038264314651,0.57029712304669504981,0.13923900707253338586,0.15745780068411407778,none,0.0,1.00000000000000000000,0.00,,0.00000000000000000000,0.00000000000000000000,0,0
F0000350,C000219,2024-05-18,0,trade_finance,111717.27,94588.47,17128.81,0.1353,36,1,senior_secured,KZT,amortizing,construction,Kostanay,small,LLP,private,15.3,52,0,0,0,592546.09,569822.24,88775.85,43490.86,742890.58,219536.35,18755.89,69056.84,33074.51,587801.8,234555.43,132508.98,298915.6,155088.78,58630.11,86064.27,16757.46,431424.58,0.93596788614102858331,0.64155202034759971236,2.7817910489720791,0.58073771779418713318,4.8597065530772164,1.5141682319886488,0.14982100379735861560,0.07339658590946064634,0.19948856414254375585,0.14154429382823715042,0.20876396090525202244,0.03987884010985601404,inventory,139799.86,0.55000000000000000000,62909.9370,0.67659917542120571508,1.4779799271517977,0.66509096721830895457,0,0
F0000013,C000009,2024-05-22,0,term_loan,28193.48,23840.7,4352.78,0.1089,48,0,senior_secured,KZT,amortizing,manufacturing,Atyrau,micro,LLP,foreign_owned,21.2,10,1,0,0,80004.58,101280.68,5690.96,517.78,90095.74,56442.23,6097.78,16620.58,20437.14,34785.43,21502.97,9124.97,7090.21,55310.31,1097.84,3168.85,5727.08,16215.18,2.6248574034191556,1.8519139449108658,0.29316740405179432189,0.17997721090919504074,2.8492872907207220,5.1837790570574947,0.07113292763989261615,0.00647187948489948950,0.19542490431805259023,0.66825206000677262501,0.61390594050284730443,-0.21007066698209372212,inventory,21740.82,0.55000000000000000000,9783.3690,1.09658697326043819874,0.91192037146560293951,0.41036416715952132278,0,0
F0000209,C000124,2024-05-24,0,leasing,147189.34,125187.7,22001.64,0.122,12,0,senior_unsecured,KZT,amortizing,agriculture,Astana,small,JSC,foreign_owned,14.7,31,0,0,0,700237.35,574073.87,105935.67,85850.04,558458.42,256883.96,23082.32,65380.21,92910.93,179253.41,115969.46,52493.01,44447.91,379205.01,5043.51,108988.24,37184.02,96940.92,2.2151000789345747,1.6513291516576864,0.25564250852065482996,0.17358663873310388981,0.91509233858623823307,21.0043541105301665,0.15128537488038877104,0.12260134367297031499,1.1242748676204022,0.43972178390989581279,0.67902102720557064929,0.21976872070488071509,real_estate,150175.43,0.25000000000000000000,112631.5725,0.83360973229775336751,1.1996021174604214,0.89970158809531607338,0,0
F0000227,C000135,2024-05-25,0,credit_line,4532.79,1911.88,2620.91,0.11,48,1,subordinated,KZT,annuity,construction,Aktobe,micro,IE,private,6.9,10,1,0,0,59132.79,71545.0,10145.29,7406.6,75008.36,46655.0,11645.62,13287.26,16574.66,24856.79,12832.34,3585.78,5549.5,50151.57,1446.21,11004.71,1928.21,9135.28,3.6357359608613862,2.6002849051692832,0.18215342012224143731,0.12179015779041162878,0.90044542837119490916,7.0150877120196929,0.17156792365115868877,0.12525368750569692382,1.2046385004072125,3.2477229500973289,0.66861307192958224923,-0.17348815430847718219,real_estate,3093.61,0.25000000000000000000,2320.2075,0.61800938062651724038,1.6180984162185911,1.2135738121639433,0,0
F0000312,C000191,2024-05-25,0,term_loan,6984.79,5999.54,985.26,0.149,24,0,senior_unsecured,KZT,amortizing,energy,Karaganda,micro,LLP,private,9.6,6,1,0,0,50311.46,44544.47,1627.63,-2096.86,40766.88,15021.96,2061.19,3643.17,5197.29,38185.76,17120.57,8665.08,18460.32,2581.12,2072.47,1550.84,3010.0,27125.40,0.87742172135623989155,0.66462682025189581889,10.5091588147780808,0.66537836596766787157,16.6655812438944969,0.78535756850521358572,0.03235107866080610660,-0.04167758200616718338,0.05717298178091382984,0.23787316447164942505,0.06331414128331626065,0.12946590227698297903,real_estate,6711.25,0.25000000000000000000,5033.4375,0.89395269137642018998,1.1186274281028212,0.83897057107711591222,0,0
F0000368,C000229,2024-05-25,0,credit_line,112999.05,106321.22,6677.82,0.1017,18,1,senior_unsecured,USD,amortizing,agriculture,Astana,small,LLP,private,12.9,61,1,0,0,633731.72,678926.06,68796.51,52807.74,789096.85,478946.55,22786.51,118407.87,200717.66,458524.48,203594.71,93583.01,200453.34,330572.37,25537.57,72433.86,17457.97,294036.35,2.3524508569009480,1.7708646752167578,0.88947648589021520462,0.37262390541794711258,4.2740009631302518,2.6939332912254377,0.10855778214794108775,0.08332822601967911595,0.24634321572825944819,0.24348981722216457881,0.41892496466054832179,-0.06656739616093098562,guarantee,212789.37,0.30000000000000000000,148952.559,0.49965475249069067689,2.0013819442628668,1.4009673609840068,0,0
F0000513,C000324,2024-05-28,0,credit_line,6532105.06,4419052.58,2113052.48,0.117,36,1,senior_unsecured,KZT,bullet,services,Other,large,IE,state_related,4.0,530,0,1,0,15755298.84,22342174.86,2370633.31,1310061.43,21031924.99,8521461.37,1515181.31,2765259.43,1323276.62,13068933.57,6777133.1,4461179.36,4349153.22,7962991.42,1013123.72,982167.37,635886.39,8810332.58,1.2573843901634454,0.84935648379105908367,1.1064099049349472,0.41890281484880856833,3.7164468004543478,2.3399247922060299,0.15046577878810961354,0.08315052880329878909,0.11147903454060073632,0.33963694075729786394,0.37861448363790498665,-0.29481803187355413975,receivables,9197677.55,0.45000000000000000000,5058722.6525,0.48045308785585769964,2.0813686607005703,1.1447527633853137,0,0
F0000714,C000464,2024-05-28,0,credit_line,32827.54,16363.61,16463.93,0.0964,48,1,senior_secured,KZT,amortizing,construction,Almaty,small,IE,private,15.9,25,1,0,0,298316.11,227464.07,50438.33,35127.03,297410.53,125076.27,11478.46,11605.99,29112.08,80343.59,33547.66,19315.86,22042.92,217066.94,6004.85,41292.61,22830.66,41358.78,3.7283157752284362,3.3823604984669572,0.19053468022352920256,0.13906293095943845700,0.81998710107967492183,8.3995986577516507,0.16907678904769842970,0.11775103262106763192,0.99840009787522746077,0.59425052780461237553,0.72985626971580327031,0.31148673282773846436,inventory,23762.49,0.55000000000000000000,10693.1205,0.68863195734117089581,1.4521545062489267,0.65346952781201703047,0,0
F0000182,C000109,2024-05-29,0,leasing,78767.26,78191.58,575.68,0.1715,48,0,senior_secured,KZT,amortizing,energy,Other,small,LLP,private,14.7,43,1,0,0,797200.34,687906.49,67736.18,31403.39,1359359.62,681888.27,62985.66,158350.16,164100.99,1117162.37,716916.42,253232.84,232687.42,242197.25,32841.1,32778.09,41648.86,485920.26,0.95114053880925199063,0.73026380118340712576,2.0062996586460003,0.35746262640933824414,7.1737180927533853,2.0625429720685361,0.08496757540268986840,0.03939209308415498167,0.06745569736071510992,0.24872627104762557652,0.17817010777471821621,0.15887893425747444249,none,0.0,1.00000000000000000000,0.00,,0.000000000000000000000000,0.000000000000000000000000,0,0
F0000186,C000110,2024-06-02,0,term_loan,194765.03,171406.23,23358.8,0.1341,18,0,senior_unsecured,USD,amortizing,real_estate,Almaty,small,LLP,private,9.1,32,0,0,0,899641.5,850902.1,140772.54,92998.91,951137.93,310946.18,40329.34,28000.56,113892.89,243195.29,125514.27,43583.66,68644.99,707942.64,8080.31,126366.97,68714.01,112228.65,2.4773771141719583,2.2542904484087746,0.15852788581854597711,0.11799408525322925561,0.79723396338518861704,17.4216756535330946,0.15647626304477950384,0.10337329925309137028,1.1259778140430273,0.92533164952186209235,0.74431122728961087694,0.05727968000078975008,equipment,231218.85,0.40000000000000000000,138731.310,0.74131598699673491154,1.3489524272250781,0.80937145633504686498,0,0
F0000053,C000032,2024-06-04,0,leasing,762912.94,713077.97,49834.96,0.1162,24,0,senior_unsecured,KZT,amortizing,construction,Astana,medium,LLP,private,20.5,96,0,0,0,5978550.28,3491484.59,1055426.18,737000.2,7046288.66,3686765.4,253692.0,666223.93,1519299.93,2803346.73,1213667.85,683650.1,1323609.0,4242941.93,231470.06,1022035.88,152981.36,2007259.1,3.0377054150359178,2.4887710999347968,0.47308191653709481713,0.28486756601311306483,1.9018469865888678,4.5596660751718818,0.17653546939810967016,0.12327406569874996518,0.50916988245314219774,0.37108456504284867361,0.60215272673770932342,0.71232326132076670572,equipment,1253760.38,0.40000000000000000000,752256.228,0.56875139889170847782,1.7582374336988703,1.0549424602193222,0,0
F0000522,C000332,2024-06-04,0,term_loan,769371.49,726937.47,42434.02,0.1111,48,0,senior_secured,KZT,bullet,construction,Atyrau,medium,LLP,private,17.1,68,0,0,0,2567748.18,3027129.91,336048.78,238797.98,3883197.89,1510741.28,62750.33,431577.39,203614.42,1943288.59,1138881.86,380791.03,424566.85,1939909.29,98812.73,287278.72,108845.42,805357.88,1.3265127253848788,0.94756438565102793015,0.41515233941686005329,0.20739552884336780478,2.3965505245994346,3.4008652528879629,0.13087295032178739583,0.09299898715145813091,0.35670939235113711186,0.16478941218757175031,0.49956488053200914775,-0.15175487793981065054,guarantee,639293.45,0.30000000000000000000,447505.415,1.1370951321337642,0.87943389408720395167,0.61560372586104276617,0,0
F0000304,C000185,2024-06-06,0,overdraft,27565.89,14174.08,13391.81,0.1587,12,1,senior_secured,USD,annuity,construction,Karaganda,medium,LLP,private,14.1,96,0,0,0,1168609.2,986941.76,7400.31,-98313.58,1116966.26,375386.23,87512.58,58309.3,147438.56,930373.19,402747.03,280667.06,297866.52,186593.07,76328.08,4945.51,20019.31,578533.58,0.93206455178576984168,0.78728558221770127020,3.1005094669378664,0.51795081079709605552,78.1769385336560225,0.09695396504143691286,0.00633257893228976804,-0.08412870615771294630,0.00854835427184710696,0.31180210460037597572,0.16705345244716702544,0.18407108439711781980,receivables,21439.56,0.45000000000000000000,11791.7580,0.66111804533301989406,1.5125891768636836,0.83192404727502596288,0,0
F0000155,C000094,2024-06-07,0,term_loan,42510.34,38844.89,3665.45,0.125,24,0,senior_secured,EUR,annuity,energy,Karaganda,small,LLP,foreign_owned,16.7,28,0,0,0,279845.89,218549.11,12972.65,345.57,218717.32,132238.5,8961.0,8003.84,46596.75,121307.65,55290.73,27477.22,33148.17,97409.68,4621.53,11888.45,19435.27,60625.39,2.3916938698403873,2.2469347031591010,0.62237541484583462342,0.27718605001195149977,4.6733234921161058,2.8070033084281612,0.04635640709248936977,0.00123485822857716438,0.19609688284067121053,0.32612469529304638533,0.44536792970945327969,0.28047142356242036401,receivables,61656.52,0.45000000000000000000,33911.0860,0.63002079909797049850,1.5872491851566577,0.87298705183616171908,0,0
F0000221,C000131,2024-06-07,0,term_loan,244575.64,217211.6,27364.04,0.1173,36,0,senior_secured,EUR,amortizing,services,Karaganda,small,LLP,private,12.4,46,0,0,0,1418072.04,930391.31,189603.47,103316.26,2474596.87,621085.69,84555.77,108159.95,245117.17,1248617.1,617498.83,192275.74,218517.63,1225979.77,51824.22,154622.96,96801.87,410793.37,1.0058086911678845,0.83065054552411054771,0.33507353061788287094,0.16600415808333257934,2.1665920460210987,3.6585880115513557,0.13370510429075239365,0.07285684865488215958,0.37640081679020282143,0.43976307151385817056,0.49542605701267212869,0.52416733127053819967,receivables,262321.94,0.45000000000000000000,144277.0670,0.82803443737874155703,1.2076792399669263,0.66422358198180944296,0,0
F0000024,C000015,2024-06-09,0,trade_finance,937950.54,626668.97,311281.57,0.1201,12,1,senior_secured,KZT,amortizing,energy,Aktobe,medium,LLP,private,8.8,188,0,0,0,4406353.6,3748615.71,523377.98,210090.11,3788897.81,2458276.85,113931.38,563438.96,805268.31,2689837.24,947498.12,565531.86,748926.59,1099060.56,185593.92,269192.93,258958.85,1314458.45,2.5944925885446612,1.9998328756578430,1.1959836407922781,0.34692370074768524834,2.5114897841135770,2.8200168410689316,0.11877802544035503642,0.04767890393544449088,0.20479379169421445006,0.20145881789931340031,0.29007395161180132224,0.17546154124184684698,real_estate,499934.81,0.25000000000000000000,374951.1075,1.2535013715088173,0.79776538161766650102,0.59832403621324987577,0,0
F0000065,C000040,2024-06-12,0,credit_line,172007.15,151472.37,20534.78,0.1089,24,1,senior_secured,KZT,amortizing,trade,Kostanay,small,LLP,private,10.8,33,0,0,0,709236.63,688581.91,85379.57,41956.12,944489.44,306857.3,36012.96,39930.54,119712.96,558023.57,283739.18,210291.04,195354.33,386465.86,23817.75,88016.7,39019.06,405645.37,1.0814766575416197,0.94074692116894113813,1.0496279542001459,0.42948640061025986696,4.7510823725160480,3.5847034249666740,0.12038234686214669990,0.05915673024389617327,0.21697942712867645944,0.17125294544170783501,0.40917965160097501990,0.02999602472856134138,guarantee,252401.08,0.30000000000000000000,176680.756,0.60012568092022427162,1.6663176261122738,1.1664223382785917,0,0
F0000085,C000051,2024-06-13,0,credit_line,445853.93,367924.82,77929.11,0.1273,36,1,subordinated,KZT,amortizing,real_estate,Aktobe,medium,LLP,private,7.8,331,0,0,0,1903950.25,2067399.54,-10793.12,-85393.78,3223599.38,1837817.35,391628.57,234363.1,453557.1,3029056.08,810806.61,505445.24,1095988.39,194543.29,129853.16,-5876.52,56807.3,1601433.63,2.2666531418632613,1.9776038209653964,8.2317597795328741,0.49678432125768680350,-148.3754122996872081,-0.08311788484777728936,-0.00566880358349699526,-0.04485084628655606941,-0.00366953702602086607,0.77481898929347915117,0.06034971070133410933,-0.07906033006082607525,real_estate,191381.34,0.25000000000000000000,143536.0050,1.9224696618803066,0.52016425529541605810,0.39012319147156204357,0,0
F0000601,C000385,2024-06-14,0,credit_line,1754563.33,1136645.6,617917.73,0.1347,36,1,senior_secured,KZT,annuity,real_estate,Karaganda,large,IE,private,25.2,346,0,0,0,15678884.08,17418343.17,1887431.95,643865.3,12112977.29,5428180.58,1269537.04,709348.04,2134722.1,8859842.16,5266948.44,1194080.69,2276331.03,3253135.13,245537.24,686178.54,912931.31,3470411.72,1.0306120596844119,0.89593292847955048521,1.0667899061420175,0.28650360988169573296,1.8386950162627055,7.6869478128857358,0.12038050287058439685,0.04106576059333936985,0.19772251691220083823,1.0631920025438147,0.26856610493983680209,-0.09986363645630251985,real_estate,2542305.44,0.25000000000000000000,1906729.0800,0.44709246265861744763,2.2366738058019140,1.6775053543514355,0,0
F0000627,C000400,2024-06-17,0,term_loan,448126.87,396763.4,51363.47,0.1148,24,0,senior_secured,KZT,bullet,transport,Shymkent,medium,JSC,private,18.6,102,0,0,0,2817042.09,2576147.11,451389.43,288150.4,4094690.2,1073736.24,160153.92,81215.56,393610.1,2336024.06,1152642.81,370813.01,869571.29,1758666.14,103181.0,351231.12,46318.04,1240384.30,0.93154291224008936472,0.86108261066583150768,0.70529833479366356596,0.30292506622356924585,2.7479250012566754,4.3747340111066960,0.16023524518939651342,0.10228828352365867561,0.28316314548644319345,0.43189940935459626942,0.42949919385842670100,0.09350979183793583900,equipment,436898.12,0.40000000000000000000,262138.872,0.90813711901529812030,1.1011552980945319,0.66069317885671914295,0,0
F0000518,C000329,2024-06-18,0,credit_line,131339.12,75037.54,56301.58,0.1047,24,1,senior_secured,USD,annuity,real_estate,Atyrau,small,IE,private,22.6,28,1,0,0,302063.39,390908.24,66184.01,64699.53,505928.22,291445.57,69842.16,90910.28,120932.82,132369.08,41458.99,9294.46,63235.57,373559.13,11074.29,72497.14,21042.94,72530.03,7.0297315491766683,4.8369555071167918,0.19415943601753221772,0.14336031700307209588,1.0958844893200034,5.9763659792185323,0.21910636042322109939,0.21419189528396671970,0.99954653265688708525,7.5143859890730607,0.73836389280677009873,-0.22727801798191821180,none,0.0,1.00000000000000000000,0.00,,0.000000000000000000000000,0.000000000000000000000000,0,0
F0000005,C000003,2024-06-20,0,term_loan,11002.46,10258.17,744.29,0.1193,48,0,senior_unsecured,USD,bullet,energy,Aktobe,micro,LLP,state_related,10.3,5,1,1,0,90705.86,82273.62,10208.59,7294.67,160642.84,82146.63,14679.19,17118.86,17825.47,97528.65,47167.33,10599.34,40022.22,63114.19,4874.87,6748.55,2984.4,50621.56,1.7416001711354024,1.3786612470962423,0.80206305428303841022,0.31511868191573306348,4.9587220174382554,2.0941255869387286,0.11254609128892003229,0.08042115470819636129,0.13331375010963707954,1.38491547586925223646,0.39288517309579437216,0.10249020281348991329,equipment,12545.83,0.40000000000000000000,7527.498,0.81765574696931171553,1.22300858730163372219,0.73380515238098023332,0,0
F0000610,C000391,2024-06-20,0,overdraft,91164.01,39624.18,51539.84,0.1599,36,1,senior_unsecured,KZT,amortizing,trade,Shymkent,small,JSC,state_related,8.1,23,0,1,0,530283.8,528194.12,31099.05,-6753.95,587635.74,267627.26,40121.62,58215.27,92554.95,387017.62,172451.61,42377.25,94514.6,200618.12,9694.56,24849.13,27801.1,136891.85,1.5518977178583604,1.2143231947791035,0.68235037792199428446,0.23295358107388090452,4.4018016627517561,3.2078866910927365,0.05864604953045897310,-0.01273648186122223609,0.18152380875851995572,0.94677261974290450655,0.34139877196713732899,0.00395627274305893447,equipment,94074.16,0.40000000000000000000,56444.496,0.42120152866632027328,2.3741604242661930,1.4244962545597158,0,0
F0000542,C000342,2024-06-21,0,working_capital,62577.77,52742.45,9835.32,0.1052,24,0,senior_unsecured,EUR,amortizing,services,Astana,small,LLP,state_related,19.0,39,0,1,0,706829.38,638451.89,111280.56,90439.02,1214124.16,552732.0,75929.97,45081.86,97077.34,685423.95,206269.24,148165.11,209020.51,528700.21,21314.13,58581.87,9488.34,357185.62,2.6796627553386050,2.4611044283675065,0.67559197678396987964,0.29419200421808589988,3.2097755439045238,5.2209759441272058,0.15743624012912423080,0.12795028412655965150,0.16400959814675629999,0.51246862368610261890,0.43545810833712426907,0.10709889197759286138,equipment,130960.53,0.40000000000000000000,78576.318,0.40273546541083790666,2.4830194653452769,1.4898116792071661,0,0
F0000206,C000122,2024-06-24,1,term_loan,12259.28,11486.18,773.1,0.1257,12,0,senior_secured,KZT,amortizing,agriculture,Almaty,micro,IE,private,10.0,5,1,0,0,60047.72,69837.03,6032.99,3665.62,90858.19,38058.11,2668.26,6317.96,15408.47,61121.19,16811.98,12231.09,31388.91,29737.01,4776.14,5863.05,2328.73,43620.00,2.2637494215434470,1.8879483558747988,1.4668589747254347,0.48008880652366066284,7.2302456990646429,1.2631518339077163,0.10046992625198758587,0.06104511545151089833,0.13441196698762035763,0.21815390124674088736,0.32729036314722976542,-0.14017362994961269115,receivables,8856.77,0.45000000000000000000,4871.2235,1.2968813687156830,0.77108055071398846266,0.42409430289269365446,0,0
F0000502,C000318,2024-06-26,0,credit_line,109576.73,47118.71,62458.02,0.1022,18,1,senior_secured,KZT,annuity,trade,Aktobe,small,LLP,foreign_owned,8.6,30,1,0,0,886729.52,853308.96,156970.53,113233.84,1306738.94,423881.14,43874.71,108334.07,115731.36,492860.75,288255.46,134879.31,143247.98,813878.19,33592.41,65779.91,35284.24,278127.29,1.4705051553923731,1.0946785535302610,0.34173085532615144780,0.21284074537489485084,1.7718439888047776,4.6727975158674236,0.17702188374195549506,0.12769828616960896937,0.23651008860007948159,0.32528865991381480229,0.62283151216110541559,0.03916583742423142961,real_estate,60259.34,0.25000000000000000000,45194.5050,0.78193206231598288332,1.2788834838644776,0.95916261289835821057,0,0
F0000760,C000497,2024-06-26,0,credit_line,541574.99,368654.6,172920.39,0.119,24,1,senior_secured,KZT,bullet,transport,Aktobe,small,LLP,private,23.1,45,0,0,0,851429.47,597365.47,159962.51,155461.47,870848.27,421976.81,30653.98,77825.22,107606.82,350484.05,141909.84,63905.56,172218.29,520364.22,16491.61,166678.83,40611.41,236123.85,2.9735556745043191,2.4251425412078542,0.45376649839606574026,0.27114235410951668997,1.4761199358524694,9.6996296904911043,0.18787523293033303158,0.18258878213365107036,0.70589578308163279567,0.47967625978083910070,0.59753718061586090077,0.42530747550574022968,real_estate,467869.88,0.25000000000000000000,350902.4100,0.78794257924874326169,1.2691280130506984,0.95184600978802380331,0,0
F0000173,C000106,2024-06-29,0,term_loan,208127.83,199339.69,8788.14,0.1134,12,0,senior_secured,USD,annuity,transport,Astana,small,LLP,foreign_owned,7.1,29,0,0,0,1143711.36,661343.26,134512.11,123660.58,1907712.44,1087494.43,139357.08,104247.38,168075.93,1419672.21,487631.66,331961.9,561067.1,488040.23,90009.12,109578.06,28653.1,893029.0,2.2301555030286590,2.0163724603115392,1.8298266108103424,0.46811510019822484357,6.6390230589647282,1.4944275646734464,0.11761018968981824225,0.10812219264832693452,0.12270380917081080234,0.41979841662552238676,0.25582484014204992027,0.72937629998678749671,real_estate,246606.3,0.25000000000000000000,184954.725,0.80833170117713943237,1.2371158999996438,0.92783692499973286805,0,0
F0000162,C000100,2024-07-01,0,working_capital,2203341.32,1823282.41,380058.91,0.1412,36,0,senior_secured,KZT,annuity,services,Karaganda,large,LLP,private,22.6,588,1,0,0,15454983.46,12237260.51,3139432.41,2766546.66,17583344.05,11272152.02,705412.3,3255075.75,1172856.71,7691499.85,2394832.58,1267761.95,4125584.63,9891844.2,289270.27,1484416.4,525202.48,5393346.58,4.7068643186740010,3.3476562566223314,0.54523165457862751215,0.30673042423918219356,1.7179368355950686,10.8529383610697359,0.20313398704860212125,0.17900676938026305723,0.27523104217048109673,0.55642330959688449397,0.56256899551482074310,0.26294471277869363590,none,0.0,1.00000000000000000000,0.00,,0.000000000000000000000000,0.000000000000000000000000,0,0
F0000479,C000302,2024-07-04,0,working_capital,49276.08,40230.19,9045.89,0.1292,24,0,senior_unsecured,KZT,amortizing,manufacturing,Karaganda,micro,LLP,private,6.2,13,0,0,0,179261.36,205960.88,17151.84,11780.39,230789.02,144907.13,31284.88,24359.87,43443.63,94237.52,42810.91,9929.39,37415.78,136551.5,6175.69,12231.64,13105.82,47345.17,3.3848177952769516,2.8158069987299966,0.34672024840444813861,0.20514481148193271933,2.7603551572309443,2.7773155712155241,0.09568063078401279562,0.06571628152324628130,0.25835032380282930656,3.1507353422516388,0.59167242878365703880,-0.12963393825079791852,real_estate,42761.03,0.25000000000000000000,32070.7725,0.94081433492130568417,1.06290897457854412321,0.79718173093390809241,0,0
F0000530,C000335,2024-07-04,0,credit_line,1848931.63,714538.96,1134392.67,0.1449,12,1,senior_secured,KZT,bullet,real_estate,Aktobe,large,LLP,private,15.0,691,1,0,0,14261226.3,13531748.32,2816130.95,2153614.5,14512221.6,8613929.23,712449.33,2547910.88,3452202.99,4181659.62,2257285.9,847010.86,597830.86,10330561.98,185028.84,2266449.24,603185.05,1444841.72,3.8160559236204860,2.6873061804000991,0.13986090232043697588,0.09956034023074730336,0.51305913881597018775,15.2199567916007040,0.19746765746224782928,0.15101187336183004122,1.5686488067357302,0.84113364260760481867,0.71185255192078930217,0.05390862752907009432,real_estate,1094806.1,0.25000000000000000000,821104.575,0.65266256737151902972,1.5321853128904266,1.1491389846678199,0,0
F0000367,C000228,2024-07-09,0,leasing,321577.98,261824.81,59753.18,0.1167,60,0,senior_secured,USD,amortizing,trade,Other,small,IE,foreign_owned,12.1,69,0,0,0,576885.28,653919.46,89121.4,49522.59,955211.45,546467.21,33524.33,41718.7,148930.31,455093.68,263667.77,123238.22,155365.99,500117.77,17246.12,96033.46,36745.92,278604.21,2.0725597595792614,1.9143352636539536,0.55707720603489054188,0.29166757789597266658,3.1261202135514029,5.1676203111192546,0.15448721451169632895,0.08584478009215281069,0.34469493479657037487,0.27202867746710395525,0.52356760380123165400,-0.11780377357174842296,inventory,623623.42,0.55000000000000000000,280630.5390,0.41984441507985700729,2.3818347084831266,1.0718256188174070,0,0
F0000546,C000345,2024-07-10,0,overdraft,61283.59,47003.31,14280.28,0.0916,24,1,senior_secured,KZT,amortizing,trade,Astana,small,IE,foreign_owned,4.3,23,0,0,0,290794.78,361893.34,37648.54,21379.5,287890.45,87092.1,20593.26,10388.65,36480.7,191402.99,49239.01,15920.02,84683.35,96487.46,8889.07,38807.76,14003.49,100603.37,1.7687622070386874,1.5577780706801376,1.0426574603580610,0.34945018148396377858,2.6721718823625033,4.2353744542454947,0.12946772978524580118,0.07352092083633688335,0.38575009962389927892,1.2935448573557068,0.33515338907560150050,-0.19646274783614420757,real_estate,50523.19,0.25000000000000000000,37892.3925,0.93033139831431863269,1.0748857899581966,0.80616434246864742079,0,0
F0000553,C000351,2024-07-13,0,leasing,2588.48,2251.0,337.48,0.137,36,0,senior_unsecured,USD,bullet,energy,Almaty,micro,IE,private,13.2,6,0,0,0,68248.09,59779.15,9000.27,6761.79,77159.6,32297.1,3369.99,6652.36,11549.68,43813.91,17114.56,10356.91,16565.46,33345.69,3625.0,3918.87,2616.17,26922.37,1.8871124936895836,1.4984165529233588,0.80737180727104462376,0.34891795706561464808,2.9912847059032673,2.4828331034482759,0.13187577850164011916,0.09907661884750181287,0.14556185060973458132,0.32538566039484749795,0.43216514860108139493,0.14167046537128748067,inventory,4652.75,0.55000000000000000000,2093.7375,0.48379990328300467465,2.0669702354509107,0.93013660595290981786,0,0
F0000671,C000430,2024-07-13,0,working_capital,32316.93,30137.57,2179.35,0.1303,18,0,senior_unsecured,USD,amortizing,transport,Kostanay,micro,LLP,foreign_owned,8.8,8,0,0,0,250409.82,300225.52,41136.89,29011.2,257402.97,140651.44,18394.07,47519.25,16044.2,155577.88,48523.3,31490.48,62922.96,101825.09,11159.84,32846.26,3890.02,94413.44,2.8986371495755647,1.9193292706802711,0.92721194746795706245,0.36679234897716992154,2.2951039808794491,3.6861541025677787,0.16427826193078210751,0.11585488141000221157,0.34789813823116708808,0.58411526277147887234,0.39558630578349581592,-0.16592760002547418354,none,0.0,1.00000000000000000000,0.00,,0.000000000000000000000000,0.000000000000000000000000,0,0
F0000273,C000167,2024-07-17,0,credit_line,25204.43,15140.11,10064.32,0.0948,12,1,senior_secured,KZT,annuity,transport,Almaty,micro,LLP,private,18.3,6,0,0,0,75003.24,67860.02,10593.98,5493.92,103950.54,60544.34,2695.38,16930.54,16330.82,49835.23,19599.3,10612.59,9716.98,54115.31,1118.43,10055.03,1403.5,20329.57,3.0891072640349400,2.2252733515992918,0.37567132111042143157,0.19556964302446144099,1.9189737945512451,9.4721886930786907,0.14124696479778740225,0.07324910230544707135,0.49460121389680155557,0.25397947155218471645,0.52058709844123945869,0.10526404206777422111,equipment,26508.39,0.40000000000000000000,15905.034,0.57114407928961359026,1.7508716911568014,1.05052301469408082240,0,0
F0000010,C000006,2024-07-18,0,credit_line,7102.97,5872.9,1230.07,0.1234,60,1,senior_secured,KZT,annuity,agriculture,Other,micro,IE,private,5.4,7,0,0,0,26087.25,45646.51,2511.19,871.79,43359.59,27214.47,1354.68,7566.21,9742.87,34900.56,15050.27,10100.48,14632.76,8459.03,2519.79,1339.52,1588.48,24733.24,1.8082379917436697,1.30550880482542838102,2.9238860720437213,0.57042144540573377193,9.8492109318689546,0.99658701717206592613,0.09626120039482889151,0.03341824071145866276,0.05415869493847146593,0.13412035863642123939,0.19509017497628552300,-0.42849409516740710297,none,0.0,1.00000000000000000000,0.00,,0.00000000000000000000,0.00000000000000000000,0,0
F0000586,C000374,2024-07-18,0,term_loan,4930.28,4340.96,589.32,0.1462,36,0,senior_secured,KZT,annuity,trade,Karaganda,micro,LLP,private,17.0,9,0,0,0,42505.38,70842.46,2137.94,525.92,60859.7,25983.43,6128.1,3362.65,6767.12,44237.52,23952.81,14293.12,15085.03,16622.17,3837.47,1501.51,887.92,29378.15,1.08477585719587806191,0.94438940566889646768,1.7674076248768963,0.48271927071608962910,13.7413351169817675,0.55712227066270224914,0.05029810344008217313,0.01237302195627941686,0.05110975333708895897,0.42874473872744369319,0.27312277254077821613,-0.40000135511951448326,none,0.0,1.00000000000000000000,0.00,,0.00000000000000000000,0.00000000000000000000,0,0
F0000571,C000363,2024-07-20,0,credit_line,77554.74,38289.27,39265.47,0.1362,36,1,senior_secured,KZT,annuity,trade,Shymkent,small,JSC,private,20.6,50,0,0,0,301187.16,337069.51,55086.65,39926.85,307068.06,157165.6,14816.05,49512.14,29455.52,159018.97,73311.86,23192.27,54314.16,148049.08,12015.1,58289.01,9159.58,77506.43,2.1437950148857224,1.4684317107764010,0.52351848454580062233,0.25240798408014171191,1.4069911675514848,4.5847849789015489,0.18289840111377921954,0.13256491412183706636,0.75205386185378426022,0.63883569827360581780,0.48213767332232469896,-0.10645385873080006554,none,0.0,1.00000000000000000000,0.00,,0.000000000000000000000000,0.000000000000000000000000,0,0
F0000624,C000398,2024-07-20,0,leasing,571524.72,507039.33,64485.38,0.13,60,0,senior_secured,USD,annuity,trade,Atyrau,medium,JSC,foreign_owned,21.3,181,0,0,0,4104149.35,4177242.21,547164.63,343142.07,4690008.82,2126315.88,143162.26,419079.8,298015.5,3032670.47,1276625.39,805364.3,967732.19,1657338.36,211646.54,215716.53,245023.02,1773096.49,1.6655754277298214,1.3373038742398818,1.0698458038465965,0.37805824211648284278,3.2405173740853827,2.5852755731324500,0.13331986322573763062,0.08360857287028309533,0.12166090859499699309,0.17776087169495841820,0.35337638448193792523,-0.01749787451276376909,none,0.0,1.00000000000000000000,0.00,,0.000000000000000000000000,0.000000000000000000000000,0,0
F0000456,C000285,2024-07-21,0,credit_line,98951.7,54919.59,44032.11,0.1538,36,1,senior_secured,KZT,bullet,agriculture,Karaganda,small,LLP,private,15.4,35,0,0,0,390534.48,654339.16,3199.75,-26196.11,399185.92,213641.86,36802.68,34626.28,22988.53,330203.4,125459.3,48049.38,178550.38,68982.52,15431.8,1768.01,26660.98,226599.76,1.7028778257171848,1.4268817058599881,3.2848866640418471,0.56765469082677064361,70.8179576529416361,0.20734781425368395132,0.00819325863365508725,-0.06707758556939709907,0.00780234718695200736,0.76593454483699893734,0.17280799883923761640,-0.40316199323910248624,real_estate,30547.61,0.25000000000000000000,22910.7075,1.7978359027105558,0.55622429082227307232,0.41716821811670480424,0,0
F0000507,C000321,2024-07-23,0,term_loan,263749.83,253624.05,10125.78,0.1222,60,0,subordinated,KZT,amortizing,trade,Almaty,medium,LLP,state_related,18.3,127,1,1,0,1898207.5,1325641.65,380636.11,346037.0,1983822.44,679110.62,35598.81,136437.83,157149.92,560649.29,322352.4,207774.29,141552.01,1423173.15,49701.81,270538.69,41424.95,349326.30,2.1067335623994113,1.6834768098515786,0.24545593766998766102,0.17608748291001285377,0.91774345844381396184,7.6583953381174649,0.20052397327478687130,0.18229671940501762847,0.77445840751183062941,0.17133404715280220666,0.71738937986808940421,0.43191600837224750746,equipment,502152.96,0.40000000000000000000,301291.776,0.50507329479846140905,1.9799106591035038,1.1879463954621023,0,0
F0000743,C000484,2024-07-23,0,credit_line,104303.47,94586.03,9717.43,0.1391,36,1,senior_secured,KZT,annuity,services,Almaty,small,LLP,foreign_owned,6.9,45,0,0,0,912305.63,953393.08,74734.94,36904.01,1238572.63,375051.96,88735.75,85075.11,79216.34,666443.68,167287.61,59942.79,219879.01,572128.95,24646.56,30938.75,70940.23,279821.80,2.2419589830950421,1.7334030296684853,0.48908869233063630148,0.22592280276692372897,3.7441897993093993,3.0322665718867055,0.08191875347738454711,0.04045136715861328182,0.11056590301398961768,1.4803406714969390,0.46192603981568686852,-0.04309602289120873418,receivables,72244.77,0.45000000000000000000,39734.6235,1.3092439771072702,0.76379958012827052790,0.42008976907054879034,0,0
F0000106,C000067,2024-07-26,1,overdraft,244706.01,153463.86,91242.15,0.1247,36,1,senior_secured,KZT,bullet,construction,Other,medium,LLP,private,4.3,204,0,0,0,1730573.44,1376906.08,198453.7,176023.54,2517417.06,942106.32,232170.95,230451.02,293958.74,1252850.21,453190.39,202048.46,542469.57,1264566.85,79219.7,183028.83,49113.22,744518.03,2.0788311949862838,1.5703230158962550,0.58875339805088200754,0.29574679612284823398,3.7515956114700809,2.5051054220099293,0.11467511023398117100,0.10171399602665807699,0.24583532248372816438,1.1490854718714510,0.50232711539660416856,0.25685656061595719005,none,0.0,1.00000000000000000000,0.00,,0.000000000000000000000000,0.000000000000000000000000,0,0
F0000345,C000216,2024-07-26,0,credit_line,42259.35,26784.17,15475.18,0.1387,12,1,senior_secured,KZT,amortizing,real_estate,Almaty,small,LLP,private,19.5,29,0,0,0,365560.31,266763.96,34671.92,11888.81,617571.92,290970.67,26691.16,22261.45,40006.03,416216.01,145727.01,101841.74,100641.04,201355.91,32039.43,33805.53,6629.81,202482.78,1.9966831817931350,1.8439218645877659,1.00559640886627067465,0.32786914923204409941,5.8399644438496628,1.08216407095881543461,0.09484596399428592234,0.03252215756136107883,0.16695508625474225512,0.26208468158536961368,0.32604447106338643117,0.37035118986837652283,real_estate,44927.35,0.25000000000000000000,33695.5125,0.59616625507625088059,1.6773844401375887,1.2580383301031915,0,0
F0000638,C000408,2024-07-28,0,overdraft,13989.94,5902.3,8087.64,0.1376,12,1,senior_secured,USD,amortizing,construction,Kostanay,micro,IE,private,22.5,5,0,0,0,136434.86,114142.01,14525.16,8278.38,167043.42,47847.78,11148.06,6455.72,11197.14,138810.13,52955.18,28046.56,58056.78,28233.29,9974.37,5830.02,10623.86,86103.34,0.90355240035063614173,0.78164326889267489979,3.0497097575238309,0.51545484401600494051,5.9278754932820017,1.4562483645583631,0.10646223406539941478,0.06067642829699095964,0.06770956852544860629,0.39748404082354484828,0.16901767217170242324,0.19530802024600758301,none,0.0,1.00000000000000000000,0.00,,0.00000000000000000000,0.00000000000000000000,0,0
F0000051,C000032,2024-08-01,0,term_loan,1746496.5,1517508.66,228987.85,0.1238,60,0,senior_secured,USD,bullet,construction,Astana,medium,LLP,private,20.5,96,0,0,0,5978550.28,3491484.59,1055426.18,737000.2,7046288.66,3686765.4,253692.0,666223.93,1519299.93,2803346.73,1213667.85,683650.1,1323609.0,4242941.93,231470.06,1022035.88,152981.36,2007259.1,3.0377054150359178,2.4887710999347968,0.47308191653709481713,0.28486756601311306483,1.9018469865888678,4.5596660751718818,0.17653546939810967016,0.12327406569874996518,0.50916988245314219774,0.37108456504284867361,0.60215272673770932342,0.71232326132076670572,receivables,2056532.84,0.45000000000000000000,1131093.0620,0.73789663383153171529,1.3552033633864073,0.74536184986252401354,0,0
F0000241,C000145,2024-08-04,0,working_capital,1050563.16,1032154.77,18408.39,0.1469,18,0,senior_unsecured,USD,annuity,real_estate,Shymkent,medium,IE,private,2.2,197,0,0,0,2538031.01,2200047.71,140521.82,31772.1,2058610.83,990070.93,94836.15,299848.85,335602.73,1597586.32,760882.19,249195.82,258725.88,461024.51,60000.99,70778.84,185211.56,507921.70,1.3012144889342199,0.90713396774341636253,1.1017238541178646,0.24673031570517871996,3.6145397205928588,2.3419916904704406,0.05536647087696536852,0.01251840496621828115,0.13934990373516232915,0.38056878321634768994,0.22394932703234637117,0.15362544115009214959,inventory,1648311.66,0.55000000000000000000,741740.2470,0.62618908489672396056,1.5969617230950742,0.71863277539278339042,0,0
F0000606,C000388,2024-08-04,0,term_loan,328087.62,313068.52,15019.1,0.1139,36,0,senior_secured,USD,annuity,construction,Shymkent,small,IE,private,6.1,26,0,0,0,759075.69,703454.48,95099.7,36327.08,555413.15,287221.34,56017.96,39602.8,82354.37,306399.43,96313.29,42573.82,143316.85,249013.72,27405.15,63160.13,44750.05,185890.67,2.9821568757541145,2.5709695930852326,0.74650774262558705601,0.33468899683055757682,1.9546924964011453,3.4701397365093787,0.12528355373888999133,0.04785699302265891297,0.33977030692288106767,1.3157842072898321,0.44833961889451123006,0.07906866980220241116,none,0.0,1.00000000000000000000,0.00,,0.000000000000000000000000,0.000000000000000000000000,0,0
F0000317,C000196,2024-08-06,0,overdraft,8107.49,3656.48,4451.01,0.1363,36,1,senior_secured,KZT,amortizing,manufacturing,Atyrau,micro,LLP,foreign_owned,23.9,12,1,0,0,107242.39,130207.7,5630.87,1545.49,159396.63,88516.85,14113.12,27955.95,38424.92,130888.1,68275.58,22561.39,34118.19,28508.53,6719.19,4978.84,7379.71,56679.58,1.2964642702412781,0.88700674531069527348,1.9881621395420949,0.35558832078193873986,10.0658654879263773,0.83802809564843381419,0.05250600998355221289,0.01441118572609207982,0.08784186474211700228,0.62554301840445114419,0.17885277750225961490,-0.17637443868526976515,none,0.0,1.00000000000000000000,0.00,,0.00000000000000000000,0.00000000000000000000,0,0
F0000403,C000251,2024-08-06,0,term_loan,11185.18,9112.74,2072.44,0.124,24,0,senior_secured,USD,amortizing,energy,Astana,micro,LLP,state_related,21.7,7,1,1,0,84252.12,69510.29,14570.84,10779.17,71109.54,20323.26,2322.41,4189.24,6125.95,28949.08,10394.6,7689.67,8601.8,42160.46,1061.74,9028.01,2634.65,16291.47,1.9551748023011949,1.55215400304004002078,0.38641585030144358007,0.22910385863837679164,1.11808722077793730492,13.7235481379622130,0.17294330397858237870,0.12793945125653811441,0.55415564095812102898,0.30201686158183641171,0.59289456801436206731,0.21208126163766544493,none,0.0,1.00000000000000000000,0.00,,0.00000000000000000000,0.00000000000000000000,0,0
F0000100,C000063,2024-08-08,0,trade_finance,3190575.24,1362812.76,1827762.48,0.1359,24,1,subordinated,KZT,annuity,agriculture,Astana,large,LLP,private,17.2,688,0,0,0,8056659.77,8088281.27,381392.74,-106166.53,6430140.69,3102195.18,723197.44,887254.84,1218158.86,4425368.02,2233117.71,1668602.3,701452.01,2004772.68,336150.41,378630.7,597554.62,2370054.31,1.3891767398145797,0.99186009321470116324,1.1822060095112629,0.36858514055312217438,6.2142092951218736,1.1345895428180498,0.04733881669177150818,-0.01317748707663250375,0.15975612812011890141,0.43341510436609130888,0.31177742084520393286,-0.00390954504973588783,equipment,2069164.07,0.40000000000000000000,1241498.442,0.65862962718079673595,1.5183040038456934,0.91098240230741602390,0,0
F0000089,C000055,2024-08-09,0,credit_line,4372.97,2435.13,1937.84,0.1389,18,1,senior_secured,KZT,amortizing,energy,Almaty,micro,JSC,private,14.1,6,1,0,0,34570.11,29546.37,4243.2,2627.79,40187.95,22884.81,5420.99,2326.27,8408.97,15500.98,5868.63,2505.99,7881.5,24686.97,544.58,2866.04,1991.35,10387.49,3.8995148782594916,3.5031242385360808,0.42076812180676688958,0.25847275116048467264,2.4480321455505279,7.7916926805978920,0.12274187151848808118,0.07601335373245847352,0.27591266032506409152,2.1632129417914676,0.61428786489482543897,0.17002900863963999639,receivables,5604.7,0.45000000000000000000,3082.585,0.43447999000838581904,2.3016019678620854,1.2658810823241470,0,0
F0000306,C000186,2024-08-11,0,leasing,12456.36,10420.04,2036.31,0.1366,48,0,senior_unsecured,KZT,amortizing,real_estate,Shymkent,micro,IE,private,15.3,4,0,0,0,31389.81,36022.91,2504.29,1812.62,36384.1,15527.61,3111.45,4734.65,4330.66,31678.28,10950.0,7821.45,13281.7,4705.82,2725.61,1091.02,1713.4,21103.15,1.41804657534246575342,0.98565844748858447489,4.4844787943440251,0.58001022424630539164,8.4267996118660379,0.91879982829531737850,0.07978034910055205814,0.05774549129160068188,0.05169939084923340828,0.39780986901405749573,0.12933726545386583700,-0.12861537282801417209,none,0.0,1.00000000000000000000,0.00,,0.000000000000000000000000,0.000000000000000000000000,0,0
F0000417,C000260,2024-08-12,0,leasing,83689.16,80423.39,3265.76,0.1311,24,0,senior_unsecured,EUR,annuity,services,Kostanay,small,LLP,private,11.9,41,0,0,0,677403.33,524131.91,57238.72,9989.6,591052.07,200060.11,16616.84,63310.29,21405.44,460293.74,122700.45,80339.24,187515.63,130758.33,15667.53,54334.08,18933.95,267854.87,1.6304757643513125,1.1145013730593490,2.0484727053335722,0.45318320262375529790,4.6796097117475723,3.6533339971265413,0.08449725217618874120,0.01474690122943446410,0.20284895324098456750,0.20683342287031841476,0.22122979790934494147,0.29242909480554236814,none,0.0,1.00000000000000000000,0.00,,0.000000000000000000000000,0.000000000000000000000000,0,0
F0000183,C000110,2024-08-13,0,working_capital,302571.68,257576.41,44995.27,0.1423,24,0,senior_secured,KZT,bullet,real_estate,Almaty,small,LLP,private,9.1,32,0,0,0,899641.5,850902.1,140772.54,92998.91,951137.93,310946.18,40329.34,28000.56,113892.89,243195.29,125514.27,43583.66,68644.99,707942.64,8080.31,126366.97,68714.01,112228.65,2.4773771141719583,2.2542904484087746,0.15852788581854597711,0.11799408525322925561,0.79723396338518861704,17.4216756535330946,0.15647626304477950384,0.10337329925309137028,1.1259778140430273,0.92533164952186209235,0.74431122728961087694,0.05727968000078975008,none,0.0,1.00000000000000000000,0.00,,0.000000000000000000000000,0.000000000000000000000000,0,0
F0000573,C000364,2024-08-20,0,credit_line,5179725.24,4036274.83,1143450.4,0.1317,36,1,senior_secured,EUR,amortizing,real_estate,Astana,large,LLP,private,4.6,433,0,0,0,26390051.27,20481626.79,1650025.55,537054.48,24705391.66,10643002.52,500258.66,3079639.75,3400305.78,16365699.88,8030659.07,3536333.43,6632697.51,8339691.78,1608834.76,731605.38,1169276.21,10169030.94,1.3252962711066752,0.94181096521135219852,1.2193533296262899,0.41161180846464670053,6.1629536221423965,1.0256028717330797,0.06252452991160861811,0.02035064178183387061,0.07194445412907751464,0.14146252606050216255,0.33756565752012044807,0.28847437464707362730,none,0.0,1.00000000000000000000,0.00,,0.000000000000000000000000,0.000000000000000000000000,0,0
F0000420,C000262,2024-08-22,0,term_loan,109971.55,101473.22,8498.33,0.103,36,0,senior_secured,USD,amortizing,transport,Other,small,LLP,private,21.9,53,0,0,0,275248.65,350782.56,12050.55,-8109.17,255920.44,95359.51,19576.93,10103.76,16083.96,116614.06,43965.57,24425.64,60596.12,139306.38,5547.9,9159.21,4455.74,85021.76,2.1689588011710072,1.9391480651791845,0.61032208287947759464,0.33221949759073562080,7.0554256859645410,2.1720921429730168,0.04378059619910942342,-0.02946125258016705986,0.10772783343934540993,0.80149097423854605243,0.54433471589842530749,-0.21532971878647558761,receivables,173188.86,0.45000000000000000000,95253.8730,0.58591077971181287295,1.7067444986963063,0.93870947428296845217,0,0
F0000066,C000041,2024-08-25,0,credit_line,28473.52,23746.06,4727.46,0.1225,36,1,senior_unsecured,USD,annuity,services,Atyrau,micro,LLP,private,22.0,15,0,0,0,137514.54,126108.53,3733.21,-4800.77,124124.54,35572.62,2688.67,10140.3,14934.84,98584.16,36405.78,24107.46,38658.87,25540.38,8819.12,2841.99,2779.52,62766.33,0.97711462300766526634,0.69857918165741813525,2.4575331298907847,0.50567220631794486409,16.8129652497448576,0.42330867478841426355,0.02714774743092621333,-0.03491099922960873810,0.04527889395476842441,0.11152854759481090086,0.20576414623570810413,0.09044598331294481032,equipment,17227.54,0.40000000000000000000,10336.524,1.3783778763537917,0.72549046031215283714,0.43529427618729170229,0,0
F0000247,C000148,2024-08-25,0,term_loan,35406.61,31928.86,3477.75,0.1179,18,0,senior_secured,KZT,annuity,transport,Kostanay,micro,IE,private,20.4,8,0,0,0,107857.88,88990.72,15326.12,15071.77,105018.89,28599.03,6924.56,1951.03,11898.18,28304.11,17477.68,8926.28,8581.09,76714.78,2264.44,11400.09,3821.69,17507.37,1.6363172915398382,1.5246874871264378,0.22821378096893453908,0.16670686578386040835,1.14232238818435455288,6.7681722633410468,0.14209550567839827744,0.13973730987480933243,0.65115948312053723660,0.77574980843083568967,0.73048553455478342991,0.21201266828721017203,none,0.0,1.00000000000000000000,0.00,,0.000000000000000000000000,0.000000000000000000000000,0,0
F0000167,C000103,2024-08-27,0,term_loan,1614803.91,1597343.17,17460.74,0.0998,18,0,senior_secured,KZT,amortizing,services,Other,medium,LLP,private,6.7,235,0,0,0,3501878.82,2610868.21,583382.2,562135.29,3095060.8,1555570.69,162410.57,256007.96,547172.62,1440359.81,557582.23,231523.63,643941.74,1654700.99,62958.82,618711.68,279601.69,875465.37,2.7898498307594917,2.3307104496497315,0.52907768550981528089,0.28285886015550970760,1.5006720637002637,9.2660917088344413,0.16659120146253376066,0.16052391270352410424,0.70672319111834200821,0.70148593471862893649,0.53462632785759814476,0.34126985291226170317,receivables,2468234.99,0.45000000000000000000,1357529.2445,0.64716008664961029501,1.5452127234500273,0.84986699789751503429,0,0
F0000525,C000333,2024-08-29,0,term_loan,545028.03,452810.43,92217.59,0.0996,36,0,senior_secured,KZT,annuity,agriculture,Karaganda,medium,LLP,private,18.6,91,1,0,0,2260890.91,2452562.96,472649.53,346150.09,2192811.8,1283809.86,188750.74,199298.27,383580.21,646752.79,306251.34,218366.98,174467.58,1546059.0,37356.38,469880.2,123499.2,392834.56,4.1920138537189747,3.5412468399321943,0.25408769005581287648,0.17914650039734372097,0.83113286921072364126,12.6524446426554179,0.20905454920865686527,0.15310340205666977537,1.1961274486643945,0.86437400013500209601,0.70505777103169546972,-0.07815173478767696956,equipment,343773.62,0.40000000000000000000,206264.172,1.3171761986856350,0.75919987090403372555,0.45551992254242023533,0,0
F0000197,C000118,2024-08-31,1,term_loan,688441.88,656944.54,31497.34,0.1145,18,0,senior_secured,KZT,bullet,manufacturing,Aktobe,medium,LLP,private,22.6,145,0,0,0,3944630.37,4438289.52,538677.18,376734.7,6655144.48,2625314.49,196126.28,308840.29,573938.58,3797023.37,1724727.63,945344.69,1160605.94,2858121.11,204221.48,504349.78,122564.28,2105950.63,1.5221617862062081,1.3430956631685665,0.73683043823149957421,0.31643950575810789911,3.9094855104127485,2.6377106854773553,0.13655960875239116511,0.09550570387156452380,0.23948794089251750408,0.20746536377117641609,0.42946041496006710286,-0.11122734282553067876,equipment,1310651.91,0.40000000000000000000,786391.146,0.50123494650841351156,1.9950723846490908,1.1970434307894545,0,0
F0000198,C000119,2024-09-03,0,credit_line,24167.71,15405.65,8762.05,0.1292,36,1,senior_secured,KZT,amortizing,trade,Atyrau,micro,LLP,private,20.1,15,0,0,0,112820.05,104778.66,8264.58,-2539.01,126151.66,37242.96,8268.4,9697.4,4262.76,87272.53,25187.36,5892.81,20825.48,38879.13,1797.67,8148.07,7669.09,26718.29,1.4786369035897371,1.09362632685601031629,0.68721419435054230895,0.21179499342299578143,3.2328672479424242,4.5973843920185574,0.07325453232825193749,-0.02250495368509409453,0.30496225619229374335,1.4031336493116187,0.30819356637875395377,0.07674644817942890279,real_estate,30415.59,0.25000000000000000000,22811.6925,0.50650505217883328911,1.9743139692255763,1.4807354769191822,0,0
F0000265,C000160,2024-09-04,0,overdraft,31395.57,25599.82,5795.75,0.1627,36,1,senior_unsecured,KZT,bullet,manufacturing,Shymkent,small,LLP,state_related,7.2,28,0,1,0,586296.14,616713.49,9503.8,-36370.62,719207.5,393081.82,45827.76,115282.41,152659.63,679278.12,229092.74,168067.65,390845.5,39929.38,66052.5,10339.29,26498.09,558913.15,1.7158196283304307,1.2126067809918376,13.9975414093582219,0.77712363956160078976,58.8094393821418801,0.14388251769425835510,0.01620989693024415955,-0.06203455475589520340,0.01849892062836596348,0.27267448554198264806,0.05551858121613025448,-0.04932168745003453711,none,0.0,1.00000000000000000000,0.00,,0.000000000000000000000000,0.000000000000000000000000,0,0
F0000276,C000168,2024-09-04,0,credit_line,58206.8,34732.38,23474.42,0.1349,36,1,senior_secured,KZT,annuity,real_estate,Karaganda,micro,LLP,private,22.0,14,0,0,0,217177.83,185417.7,21862.17,9552.04,314929.28,90405.83,21079.62,24017.41,12102.04,184507.38,101012.84,37598.97,51170.45,130421.9,12837.33,23525.75,6444.84,88769.42,0.89499344835765433385,0.65722753661811706314,0.68063277716395789357,0.28187096480835316424,4.0604121182846899,1.7030153466491864,0.10066483305409212349,0.04398257409607601292,0.26502088219118701012,0.56064354954404336076,0.41413075341867228096,0.17128963416113995589,real_estate,52867.49,0.25000000000000000000,39650.6175,0.65697047467167440709,1.5221384195381946,1.14160381465364596380,0,0
F0000422,C000263,2024-09-05,0,credit_line,68783.11,46262.87,22520.23,0.1387,36,1,senior_unsecured,KZT,annuity,energy,Karaganda,small,LLP,private,18.8,23,1,0,0,350639.56,261441.58,77848.08,58402.08,611264.55,290754.27,66836.26,24825.37,94357.34,229365.94,129535.01,26615.05,57035.73,381898.61,5243.91,36169.68,20842.06,83650.78,2.2445998961979468,2.0529500094221632,0.21903923661832652389,0.13684873431642649651,1.0745387683292896,14.8454264089200616,0.22201739016555918562,0.16655873056651109190,0.43238903450750847751,2.5112205312407829,0.62476813026372950959,0.34117748217402908902,receivables,105747.82,0.45000000000000000000,58161.3010,0.43748296655193459307,2.2858032802547702,1.2571918041401236,0,0
F0000482,C000304,2024-09-08,0,working_capital,7257.23,6091.15,1166.08,0.1218,48,0,senior_secured,KZT,annuity,energy,Other,micro,LLP,state_related,4.5,14,0,1,0,45642.54,51456.31,1049.18,-836.49,76912.44,42212.2,7162.29,4043.02,17944.67,62706.62,21682.09,9158.06,22851.91,14205.82,3669.17,662.14,1127.46,32009.97,1.9468695130404864,1.7604013266248780,2.2532997039241663,0.41618716036053465473,30.5095121904725595,0.28594477770176906494,0.02298688898558230984,-0.01832698180250266528,0.02068543019565466634,0.78207502462311887015,0.18470120048200265133,-0.11298458828470210942,receivables,6932.84,0.45000000000000000000,3813.0620,0.87859376532560970684,1.1381824450226969,0.62600034476248327492,0,0
F0000191,C000113,2024-09-12,0,credit_line,218289.48,106664.08,111625.4,0.1429,18,1,senior_secured,KZT,annuity,real_estate,Astana,medium,LLP,foreign_owned,12.7,128,0,0,0,1801239.94,1479718.71,199005.67,89099.77,1617386.25,825078.5,87327.09,67062.82,281041.22,835662.35,498590.96,351740.77,272836.05,781723.9,53375.52,104962.95,130582.77,624576.82,1.6548204163188197,1.5203157313562203,0.79897367855837591764,0.38616429439782859536,3.1384875616860565,3.7284071424503218,0.11048259900343981935,0.04946579743285061734,0.16805450769050314740,0.24827116287941258558,0.48332542705862622487,0.21728537175825802730,inventory,192694.57,0.55000000000000000000,86712.5565,0.55353962491003249339,1.8065554027185159,0.81294993122333216581,1,0
F0000667,C000428,2024-09-12,0,working_capital,520485.6,498006.8,22478.81,0.1329,36,0,senior_secured,EUR,annuity,manufacturing,Other,small,LLP,state_related,6.7,45,1,1,0,1274460.73,1182815.27,216917.2,160682.9,1773363.73,501484.11,98130.92,45772.29,118027.51,1081617.44,516650.51,299247.72,440951.63,691746.29,79931.17,101201.39,74832.21,740199.35,0.97064475945257462341,0.88205045999083597150,1.0700445534734997,0.41739849387807204109,3.4123589553986498,2.7137998855765529,0.17020312583503455615,0.12607912995483195469,0.13672180338985707026,0.32792537233032218257,0.39007580808027465409,0.07748078869492444074,real_estate,1016786.67,0.25000000000000000000,762590.0025,0.48978494181085202464,2.0417124224006580,1.5312843168004935,0,0
F0000015,C000010,2024-09-15,0,leasing,49273.62,47046.59,2227.04,0.103,12,0,senior_secured,KZT,annuity,construction,Aktobe,small,IE,foreign_owned,23.7,37,0,0,0,265600.81,297178.01,32676.3,24174.1,454532.39,132377.92,5486.32,40571.65,45845.05,169020.75,82515.91,26648.45,34691.36,285511.65,6246.01,20092.36,14094.4,61339.81,1.6042714671631204,1.1125887116799657,0.21484170610901516628,0.13495146077488559176,1.8771957045320309,5.2315478201283700,0.12302786275388241474,0.09101666519767014265,0.32755823664924948414,0.20587764016293630586,0.62814368410576856800,-0.10625685258475214906,real_estate,40083.97,0.25000000000000000000,30062.9775,1.17370085847285086782,0.85200585207131909029,0.63900438905348931772,0,0
F0000675,C000433,2024-09-16,0,term_loan,3092.53,2784.4,308.12,0.1337,18,0,senior_unsecured,KZT,bullet,manufacturing,Astana,micro,LLP,state_related,6.2,9,0,1,0,71261.13,56333.72,8532.6,3347.31,59033.39,24078.27,1370.0,5257.48,5849.5,30863.19,19928.19,14857.38,6016.62,28170.2,1886.51,7347.97,2546.7,20874.00,1.2082517278287692,0.94443047762993026462,0.74099580407664837310,0.35359649852397092561,2.4463821109626609,4.5229550863764306,0.11973708528057301365,0.04697245188225334064,0.35201542588866532529,0.09221006664701313421,0.47719095921816449979,0.26498179065753158144,receivables,4196.66,0.45000000000000000000,2308.1630,0.66348000552820576363,1.5072044246516305,0.82896243355839678207,0,0
F0000715,C000464,2024-09-23,0,working_capital,12738.02,11834.5,903.52,0.1297,36,0,senior_secured,USD,annuity,construction,Almaty,small,IE,private,15.9,25,1,0,0,298316.11,227464.07,50438.33,35127.03,297410.53,125076.27,11478.46,11605.99,29112.08,80343.59,33547.66,19315.86,22042.92,217066.94,6004.85,41292.61,22830.66,41358.78,3.7283157752284362,3.3823604984669572,0.19053468022352920256,0.13906293095943845700,0.81998710107967492183,8.3995986577516507,0.16907678904769842970,0.11775103262106763192,0.99840009787522746077,0.59425052780461237553,0.72985626971580327031,0.31148673282773846436,receivables,20743.83,0.45000000000000000000,11409.1065,0.57050698930718194278,1.7528269043897081,0.96405479741433943132,0,0
F0000449,C000280,2024-09-24,0,credit_line,185209.38,118835.05,66374.32,0.094,12,1,senior_unsecured,USD,annuity,real_estate,Kostanay,small,LLP,private,24.0,28,0,0,0,702267.36,814680.57,64267.3,26595.55,1082923.6,615717.31,62506.2,78727.94,207751.08,869338.12,221112.84,96203.94,314154.94,213585.48,55118.28,29412.29,45280.27,410358.88,2.7846293774707973,2.4285761514347154,1.9212864095443192,0.37893613178251909922,6.3851893575737583,1.1659888516114799,0.09151400685915404071,0.03787097552134560262,0.07167455472146721913,0.64972598835349155139,0.19723042327270363302,-0.13798440043807599339,receivables,263180.91,0.45000000000000000000,144749.5005,0.45153369976568589264,2.2146741218184366,1.2180707670001401,0,0
F0000749,C000490,2024-09-24,0,leasing,11921.63,9906.21,2015.43,0.0889,24,0,senior_secured,KZT,annuity,real_estate,Aktobe,micro,JSC,private,11.5,9,0,0,0,46291.75,49434.58,3486.81,1425.0,51177.8,17640.03,1638.69,1101.52,5574.18,43537.35,15966.61,8346.83,16499.33,7640.45,3956.66,3344.72,3528.48,24846.16,1.10480747008914227879,1.03581849872953620086,3.2519236432409086,0.48548706665780865922,7.1257567805529983,0.88125085299217016372,0.07532249266878007420,0.03078302289284807768,0.13461718028057454351,0.19632483230160432164,0.14929227125824087788,-0.06357553760950330720,none,0.0,1.00000000000000000000,0.00,,0.00000000000000000000,0.00000000000000000000,0,0
F0000131,C000081,2024-09-25,0,leasing,54699.41,54593.74,105.67,0.1412,18,0,senior_secured,USD,annuity,trade,Other,small,JSC,private,3.4,47,0,0,0,360679.66,415849.23,31468.38,13500.19,364695.77,163291.91,16740.9,56968.99,29522.33,262105.36,161767.93,69811.01,48402.96,102590.41,10865.51,34363.61,19229.9,118213.97,1.00942077950802733274,0.65725586029319902900,1.1522906478295583,0.32414406671072713566,3.7565953506345099,2.8961714636496584,0.08724744833129763957,0.03742986227723515099,0.29068992438034184961,0.23980314852915034462,0.28130408532021087056,-0.13266724096134553381,none,0.0,1.00000000000000000000,0.00,,0.000000000000000000000000,0.000000000000000000000000,0,0
F0000083,C000050,2024-09-26,0,term_loan,90433.8,85070.16,5363.64,0.1241,12,0,senior_secured,KZT,annuity,services,Almaty,medium,LLP,private,7.3,129,0,0,0,2080423.56,2070764.14,199650.24,141457.23,2803408.02,1348032.7,140157.32,354381.95,550918.56,1925270.69,660783.1,329902.58,952870.36,878137.33,196687.53,93325.92,39371.59,1282772.94,2.0400532338069784,1.5037472205327285,1.4607885306504394,0.45757625391968451314,6.4251009164827450,1.01506302916102510413,0.09596615027759058833,0.06799443763269052769,0.07275326528169513772,0.42484457078207754544,0.31323921588838145651,0.00466466451365146781,inventory,124341.71,0.55000000000000000000,55953.7695,0.68416430817945160960,1.4616371945227328,0.65773673753522974448,0,0
F0000527,C000335,2024-09-26,0,working_capital,6017150.53,5446930.86,570219.66,0.0985,60,0,senior_secured,KZT,amortizing,real_estate,Aktobe,large,LLP,private,15.0,691,1,0,0,14261226.3,13531748.32,2816130.95,2153614.5,14512221.6,8613929.23,712449.33,2547910.88,3452202.99,4181659.62,2257285.9,847010.86,597830.86,10330561.98,185028.84,2266449.24,603185.05,1444841.72,3.8160559236204860,2.6873061804000991,0.13986090232043697588,0.09956034023074730336,0.51305913881597018775,15.2199567916007040,0.19746765746224782928,0.15101187336183004122,1.5686488067357302,0.84113364260760481867,0.71185255192078930217,0.05390862752907009432,none,0.0,1.00000000000000000000,0.00,,0.000000000000000000000000,0.000000000000000000000000,0,0
F0000126,C000078,2024-09-27,0,term_loan,23780.06,21991.9,1788.17,0.1181,24,0,senior_secured,KZT,bullet,transport,Astana,micro,LLP,private,20.6,6,0,0,0,118241.54,91060.56,17374.97,12032.12,167492.27,93419.65,12000.89,18367.36,32284.12,89896.0,40868.11,12794.05,22301.07,77596.27,3138.72,6202.23,4636.89,35095.12,2.2858813387749030,1.8364512085339890,0.45227844070339978971,0.20953277425877624084,2.0198665091220301,5.5356865218942754,0.14694472010428822223,0.10175882350652740145,0.17672627989304495896,0.93800555727076258104,0.46328269358341134191,0.29849344216640003092,real_estate,42002.57,0.25000000000000000000,31501.9275,0.52358462827393657102,1.9099109217484619,1.4324331913113465,0,0
F0000410,C000257,2024-09-27,0,term_loan,56476.41,54660.35,1816.06,0.1449,12,0,senior_secured,KZT,annuity,services,Astana,medium,LLP,private,9.7,134,0,0,0,1310159.62,1374332.85,22135.2,-60350.08,2214618.82,814162.96,53284.63,56523.69,137836.02,1678755.31,1016440.25,720313.07,290280.88,535863.51,134874.3,21622.18,47723.53,1010593.95,0.80099441162429370541,0.74538495499366539253,1.8859167141274464,0.45632862001958422804,45.6555147457443348,0.16411725584488668338,0.01689504062108096417,-0.04606315068693690926,0.02139551696306909417,0.07397426510669867479,0.24196647529618663676,-0.04669409597536724819,real_estate,70425.9,0.25000000000000000000,52819.425,0.77613988603624518820,1.2884275347669746,0.96632065107523094894,1,0
F0000424,C000264,2024-09-29,0,leasing,1297069.71,1074681.25,222388.46,0.0995,12,0,senior_secured,USD,annuity,energy,Kostanay,large,LLP,private,3.8,781,1,0,0,15545862.86,12779262.86,3234337.36,2356735.51,17697857.38,5406192.66,294047.17,1740542.19,1470489.89,4877667.73,2617685.44,630338.2,1215190.78,12820189.65,139027.31,1531370.48,736072.43,1845528.98,2.0652568018256617,1.4003403212572401,0.14395488915407737357,0.10427979728696401101,0.57060497238915114285,23.2640433019958453,0.20805132459530779625,0.15159888719100664960,0.82977319597549749666,0.46649111540439719503,0.72439218910690532415,0.21649136028492335120,inventory,1796454.68,0.55000000000000000000,808404.6060,0.59822341301702083573,1.6716162862244037,0.75222732880098168643,0,0
F0000533,C000337,2024-09-30,0,term_loan,1171694.52,1156052.65,15641.86,0.1154,60,0,senior_secured,KZT,amortizing,real_estate,Atyrau,medium,LLP,private,2.9,132,0,0,0,3724722.61,4533656.69,285089.62,76513.81,3300730.06,1729358.32,200159.88,525486.69,626051.39,2312073.44,1359480.12,347279.69,617908.61,988656.62,112506.81,152384.92,50185.02,965188.30,1.2720732687139257,0.88553823795525601360,0.97626241555940828070,0.29241661161470441482,3.3855610035889767,2.5339765655074568,0.07653982587444276824,0.02054214984884471706,0.15788102694572654890,0.57636506183243828627,0.29952665077979748517,-0.17842861409958238369,guarantee,1397574.91,0.30000000000000000000,978302.437,0.82718474818641385026,1.2089197754098829,0.84624384278691805256,0,0
F0000043,C000025,2024-10-02,0,working_capital,34990.37,29223.39,5766.98,0.1288,18,0,senior_secured,EUR,bullet,manufacturing,Kostanay,micro,LLP,private,7.2,8,0,0,0,161658.98,166334.29,8998.65,-2066.1,147040.43,47534.09,6343.78,5076.26,7360.56,104262.73,52764.08,28315.59,35539.1,42777.7,8624.41,5352.11,12009.59,63854.69,0.90087972726900573269,0.80467298965508353410,1.4927097529787716,0.43426620828026686266,7.0960299600495630,1.0433931132680380,0.05566439921865150949,-0.01278060767177919841,0.08381702268071460374,0.22403841841190665637,0.29092474770374379346,-0.02810791448954992984,inventory,67341.39,0.55000000000000000000,30303.6255,0.43395881789787825882,2.3043661259012045,1.0369647566555420,0,0
F0000180,C000109,2024-10-05,0,credit_line,165238.38,63048.93,102189.45,0.1324,48,1,senior_secured,KZT,amortizing,energy,Other,small,LLP,private,14.7,43,1,0,0,797200.34,687906.49,67736.18,31403.39,1359359.62,681888.27,62985.66,158350.16,164100.99,1117162.37,716916.42,253232.84,232687.42,242197.25,32841.1,32778.09,41648.86,485920.26,0.95114053880925199063,0.73026380118340712576,2.0062996586460003,0.35746262640933824414,7.1737180927533853,2.0625429720685361,0.08496757540268986840,0.03939209308415498167,0.06745569736071510992,0.24872627104762557652,0.17817010777471821621,0.15887893425747444249,none,0.0,1.00000000000000000000,0.00,,0.000000000000000000000000,0.000000000000000000000000,0,0
F0000025,C000016,2024-10-10,0,term_loan,19495.69,15665.32,3830.37,0.1078,12,0,senior_unsecured,USD,annuity,trade,Kostanay,micro,JSC,private,7.1,12,1,0,0,68098.45,55619.83,7654.01,3903.97,109591.77,42830.24,6546.76,7867.06,4370.72,52629.07,28893.48,8552.58,20388.71,56962.7,3135.61,3702.13,3760.15,28941.29,1.4823496512015860,1.2100716147726061,0.50807440658536200005,0.26408269526078463739,3.7811931262174991,2.4409955319698559,0.11239624396737370674,0.05732832391926688493,0.12791862422165701667,0.76547193946154259884,0.51977169453509145805,0.22435559403903248176,real_estate,13789.24,0.25000000000000000000,10341.9300,1.13605390869982682149,0.88023991849512170833,0.66017993887134128125,0,0
F0000425,C000265,2024-10-10,0,credit_line,481528.54,205192.54,276336.0,0.0989,60,1,senior_unsecured,KZT,amortizing,manufacturing,Astana,small,IE,private,2.2,32,1,0,0,787658.18,622675.23,110765.8,77375.92,1275629.06,564597.16,106665.83,147237.61,231534.5,570045.15,330540.39,124448.97,211694.07,705583.92,41270.01,103041.96,55231.92,336143.04,1.7081033879097196,1.2626582488149179,0.47640405410599493254,0.26351158854910376532,3.0347186586473442,2.6839295653187387,0.14062673734944262243,0.09823540460152397579,0.30654200069113434566,0.85710496438821470358,0.55312625129440058382,0.26495826724952588848,none,0.0,1.00000000000000000000,0.00,,0.000000000000000000000000,0.000000000000000000000000,0,0
F0000540,C000340,2024-10-11,0,term_loan,156175.19,139012.5,17162.69,0.1237,36,0,senior_secured,USD,annuity,energy,Karaganda,small,LLP,private,3.1,22,0,0,0,527601.19,528339.02,70725.82,42102.22,922556.19,267557.11,65270.38,92652.92,79263.69,445308.07,112865.05,23535.5,177144.67,477248.11,27320.18,74741.64,10992.3,200680.17,2.3705931109763386,1.5496753866675291,0.42049442584487133956,0.21752623002833030691,2.8374385761805236,2.5887757694129394,0.13405166883721395700,0.07979932721531579563,0.37244158204569988156,2.7732735654649359,0.51731061497728393107,-0.00139650862811533398,guarantee,185801.92,0.30000000000000000000,130061.344,0.74817579925977083552,1.3365842640050355,0.93560898480352486287,0,0
F0000034,C000020,2024-10-12,0,overdraft,8261.64,6347.56,1914.08,0.1248,24,1,senior_secured,USD,amortizing,transport,Almaty,small,LLP,state_related,15.2,13,0,1,0,358074.98,363128.02,46945.45,25656.59,490719.48,150723.43,21639.96,18374.05,17876.77,332857.58,204493.44,124650.06,110276.91,157861.91,23891.81,30982.56,12564.32,234926.97,0.73705753103864847694,0.64720599350277446553,1.4881802076257661,0.47873984949609092347,5.0042542994049477,1.9649181037351293,0.13110508307505874887,0.07165144573910190542,0.13188166518301410860,0.17360569260857154822,0.32169481024066947577,-0.01391531284201092496,real_estate,19475.97,0.25000000000000000000,14606.9775,0.32591752811284880804,3.0682608750448991,2.3011956562836744,0,0
F0000141,C000087,2024-10-16,0,working_capital,1603542.45,1461887.08,141655.37,0.0864,12,0,senior_unsecured,KZT,annuity,services,Kostanay,medium,LLP,private,23.7,121,0,0,0,2940393.97,2778538.72,527096.11,365481.16,5170186.06,1911289.26,381974.8,108617.11,260777.57,3130586.14,1173867.54,494952.99,1147047.1,2039599.92,126411.75,210660.02,168856.88,1642000.09,1.6281984081440739,1.5356691352075380,0.80505989135359448337,0.31759013523780225426,3.1151815747606257,4.1696765530103017,0.17926036965719937182,0.12429666355219739483,0.12829476763305171317,0.77173955449789282008,0.39449255719822199203,0.05825193251220915143,real_estate,4263369.17,0.25000000000000000000,3197526.8775,0.34289479088201972432,2.9163464321745015,2.1872598241308761,0,0
F0000458,C000286,2024-10-18,0,term_loan,53130.86,44855.98,8274.87,0.1213,12,0,senior_secured,KZT,amortizing,transport,Almaty,small,LLP,private,3.5,29,0,0,0,303801.08,355114.97,27206.39,11189.55,272518.88,134405.53,11175.46,17231.73,45090.14,226696.38,125119.16,33566.76,49522.38,45822.5,11433.08,15136.56,18776.39,83089.14,1.0742202073607272,0.93649765551495070779,1.8132825576954553,0.30489315088921545546,3.0540303215531351,2.3796203647660998,0.08955330244382278035,0.03683183088091721070,0.18217254384869069532,0.33293234139964655510,0.16814431352425931003,-0.14449937156972008248,guarantee,94858.95,0.30000000000000000000,66401.265,0.47287029848000636735,2.1147447898808587,1.4803213529166011,0,0
F0000464,C000292,2024-10-18,0,term_loan,67142.15,66680.58,461.57,0.1092,36,0,senior_unsecured,KZT,bullet,agriculture,Kostanay,small,LLP,private,19.6,78,0,0,0,477760.48,431550.49,51456.14,37671.36,848261.05,318814.09,27642.1,50252.97,49559.27,433461.88,161314.33,62239.04,214073.92,414799.17,27056.58,46442.47,29382.21,276312.96,1.9763531857337163,1.6648311405440546,0.66613672346547848685,0.32574047812286088109,5.3698734495047627,1.9017976403521805,0.10770279701661384801,0.07884988729080312377,0.16807923160752213722,0.44412799426212229495,0.48899943006931651524,0.10707898860223748095,real_estate,145780.51,0.25000000000000000000,109335.3825,0.45740394240629285767,2.1862513793371323,1.6396885345028493,0,0
F0000647,C000414,2024-10-25,0,term_loan,21964.72,18661.4,3303.33,0.116,24,0,subordinated,KZT,amortizing,energy,Kostanay,micro,LLP,private,22.8,7,0,0,0,145902.72,105002.93,16679.06,14322.42,207905.4,74953.02,14614.2,5802.07,17217.0,61538.71,37440.35,22626.33,14422.87,146366.69,3514.41,16577.99,3455.01,37049.20,2.0019316058744109,1.8469632361876959,0.25312589906897532492,0.17820220157821778559,2.2213002411406878,4.7459061407177876,0.11431630609765191492,0.09816417404692660973,0.44745878453515865390,0.64589352316526807485,0.70400619704923489241,0.38951094031376076839,none,0.0,1.00000000000000000000,0.00,,0.000000000000000000000000,0.000000000000000000000000,0,0
F0000080,C000048,2024-10-29,0,term_loan,6289.71,5650.47,639.24,0.088,12,0,senior_secured,KZT,annuity,transport,Aktobe,micro,LLP,private,4.6,7,1,0,0,59827.19,41583.01,8334.75,6017.74,61955.32,24384.94,4168.9,8133.59,8094.36,18100.83,5883.43,3179.08,9741.27,43854.49,1369.46,5181.13,4722.35,12920.35,4.1446809089255757,2.7622237368337857,0.29461863540084493059,0.20854302745914313734,1.5501784696601578,6.0861580476976326,0.13931374680976993905,0.10058536929446293567,0.40100539072083960574,1.3113542282672975,0.70784058576406352191,0.43874120704585839265,none,0.0,1.00000000000000000000,0.00,,0.00000000000000000000,0.00000000000000000000,0,0
F0000254,C000152,2024-10-30,0,trade_finance,4372.26,2727.05,1645.2,0.1128,60,1,senior_secured,KZT,annuity,services,Aktobe,micro,LLP,private,19.2,8,0,0,0,42296.52,47167.35,3106.09,1807.83,60016.67,17320.82,2435.3,1124.44,4127.14,45555.55,15620.13,11290.42,10775.37,14461.12,2716.94,3336.76,2359.75,22065.79,1.10887809512468846290,1.03689149834220329792,1.5258700570910137,0.36766101818044886529,7.1040407715166013,1.1432309878024542,0.07343606518928744020,0.04274181422017697910,0.15121869645274427066,0.21569613885045906175,0.24095172224650251339,-0.10326698447124970981,guarantee,4593.16,0.30000000000000000000,3215.212,0.59371979203859652178,1.6842962175244312,1.1790073522671018,0,0
F0000323,C000201,2024-10-30,0,working_capital,124390.86,105970.49,18420.37,0.1257,60,0,senior_secured,KZT,amortizing,transport,Other,small,JSC,foreign_owned,17.2,30,0,0,0,618504.04,608627.61,66636.56,41405.36,766363.96,295217.67,31945.36,39152.94,120719.5,634250.8,220470.08,130236.67,281897.52,132113.17,53037.64,64402.04,10567.98,412134.19,1.3390373423913122,1.1614488913869855,3.1195541670826610,0.53777866850627996651,6.1848059083482101,1.2564013029237349,0.10773827766751531647,0.06694436466413380259,0.15626473503690630472,0.24528698407291894057,0.17238959149383799311,0.01622737752564330757,receivables,64793.74,0.45000000000000000000,35636.5570,1.6355050657671559,0.61143191845201432965,0.33628755514860788131,0,0
F0000322,C000200,2024-10-31,0,working_capital,149962.09,144368.43,5593.66,0.1475,36,0,subordinated,USD,amortizing,trade,Aktobe,small,LLP,foreign_owned,2.9,37,0,0,0,917288.57,692839.51,110674.89,87955.62,1431494.14,523725.73,26897.22,116473.11,58698.95,1241467.4,676262.88,344624.37,226585.49,190026.74,83584.77,88201.35,42234.2,571209.86,0.77444104280867818739,0.60221051908098223578,3.0059446370547640,0.39903052624441759852,5.1611513686618527,1.3241035418294505,0.12065438687413274974,0.09588653219564264275,0.15441146271529696634,0.07804793375465583006,0.13274713091036474659,0.32395534140366792881,real_estate,307467.12,0.25000000000000000000,230600.3400,0.46954103580246239012,2.1297393065783149,1.5973044799337362,0,0
F0000475,C000300,2024-11-01,1,term_loan,83321.47,75755.41,7566.06,0.1011,18,0,senior_secured,KZT,bullet,agriculture,Almaty,micro,LLP,private,25.5,14,0,0,0,284056.48,299767.55,34397.31,19001.76,200995.16,102005.63,19227.38,32701.89,15720.18,90106.99,48070.57,24515.63,19213.25,110888.17,4388.75,17154.04,17111.17,43728.88,2.1219975132393895,1.4417083051022694,0.39435117379969387176,0.21756185571831679927,1.2712877838412364,7.8376097977784107,0.12109320653413715470,0.06689430214723494426,0.39228171405258950149,0.78429067496939707444,0.55169572242436086521,-0.05241084300151901031,equipment,161855.41,0.40000000000000000000,97113.246,0.46804373113014881616,2.1365524917626345,1.2819314950575807,0,0
F0000356,C000223,2024-11-03,0,overdraft,2719.01,1817.24,901.76,0.1337,36,1,senior_secured,KZT,annuity,real_estate,Other,micro,LLP,private,9.1,7,0,0,0,42245.42,61728.05,2422.58,-238.56,58970.4,30733.76,3822.44,3775.15,10774.9,39365.13,11006.67,4680.98,17681.02,19605.28,3493.37,1923.93,1038.49,22362.00,2.7922850417065289,2.4492975622963167,1.1406111006830813,0.37920719547433966872,9.2306549216124958,0.69347936233493732413,0.05734538797341818356,-0.00564700268100068599,0.08603568553796619265,0.81658968848403539430,0.33245967468424836867,-0.31562037031787007689,none,0.0,1.00000000000000000000,0.00,,0.00000000000000000000,0.00000000000000000000,0,0
F0000595,C000381,2024-11-05,0,credit_line,1893141.93,1449490.52,443651.41,0.1042,24,1,senior_unsecured,KZT,annuity,trade,Other,large,LLP,private,25.9,1241,1,0,0,12714650.16,13630072.09,2583341.47,1906104.67,17024011.39,10608394.55,1295785.22,683468.88,3065988.0,3989360.31,2435270.82,1065002.22,766288.04,13034651.08,237384.35,1859850.11,621198.84,1831290.26,4.3561457160645484,4.0754915586760080,0.14049399932230483610,0.10757101942939900723,0.70888431950113044870,10.8825264597265995,0.20317833660316769581,0.14991404765477243772,1.0155954796592431,1.2166972008753184,0.76566273256000212298,-0.06716192870847831297,receivables,2834863.22,0.45000000000000000000,1559174.7710,0.51130880311043719421,1.9557652712347508,1.0756708991791129,0,0
F0000709,C000460,2024-11-08,0,term_loan,744070.3,716392.07,27678.23,0.1448,36,0,senior_secured,KZT,annuity,agriculture,Aktobe,small,LLP,private,23.5,34,0,0,0,1479522.82,1475801.51,117240.35,50849.21,1066694.65,642090.93,154923.67,119295.93,207135.75,682316.56,197505.42,68027.31,168872.56,384378.09,24530.27,98504.19,15336.48,236899.87,3.2510040990267508,2.6469906496743229,0.61631991042985826794,0.22208780179032490695,2.0206342782156485,4.7794153916773032,0.07924200182326353033,0.03436865542905245625,0.41580516696779951800,2.2773746308651628,0.36034500594898455711,0.00252155183118087472,receivables,1717006.04,0.45000000000000000000,944353.3220,0.41723328474721032432,2.3967407121075475,1.3182073916591511,0,0
F0000160,C000098,2024-11-09,0,trade_finance,42125.6,17851.77,24273.82,0.1335,24,1,senior_secured,KZT,bullet,real_estate,Kostanay,small,LLP,private,9.6,36,0,0,0,213615.27,181034.31,27895.5,23832.81,177295.46,103643.72,23915.89,30761.73,39705.33,73810.56,39513.54,20493.33,19024.13,103484.91,6292.85,15840.21,8313.92,39517.46,2.6229925235754630,1.8444814106759354,0.38186688281412236818,0.22289042257483637765,1.4166249036582961,4.4328881190557538,0.13058757456805405344,0.11156884992350968168,0.40084079290521202527,1.16700848519981867271,0.58368618124795750551,0.17997118888679168054,real_estate,30733.85,0.25000000000000000000,23050.3875,0.58085043038864314103,1.7216135990996971,1.2912101993247728,0,0
F0000337,C000212,2024-11-12,0,term_loan,208965.95,205653.3,3312.66,0.1363,36,0,senior_unsecured,EUR,bullet,transport,Kostanay,small,LLP,private,8.8,46,0,0,0,867135.37,802376.75,-8082.97,-87923.24,1384117.71,608402.71,33379.0,96406.37,94543.17,1009025.66,620104.41,384273.47,298326.93,375092.05,98844.17,-7537.36,43183.45,682600.40,0.98112946818101164609,0.82566150432634401036,1.8198210279316770,0.49316643741232095065,-84.4492061705041587,-0.08177487857908058715,-0.00932146269157490370,-0.10139505669109080397,-0.01104212655017489002,0.08686261895727540077,0.27099721887092969860,0.08070849510532302936,none,0.0,1.00000000000000000000,0.00,,0.000000000000000000000000,0.000000000000000000000000,0,0
F0000076,C000047,2024-11-15,0,credit_line,8315.12,7119.88,1195.24,0.1425,24,1,senior_unsecured,KZT,amortizing,agriculture,Astana,micro,LLP,private,15.3,8,1,0,0,31917.37,37053.08,1376.87,-831.86,31227.01,20146.05,1680.97,5783.58,3048.21,20974.39,6801.81,4978.49,10085.1,10252.62,902.51,1197.72,1667.79,15063.59,2.9618660327177619,2.1115658920199182,1.46924298374464283276,0.48238976450194879369,10.9404591573641666,1.5256008243675970,0.04313857940049571754,-0.02606292435748935454,0.07951092667816901549,0.33764655548168219681,0.32832538241733678633,-0.13860413223408148526,none,0.0,1.00000000000000000000,0.00,,0.00000000000000000000,0.00000000000000000000,0,0
F0000560,C000357,2024-11-15,0,leasing,14666.39,13204.29,1462.1,0.1343,36,0,subordinated,KZT,annuity,construction,Shymkent,micro,IE,private,22.4,9,0,0,0,123338.82,105808.75,18885.24,8117.37,100469.61,42050.88,7974.24,2961.77,8052.04,81677.11,32056.73,9217.57,17815.19,18792.51,3192.48,14515.19,6825.81,27032.76,1.3117644875194694,1.21937296786041495811,1.4384858648472184,0.26906404832267190049,1.4314226348195734,5.9155390166892197,0.15311675594107354035,0.06581358569832271786,0.53694813256212092291,0.86511303955380865022,0.18704670994542528830,0.16567694070669958770,real_estate,27203.4,0.25000000000000000000,20402.550,0.48539116433975164869,2.0601940732898172,1.5451455549673629,0,0
F0000490,C000310,2024-11-16,0,term_loan,1804415.51,1741424.86,62990.65,0.102,48,0,senior_secured,KZT,annuity,energy,Kostanay,medium,IE,private,23.4,317,1,0,0,4399446.34,3764060.49,895584.58,644963.42,4204541.81,1108918.11,254205.24,287309.93,290732.1,1142840.6,401864.34,169598.18,364487.23,3061701.22,75145.7,812804.82,131418.65,534085.41,2.7594339671940038,2.0444913823406177,0.17444073461877511353,0.12702582924249717474,0.59635395910903244895,11.9179750804104560,0.20356756527686163346,0.14660104253027438903,1.5218629919135967,1.4988677354910294,0.72818902947239333077,0.16880330475241645227,none,0.0,1.00000000000000000000,0.00,,0.000000000000000000000000,0.000000000000000000000000,0,0
F0000691,C000448,2024-11-19,0,leasing,62726.74,58905.02,3821.72,0.096,60,0,senior_unsecured,KZT,amortizing,construction,Other,small,JSC,private,3.1,24,1,0,0,415615.34,349565.57,96140.98,88111.21,743849.69,409567.05,88388.73,33203.56,58592.38,351379.19,96727.05,59103.89,85013.54,392470.5,22250.93,80809.17,9127.47,144117.43,4.2342555675997562,3.8909848899558086,0.36720576450968926327,0.19374536541112223896,1.4990218531161218,4.3207623231927834,0.23132202001976154201,0.21200182360930181258,0.56071753430518432087,1.4954807543124488,0.52762070788790676245,0.18894815642169793781,guarantee,49568.01,0.30000000000000000000,34697.607,1.1883676588993587,0.84149041966202540972,0.58904329376341778680,0,0
F0000297,C000181,2024-11-21,0,term_loan,126236.95,108657.08,17579.88,0.1094,12,0,senior_secured,KZT,amortizing,services,Aktobe,small,IE,private,3.5,36,0,0,0,435481.98,389249.46,52252.3,19445.19,728866.51,304629.58,35928.96,84169.34,97668.5,363021.38,148528.11,63066.68,80606.32,365845.12,10811.53,39353.7,28187.83,143673.00,2.0509894053051641,1.4842997732887061,0.39271536545300918596,0.19711839963671811454,2.7496014529503964,4.8330162335950601,0.11998728397441382075,0.04465211166716932811,0.27391159090434528408,0.56969797680803872980,0.50193706938188173854,0.11877349810581625470,real_estate,248960.34,0.25000000000000000000,186720.2550,0.43644333069275210662,2.2912482095046176,1.7184361571284632,0,0
F0000229,C000137,2024-11-25,0,working_capital,69316.01,57806.62,11509.39,0.1309,24,0,senior_unsecured,KZT,amortizing,construction,Atyrau,small,LLP,private,11.5,35,0,0,0,552560.37,407887.58,32614.33,12988.27,787396.77,211207.89,32006.66,57546.08,23637.25,727241.82,437205.27,141660.58,212806.99,60154.95,41595.43,15418.94,34214.28,354467.57,0.48308633150739468442,0.35146376437777156712,5.8925752577302450,0.45017656092239240453,10.8684608882046634,0.78408445350847436846,0.05902401216359399788,0.02350561260844674764,0.04349887353587804944,0.22593907211166296227,0.07639725268367560106,0.35468790199495655151,receivables,87199.24,0.45000000000000000000,47959.5820,0.66292573192151674716,1.5084646014591408,0.82965553080252746139,0,0
F0000092,C000057,2024-11-26,0,credit_line,46311.17,42008.52,4302.65,0.1477,36,1,senior_secured,KZT,annuity,services,Karaganda,small,LLP,private,12.9,50,0,0,0,225428.19,211062.5,22905.95,10802.68,373909.52,161754.59,9085.34,45590.29,53549.51,284897.42,119875.03,51039.6,102611.45,89012.1,8537.68,13153.02,17843.23,153651.05,1.3493601628295734,0.96904501296058069808,1.7261816090172010,0.41093109905305433250,6.7079099535273586,2.6829244010082364,0.10161085000061438634,0.04792071479613973745,0.08560318982525664485,0.17800570537386656635,0.23805785955917891580,0.06806367782055078472,inventory,75849.69,0.55000000000000000000,34132.3605,0.55383904667243860852,1.8055787254585498,0.81251042645634742666,0,0
F0000262,C000158,2024-11-27,1,term_loan,10156.53,9121.6,1034.93,0.1296,36,0,senior_secured,KZT,annuity,services,Kostanay,micro,LLP,private,12.6,6,0,0,0,59655.97,54249.93,5077.16,3804.21,81782.5,25063.59,3617.77,5640.24,8082.74,47922.94,13813.28,4728.14,22656.24,33859.56,4175.71,4743.8,3710.59,27384.38,1.8144560886335468,1.40613597928949532624,0.80876361063167979737,0.33484400696970623300,5.3936413270411017,1.2158794552303680,0.08510732454773596004,0.06376914162991566477,0.17323014068604072833,0.76515712309703181378,0.41401962522544554153,0.09965063549390754974,real_estate,15672.61,0.25000000000000000000,11754.4575,0.58200899531092779058,1.7181865023680056,1.2886398767760042,0,0
F0000008,C000005,2024-11-28,0,trade_finance,61640.31,40218.02,21422.28,0.138,36,1,senior_unsecured,USD,amortizing,manufacturing,Astana,small,LLP,private,15.6,34,0,0,0,508053.25,725487.89,1651.94,-1880.4,719844.71,381495.34,41042.84,117175.37,67230.7,679357.4,434314.82,293282.49,118156.37,40487.31,51129.0,1156.79,16572.18,411438.86,0.87838434801741280668,0.60859072227836940954,10.1621683436118626,0.57156613681303568932,249.0640459096577358,0.03230925697744919713,0.00325150956125169950,-0.00370118683425408655,0.00281157205228499807,0.13994302898887690158,0.05624450584626787075,-0.29970815915342156848,none,0.0,1.00000000000000000000,0.00,,0.000000000000000000000000,0.000000000000000000000000,0,0
F0000563,C000359,2024-11-29,1,overdraft,1895475.35,1624583.42,270891.93,0.1057,12,1,senior_secured,KZT,annuity,services,Almaty,large,LLP,private,23.8,711,0,0,0,6887448.8,10518406.92,300167.34,-126156.73,6410804.6,2504069.32,382144.54,861569.8,1012793.83,5487850.88,2953626.2,1051729.78,2171276.79,922953.72,352438.15,141646.11,527035.68,3223006.57,0.84779493085482516373,0.55609593387274259688,3.4920565356191424,0.50274603128599489680,10.7373659306172350,0.85168799121207508325,0.04358178894919697987,-0.01831690276957122353,0.04394843973278031512,0.36334859701319858034,0.14396846848209973519,-0.34520038515490328644,none,0.0,1.00000000000000000000,0.00,,0.000000000000000000000000,0.000000000000000000000000,0,0
F0000492,C000311,2024-12-01,0,term_loan,851244.85,705722.97,145521.88,0.1319,24,0,senior_secured,KZT,annuity,trade,Aktobe,large,IE,foreign_owned,10.0,799,0,0,0,5138347.91,4532456.04,570415.55,329012.17,7213597.72,4151586.72,602287.69,236832.99,625603.05,4812534.35,2411572.0,1127006.55,867525.5,2401063.37,209793.23,571624.61,209326.28,1994532.05,1.7215271698294722,1.6233202782251577,0.83068696766633027266,0.27649615731552050008,3.4966298692242875,2.7189416455430902,0.11101146905406800296,0.06403073045320514313,0.28659585089144092721,0.53441365535985571690,0.33285240779964092592,0.13367848792197000547,real_estate,740566.27,0.25000000000000000000,555424.7025,0.95295046316381652111,1.0493724896045257,0.78702936720339427240,0,0
F0000346,C000216,2024-12-02,0,leasing,39530.36,32137.55,7392.81,0.1347,48,0,senior_secured,KZT,annuity,real_estate,Almaty,small,LLP,private,19.5,29,0,0,0,365560.31,266763.96,34671.92,11888.81,617571.92,290970.67,26691.16,22261.45,40006.03,416216.01,145727.01,101841.74,100641.04,201355.91,32039.43,33805.53,6629.81,202482.78,1.9966831817931350,1.8439218645877659,1.00559640886627067465,0.32786914923204409941,5.8399644438496628,1.08216407095881543461,0.09484596399428592234,0.03252215756136107883,0.16695508625474225512,0.26208468158536961368,0.32604447106338643117,0.37035118986837652283,real_estate,75550.67,0.25000000000000000000,56663.0025,0.42537743212601556015,2.3508534409125773,1.7631400806844330,0,0
F0000379,C000237,2024-12-03,0,working_capital,50524.22,50148.95,375.27,0.1253,60,0,senior_unsecured,KZT,bullet,services,Almaty,small,IE,private,10.1,28,0,0,0,241491.45,250785.9,13853.62,8770.71,380883.53,200269.74,19839.97,35348.76,24864.48,302655.13,183153.68,48499.12,45314.84,78228.41,9588.01,7770.81,7096.23,93813.96,1.0934519033414999,0.90045135866229933245,1.1992313278513522,0.24630616083609601077,6.7718011609961873,1.4448900241030203,0.05736691713102058065,0.03631892557686824937,0.08283212860857808369,0.40907896885551737846,0.20538669655786901576,-0.03706129411581751606,none,0.0,1.00000000000000000000,0.00,,0.000000000000000000000000,0.000000000000000000000000,0,0
F0000746,C000487,2024-12-03,0,term_loan,76530.32,64638.96,11891.36,0.1106,12,0,senior_secured,USD,annuity,transport,Astana,micro,IE,private,18.0,10,0,0,0,131014.35,82686.91,14515.28,9296.19,142811.1,61307.07,15298.04,20605.92,14933.43,68976.39,42344.03,14331.82,16260.75,73834.71,4077.36,5917.1,8699.08,30592.57,1.4478326696821252,0.96120161448969311613,0.41433859495080294891,0.21421703214946177153,2.1076114274061541,3.5599701767810544,0.11079152779829079792,0.07095550983537299540,0.19341624453257768144,1.06741781574147596049,0.51700960219478737997,0.58446300629688544414,real_estate,45655.12,0.25000000000000000000,34241.3400,1.4158096616545965,0.70630963121931417213,0.52973222341448562910,0,0
F0000521,C000331,2024-12-06,0,leasing,9772.64,7845.43,1927.21,0.0929,36,0,senior_unsecured,KZT,annuity,construction,Karaganda,micro,IE,private,12.9,9,1,0,0,160274.16,221411.32,22244.11,13593.1,218243.64,64130.38,9476.97,19588.3,6881.18,76176.98,37343.46,24865.47,18810.92,142066.65,6370.75,13416.42,6824.81,43676.39,1.7173122147760277,1.1927678902811898,0.30743591124306795437,0.20012674825254930682,1.9635035971320048,3.4915998901228270,0.13878787447708351739,0.08481155040837524901,0.30717785970864350282,0.38112973533176730623,0.65095436458079603144,-0.27612481602115013812,none,0.0,1.00000000000000000000,0.00,,0.00000000000000000000,0.00000000000000000000,0,0
F0000741,C000484,2024-12-06,0,term_loan,335788.62,283087.12,52701.5,0.1445,48,0,senior_secured,USD,amortizing,services,Almaty,small,LLP,foreign_owned,6.9,45,0,0,0,912305.63,953393.08,74734.94,36904.01,1238572.63,375051.96,88735.75,85075.11,79216.34,666443.68,167287.61,59942.79,219879.01,572128.95,24646.56,30938.75,70940.23,279821.80,2.2419589830950421,1.7334030296684853,0.48908869233063630148,0.22592280276692372897,3.7441897993093993,3.0322665718867055,0.08191875347738454711,0.04045136715861328182,0.11056590301398961768,1.4803406714969390,0.46192603981568686852,-0.04309602289120873418,receivables,506141.5,0.45000000000000000000,278377.825,0.55930430521899508339,1.7879354595857275,0.98336450277215014233,0,0
F0000074,C000046,2024-12-07,0,term_loan,226004.12,194549.06,31455.06,0.0921,12,0,senior_secured,KZT,amortizing,trade,Astana,small,LLP,private,2.7,30,1,0,0,1174190.46,1080617.07,274248.53,226761.96,1654525.51,604120.41,127160.0,185497.86,116913.01,513933.1,302960.01,131323.39,178356.68,1140592.41,19586.73,101743.44,40334.24,309680.07,1.9940599090949330,1.3817749411877825,0.27150809288657286436,0.18717152931658333875,1.1291950042539882,14.0017516961738892,0.23356392284093331843,0.19312195740374180863,0.32854371287115764344,0.96829666063296111987,0.68937734903827502787,0.08659255216096114417,equipment,172640.78,0.40000000000000000000,103584.468,1.1269009558460058,0.88738943277340944233,0.53243365966404566540,0,0
F0000390,C000244,2024-12-09,0,leasing,9836.04,8490.61,1345.43,0.1275,60,0,senior_secured,KZT,bullet,manufacturing,Karaganda,micro,JSC,private,10.4,11,0,0,0,111959.75,80012.57,7833.21,2469.34,105891.07,33453.86,6975.86,6186.12,9815.57,72805.58,29745.01,10831.26,22799.17,33085.49,3660.02,4848.23,2190.28,33630.43,1.1246881409688549,0.91671645092739925117,1.01647066433049654093,0.31759458092169622991,4.2933139798371294,2.1402096163408943,0.06996451849883551901,0.02205560480440515453,0.14416199852336113454,0.64404879949331841355,0.31244834904397509629,0.39927701359923821969,real_estate,20067.41,0.25000000000000000000,15050.5575,0.42310442653037935638,2.3634827179672603,1.7726120384754452,0,0
F0000057,C000034,2024-12-10,0,credit_line,280093.12,171282.29,108810.82,0.1259,36,1,senior_secured,KZT,annuity,manufacturing,Shymkent,small,LLP,private,12.7,55,0,0,0,1349360.45,1761512.32,100940.61,-3632.34,1773277.92,453941.85,100257.97,107126.28,163710.45,1588020.07,789819.21,269808.91,705812.83,185257.85,91785.71,47618.22,18775.11,975621.74,0.57474146520189094920,0.43910753955959111200,5.2662909560917392,0.55017982742378024986,9.6653045786032004,1.0997421058245341,0.07480626099571837903,-0.00269189748373016269,0.04880807596599887165,0.37158880334974853128,0.10447197695891910728,-0.23397614953950478189,guarantee,106650.6,0.30000000000000000000,74655.42,1.6060133745145363,0.62265982081393236861,0.43586187456975265802,0,0
F0000174,C000106,2024-12-12,0,overdraft,70696.59,53364.22,17332.36,0.1163,18,1,senior_secured,KZT,amortizing,transport,Astana,small,LLP,foreign_owned,7.1,29,0,0,0,1143711.36,661343.26,134512.11,123660.58,1907712.44,1087494.43,139357.08,104247.38,168075.93,1419672.21,487631.66,331961.9,561067.1,488040.23,90009.12,109578.06,28653.1,893029.0,2.2301555030286590,2.0163724603115392,1.8298266108103424,0.46811510019822484357,6.6390230589647282,1.4944275646734464,0.11761018968981824225,0.10812219264832693452,0.12270380917081080234,0.41979841662552238676,0.25582484014204992027,0.72937629998678749671,receivables,71876.66,0.45000000000000000000,39532.1630,0.74244156587131344167,1.3469073472825050,0.74079904100537776060,0,0
F0000091,C000057,2024-12-14,0,overdraft,22532.57,11414.04,11118.53,0.1275,36,1,senior_secured,KZT,amortizing,services,Karaganda,small,LLP,private,12.9,50,0,0,0,225428.19,211062.5,22905.95,10802.68,373909.52,161754.59,9085.34,45590.29,53549.51,284897.42,119875.03,51039.6,102611.45,89012.1,8537.68,13153.02,17843.23,153651.05,1.3493601628295734,0.96904501296058069808,1.7261816090172010,0.41093109905305433250,6.7079099535273586,2.6829244010082364,0.10161085000061438634,0.04792071479613973745,0.08560318982525664485,0.17800570537386656635,0.23805785955917891580,0.06806367782055078472,none,0.0,1.00000000000000000000,0.00,,0.000000000000000000000000,0.000000000000000000000000,0,0
F0000029,C000017,2024-12-17,0,credit_line,24070.06,9836.06,14234.01,0.1416,12,1,senior_unsecured,KZT,bullet,energy,Karaganda,micro,LLP,foreign_owned,13.7,9,1,0,0,62416.94,82379.02,1934.96,-1544.55,106531.39,39687.04,3239.16,13349.54,15227.77,59546.05,34928.09,16952.27,12507.19,46985.33,4193.77,1768.8,1925.64,29459.46,1.13624993522405605345,0.75404924804076031641,0.62699272304781088055,0.27653314201570072445,15.2248418571960144,0.46138915581922709161,0.03100055850222711975,-0.02474568602690231210,0.06004183376070029797,0.19107529552089484181,0.44104681258735101457,-0.24231994990957649168,real_estate,16860.71,0.25000000000000000000,12645.5325,0.58337163737470130261,1.7141731546981210,1.2856298660235907,0,0
F0000231,C000139,2024-12-17,0,term_loan,12236.97,10453.77,1783.2,0.1304,48,0,senior_secured,KZT,annuity,real_estate,Atyrau,micro,IE,state_related,17.7,15,0,1,0,136147.38,146437.74,6327.73,-529.49,161161.06,40486.24,6230.76,5647.46,11877.35,103454.3,61826.26,31966.43,22930.48,57706.76,6962.02,6595.74,6027.01,54896.91,0.65483889855216860926,0.56349486447991516873,0.95130813097113752358,0.34063383549351189425,8.6756087886177192,0.90889282133633629320,0.04647706037383899712,-0.00388909430354076590,0.12014774602067766656,0.19491572878172507847,0.35806887842509846982,-0.07027122926098149289,real_estate,17269.39,0.25000000000000000000,12952.0425,0.60533522029440530326,1.65197722926752740877,1.23898292195064555658,0,0
F0000577,C000367,2024-12-17,0,credit_line,69636.0,44040.17,25595.83,0.0973,36,1,senior_secured,KZT,amortizing,real_estate,Shymkent,micro,LLP,private,14.7,7,0,0,0,194271.65,206683.11,43886.82,32038.05,248672.79,87976.87,13786.94,8312.88,9549.75,105359.26,31088.27,19828.82,42268.25,143313.53,7366.24,44160.76,4833.93,62097.07,2.8299056203513415,2.5625095896297864,0.43329523737221461226,0.24971397152056724823,1.4149366484060590,5.9578319468276896,0.22590439727052300220,0.16491366599295368110,0.71115690321620649734,0.69529805606183323062,0.57631367710154375957,-0.06005067371010625880,guarantee,73836.89,0.30000000000000000000,51685.823,0.59645212575990131762,1.6765804945802889,1.1736063462062022,0,0
F0000286,C000176,2024-12-20,0,working_capital,16749.27,16021.58,727.7,0.1389,36,0,senior_secured,KZT,amortizing,services,Shymkent,micro,LLP,private,14.9,23,0,0,0,170658.22,159099.19,18319.01,11206.25,264877.79,168544.74,13842.17,9312.57,65312.61,181092.41,84707.96,27305.97,77596.54,83785.38,13567.32,19510.2,7383.98,104902.51,1.9897154883673270,1.8797781223866092,1.2520383627788046,0.39604117053377710528,5.7264289937065376,1.35023055400771854721,0.10734326187159341050,0.06566487099185729231,0.18598411038973233338,0.50692833838167990370,0.31631712119011563786,0.07265297830868906372,none,0.0,1.00000000000000000000,0.00,,0.000000000000000000000000,0.000000000000000000000000,0,0
F0000392,C000245,2024-12-20,0,term_loan,172957.42,145677.33,27280.09,0.1492,24,0,senior_secured,USD,amortizing,real_estate,Other,medium,LLP,private,10.9,211,0,0,0,2283581.56,2093413.31,288313.86,200613.04,2588431.56,747443.02,33360.84,242738.43,251375.86,1546851.67,771676.56,539186.65,649248.91,1041579.89,67024.72,141879.97,86103.11,1188435.56,0.96859624711161370510,0.65403643982655116543,1.1409931887221824,0.45913346845454163756,4.1220202178278908,4.3016048407214532,0.12625511829759213855,0.08785017514329551689,0.11938381412956037768,0.06187252596109343583,0.40239808001722865719,0.09084123478702827202,guarantee,126621.1,0.30000000000000000000,88634.77,1.1504980607497487,0.86918877494528489779,0.60843214246169942846,0,0
F0000175,C000107,2024-12-21,0,working_capital,302507.29,291428.44,11078.85,0.1216,24,0,senior_unsecured,USD,bullet,manufacturing,Astana,medium,LLP,private,7.3,206,0,0,0,2846946.91,2798768.82,345874.79,197669.31,2551765.07,939246.19,96249.29,183095.61,97496.72,1063470.61,278255.36,155212.85,654533.87,1488294.46,129362.51,237414.57,80312.02,809746.72,3.3754828298725315,2.7174699527800650,0.54407695638402094166,0.31732808381141450455,2.3411556534663888,2.6736864490338043,0.12148972247606823128,0.06943203236620945629,0.29319608729010967775,0.62011160802729928611,0.58324117588144585740,0.01721402984616642971,none,0.0,1.00000000000000000000,0.00,,0.000000000000000000000000,0.000000000000000000000000,0,0
F0000549,C000348,2024-12-23,0,credit_line,573464.94,250732.94,322732.0,0.1551,48,1,senior_secured,KZT,amortizing,trade,Atyrau,medium,LLP,private,3.5,166,0,0,0,1782581.44,1835867.42,172361.15,73530.78,3134331.13,863204.27,51252.12,90128.11,313865.68,1998369.16,1080907.25,426565.28,759424.92,1135961.97,117517.6,77663.49,113591.76,1185990.20,0.79859235841003009278,0.71521044937019341854,1.0440404092048962,0.37838701490355934410,6.8808440881254273,1.4666837137586200,0.09669187961476811965,0.04124960484273862966,0.06548409084661913733,0.12015070706176555204,0.36242564135206735480,-0.02902496085474407515,real_estate,388207.54,0.25000000000000000000,291155.6550,0.64587344181929078451,1.5482909425462805,1.1612182069097104,0,0
F0000333,C000208,2024-12-24,0,working_capital,50154.18,46172.79,3981.39,0.1007,24,0,subordinated,USD,amortizing,transport,Atyrau,small,LLP,private,2.7,23,1,0,0,233871.89,194292.43,33003.07,24540.03,353175.07,177935.62,25029.23,11477.28,75311.25,67784.27,27780.9,18719.09,32296.6,285390.8,6631.97,32079.65,4374.1,51015.69,6.4049624022259898,5.9918267586723252,0.17875730401961100358,0.14444872906799452181,1.5457861950418552,4.9763599654401332,0.14111601868869319866,0.10492936966473397038,0.62881929069272610054,1.3370965148412663,0.80807175885885716679,0.20371076732119722832,real_estate,65481.4,0.25000000000000000000,49111.050,0.70512832651714838107,1.4181815740396021,1.06363618052970158398,0,0
F0000054,C000032,2024-12-26,0,credit_line,540648.62,193055.91,347592.71,0.1172,36,1,senior_secured,USD,amortizing,construction,Astana,medium,LLP,private,20.5,96,0,0,0,5978550.28,3491484.59,1055426.18,737000.2,7046288.66,3686765.4,253692.0,666223.93,1519299.93,2803346.73,1213667.85,683650.1,1323609.0,4242941.93,231470.06,1022035.88,152981.36,2007259.1,3.0377054150359178,2.4887710999347968,0.47308191653709481713,0.28486756601311306483,1.9018469865888678,4.5596660751718818,0.17653546939810967016,0.12327406569874996518,0.50916988245314219774,0.37108456504284867361,0.60215272673770932342,0.71232326132076670572,none,0.0,1.00000000000000000000,0.00,,0.000000000000000000000000,0.000000000000000000000000,0,0
F0000139,C000085,2024-12-27,0,leasing,414614.49,358065.24,56549.26,0.1248,12,0,senior_secured,KZT,bullet,agriculture,Astana,medium,IE,private,10.9,129,0,0,0,3732847.49,3025235.23,394264.69,176004.66,4166771.71,2610206.01,537254.2,152159.63,1008824.03,1891766.63,863775.9,408781.57,823745.57,2275005.08,119217.89,185145.42,119088.73,1232527.14,3.0218555646204068,2.8456991911906780,0.54176896167634052052,0.29579905638746884936,3.1261413239922652,3.3070933397663723,0.10562035846795337465,0.04715024132957545501,0.15021609990673308825,1.3142818547323452,0.54598745463787359735,0.23390321948617529487,real_estate,799997.8,0.25000000000000000000,599998.350,0.44758278085264734478,2.2342235733354067,1.6756676800015550,0,0
F0000471,C000297,2024-12-28,0,credit_line,31986.7,23031.14,8955.57,0.1532,36,1,senior_unsecured,KZT,annuity,energy,Shymkent,micro,LLP,private,5.6,5,0,0,0,96751.29,110954.08,4571.32,-1250.8,118361.14,74137.18,7157.95,21231.64,8508.57,106580.07,54730.2,34304.92,33977.8,11781.07,9942.95,4414.02,5149.62,68282.72,1.3545936247263851,0.96666081980332613438,5.7959692965070236,0.57690150669383549364,14.9371997584942642,0.45975490171427996721,0.04724815555430837150,-0.01292799300143698342,0.06464329481895273065,0.20865665916142640764,0.09953494871712117676,-0.12800601834560748014,real_estate,26727.7,0.25000000000000000000,20045.775,0.86169554432293089192,1.16050269331001418080,0.87037701998251063560,0,0
F0000523,C000333,2024-12-28,0,term_loan,998882.96,859885.34,138997.62,0.0986,36,0,senior_secured,EUR,amortizing,agriculture,Karaganda,medium,LLP,private,18.6,91,1,0,0,2260890.91,2452562.96,472649.53,346150.09,2192811.8,1283809.86,188750.74,199298.27,383580.21,646752.79,306251.34,218366.98,174467.58,1546059.0,37356.38,469880.2,123499.2,392834.56,4.1920138537189747,3.5412468399321943,0.25408769005581287648,0.17914650039734372097,0.83113286921072364126,12.6524446426554179,0.20905454920865686527,0.15310340205666977537,1.1961274486643945,0.86437400013500209601,0.70505777103169546972,-0.07815173478767696956,real_estate,1656263.76,0.25000000000000000000,1242197.8200,0.51917174109998035579,1.9261448974115549,1.4446086730586662,0,0
F0000378,C000236,2025-01-02,0,term_loan,727716.32,695144.97,32571.35,0.119,24,0,senior_secured,KZT,annuity,services,Shymkent,medium,LLP,foreign_owned,8.7,112,0,0,0,5187514.28,5571484.33,408781.79,103807.64,4142741.13,1229394.62,172990.7,352889.5,267506.02,2768283.73,1763803.73,1263591.16,694237.16,1374457.4,244741.08,429331.87,285678.69,1957828.32,0.69701327822909185026,0.49694028031112055761,1.4244372506561498,0.47259248371138266127,4.7894215640085142,1.6702622624693819,0.07880109199429519450,0.02001105623944422183,0.21928984559790206733,0.13690401252886257925,0.33177487003635199383,-0.06891701156413375392,none,0.0,1.00000000000000000000,0.00,,0.000000000000000000000000,0.000000000000000000000000,0,0
F0000727,C000471,2025-01-02,0,credit_line,34466.05,12410.67,22055.38,0.1429,18,1,senior_unsecured,KZT,amortizing,manufacturing,Other,micro,LLP,private,8.3,5,0,0,0,151902.02,105963.39,16614.72,12444.36,251597.33,83783.45,16853.65,20295.07,35553.97,110249.2,50874.33,32089.33,28794.83,141348.13,8309.23,15549.32,10612.57,60884.16,1.6468708285691428,1.2479452800656048,0.43073905540879812135,0.24199048535212992920,3.6644710232853759,1.9995498981253377,0.10937787397428947949,0.08192359785603904412,0.25539187861013439292,0.52521040482926879433,0.56180298097758032647,0.43353303438102537112,none,0.0,1.00000000000000000000,0.00,,0.000000000000000000000000,0.000000000000000000000000,0,0
F0000161,C000099,2025-01-04,0,term_loan,12216.82,11712.11,504.71,0.1031,36,0,senior_unsecured,KZT,amortizing,services,Almaty,micro,LLP,private,10.7,8,1,0,1,173044.59,151584.94,29898.12,22330.01,253526.85,92358.91,12811.1,9652.53,17206.76,80463.28,24196.06,7640.69,36469.06,173063.57,4346.28,16450.08,12161.21,44109.75,3.8171053469035868,3.4181755211385655,0.25487599729972055933,0.17398453063255430342,1.4753352384698436,6.8790137772992076,0.17277697037509233892,0.12904194231093846967,0.37293523540713787768,1.6766941205571748,0.68262422698029814199,0.14156848299046066186,none,0.0,1.00000000000000000000,0.00,,0.000000000000000000000000,0.000000000000000000000000,0,0
F0000419,C000262,2025-01-05,0,working_capital,63685.32,56172.18,7513.14,0.1126,24,0,senior_secured,KZT,annuity,transport,Other,small,LLP,private,21.9,53,0,0,0,614431.13,275248.65,54551.65,19283.81,805130.21,408383.38,86565.17,43357.64,147093.11,421039.13,118684.37,46237.34,95731.45,384091.09,8506.81,30703.86,16600.78,141968.79,3.4409196425780412,3.0756007720308917,0.36962271111261654104,0.17633022365413415552,2.6024655532875724,6.4127034693380950,0.08878399439169040800,0.03138481932059659803,0.21627190032400783299,1.8721918259138610,0.47705462449359588681,1.2322766342359899,real_estate,34377.69,0.25000000000000000000,25783.2675,1.6339719160886028,0.61200562271216819429,0.45900421703412614572,1,0
F0000641,C000410,2025-01-06,0,term_loan,2253590.79,2252822.02,768.77,0.1169,48,0,senior_secured,KZT,amortizing,trade,Shymkent,medium,LLP,private,25.7,111,0,0,0,5084747.56,5015509.69,799929.8,545162.25,3606503.62,2025080.07,486287.73,527036.82,776829.13,1580822.72,516403.23,308007.93,510463.96,2025680.9,82295.51,820328.72,183587.86,818471.89,3.9215093019460781,2.9009176607977452,0.40404778956053739757,0.22694331580901061178,1.0231796465139816,9.7202119532402193,0.15731947172614406053,0.10721520460299901299,1.0022686545777400,1.5788156168576569,0.56167443968904154323,0.01380475251359747647,receivables,4934907.68,0.45000000000000000000,2714199.2240,0.45650742953716208122,2.1905448527176594,1.2047996689947127,0,0
F0000442,C000274,2025-01-07,0,term_loan,151322.21,125417.3,25904.91,0.1487,48,0,senior_unsecured,USD,amortizing,services,Atyrau,small,JSC,private,3.0,35,0,0,0,1071163.42,1006479.76,99534.33,58741.95,1830020.63,833095.4,54678.47,286214.26,198493.3,1339446.55,399150.21,82602.65,622668.01,490574.08,82775.79,52323.29,22857.63,705270.66,2.0871726461073389,1.3701136221373903,1.4376435461082656,0.38538945869697654720,7.0857025912567051,1.2024570227599157,0.09292170376766600189,0.05483939136009704290,0.07418895038112034889,0.66194571239542557049,0.26807024574362311970,0.06426722381382016068,none,0.0,1.00000000000000000000,0.00,,0.000000000000000000000000,0.000000000000000000000000,0,0
F0000556,C000353,2025-01-07,0,overdraft,277773.54,194896.92,82876.62,0.1175,24,1,senior_unsecured,USD,bullet,energy,Karaganda,medium,LLP,private,18.8,218,0,0,0,3460526.49,3333062.29,538252.16,340613.26,6132480.09,1954989.02,109690.32,303691.8,342988.1,2100199.85,994300.35,395577.12,758254.11,4032280.24,115201.12,272688.69,130172.38,1153831.23,1.9661956470195349,1.6607629877632045,0.28614857136020883310,0.18815083181134306789,2.1436629813060109,4.6722823528104588,0.15554054030662831308,0.09842816143274198719,0.23633325473431673365,0.27729187168357967721,0.65752846822532447880,0.03824236960179943112,receivables,304669.5,0.45000000000000000000,167568.225,0.63969947763067848931,1.5632340418719803,0.85977872302958917976,0,0
F0000281,C000171,2025-01-12,0,credit_line,5202.86,2902.84,2300.02,0.1001,36,1,senior_unsecured,KZT,annuity,energy,Atyrau,micro,LLP,private,23.5,7,1,0,1,76812.51,61371.67,9708.95,5405.44,123843.17,76618.31,13203.12,18204.9,11657.95,57148.73,22863.48,7452.98,22285.34,66694.44,1490.81,5410.89,4295.58,29738.32,3.3511219639354989,2.5548783474781617,0.44588904262484249062,0.24012886621038528003,3.0629800338862596,6.5125334549674338,0.12639803073744107568,0.07037187041537895325,0.18195008998490836066,1.7715222635777904,0.53853950928420194670,0.25159556518504384841,none,0.0,1.00000000000000000000,0.00,,0.00000000000000000000,0.00000000000000000000,0,0
F0000309,C000188,2025-01-12,0,credit_line,19365.31,11011.43,8353.88,0.1282,18,1,senior_secured,KZT,bullet,transport,Aktobe,micro,LLP,private,16.9,4,0,0,0,113038.38,108311.13,10275.3,5825.04,178111.63,102178.44,16587.26,35559.56,16624.76,131726.36,70034.56,25329.08,41021.34,46385.27,6176.37,6166.65,8198.38,66350.42,1.4589716848367435,0.95122865054053313107,1.4304200449841081,0.37252154730154341971,6.4572732669605754,1.6636470936812400,0.09090098424977428020,0.05153152407173563528,0.09294063247828725123,0.65487021241987470528,0.26042808097371294620,0.04364509907707545845,inventory,15381.78,0.55000000000000000000,6921.8010,0.71587488574144214779,1.39689213844160113627,0.62860146229872051132,0,0
F0000171,C000105,2025-01-13,0,working_capital,19650.45,18895.73,754.72,0.1097,24,0,senior_secured,KZT,amortizing,real_estate,Shymkent,micro,IE,state_related,6.9,6,0,1,0,55379.9,44118.11,7193.46,4567.25,41228.56,25984.88,6258.46,3451.88,8312.65,15697.34,7361.88,4593.33,7200.95,25531.22,1029.8,6259.24,3331.1,11794.28,3.5296527517427614,3.0607670866680793,0.46195520621419579636,0.28607062676940450988,1.6395837330019212,6.9852981161390561,0.12989297561028459784,0.08247125762235034733,0.53070132301420688673,1.3625104227216420,0.61926053201955149537,0.25526456142386879220,real_estate,28748.97,0.25000000000000000000,21561.7275,0.65726632988938386314,1.5214532595459397,1.1410899446594548,0,0
F0000537,C000338,2025-01-14,0,term_loan,284966.24,248887.75,36078.49,0.1191,12,0,senior_secured,KZT,amortizing,construction,Shymkent,medium,LLP,private,18.4,141,0,0,0,2005334.01,2412760.35,268501.26,195597.37,2301071.32,688904.35,128024.27,162537.92,241758.89,1101878.76,661252.36,451331.42,213531.94,1199192.55,46583.87,280545.72,120145.16,664863.36,1.0418176050063549,0.79601444447018684364,0.55442585930007653900,0.28893644200476150387,2.4762020111190540,5.7638246886744274,0.13389353527196200098,0.09753854920158662247,0.42195996482645697305,0.28365911241012203405,0.52114532025891313964,-0.16886316123356387218,guarantee,278124.06,0.30000000000000000000,194686.842,0.89488032786519799833,1.1174678544846020,0.78222749813922139599,0,0
F0000353,C000220,2025-01-18,0,credit_line,15214.31,9276.84,5937.47,0.131,18,1,subordinated,KZT,amortizing,transport,Karaganda,micro,LLP,private,4.3,8,0,0,0,33484.58,45092.02,2824.4,1266.08,42005.61,17403.17,3345.57,2399.35,7048.91,24127.91,9376.16,4659.29,6721.92,17877.7,1802.19,1911.28,2436.81,11381.21,1.8561084708452074,1.6002094674152318,0.63661488893985244187,0.27094499996548080125,4.0296027474861918,1.5672043458236923,0.08434927360594040600,0.03781083710770748804,0.16793293507456588535,0.71804287777751545836,0.42560267545215984246,-0.25741672251542512400,real_estate,15388.79,0.25000000000000000000,11541.5925,0.60283102180223396381,1.6588396479835806,1.2441297359876855,0,0
F0000506,C000321,2025-01-18,0,term_loan,201268.78,200642.77,626.01,0.1163,24,0,senior_secured,KZT,bullet,trade,Almaty,medium,LLP,state_related,18.3,127,1,1,0,1692053.55,1898207.5,261054.85,232595.04,2991105.48,1173148.5,100112.82,103900.44,480257.31,1010088.74,619165.7,144869.06,293816.04,1981016.74,36104.49,140298.85,38232.76,438685.10,1.8947246270263356,1.7269174632897139,0.22144441848583268408,0.14666319958733116961,1.6804326753553899,7.2305369775338192,0.15428285351843622207,0.13746316716749301463,0.31981676605838675624,0.69105728994168941249,0.66230253437936264287,-0.10860453875564183578,equipment,407311.13,0.40000000000000000000,244386.678,0.49260320973797106895,2.0300314334775183,1.2180188600865110,0,0
F0000124,C000076,2025-01-21,0,working_capital,9374.96,7622.43,1752.54,0.1686,36,0,senior_secured,KZT,amortizing,manufacturing,Astana,micro,IE,private,14.6,11,0,0,0,15674.62,18708.95,244.86,-92.54,24986.89,6949.66,1113.18,2274.55,1659.13,21128.28,7147.15,1844.67,8596.4,3858.61,1564.04,142.87,1034.7,10441.07,0.97236800682789643424,0.65412227251421895441,2.7059148242501834,0.41786192679441098912,42.6409785183370089,0.15655609830950615074,0.01562143133294459451,-0.00590381138426322297,0.01368346347644446403,0.60345752898892484835,0.15442538066962315038,-0.16218601257686829031,none,0.0,1.00000000000000000000,0.00,,0.00000000000000000000,0.00000000000000000000,0,0
F0000072,C000045,2025-01-30,0,term_loan,10486.1,9429.73,1056.38,0.137,12,0,senior_unsecured,USD,amortizing,real_estate,Atyrau,micro,LLP,foreign_owned,24.4,15,0,0,0,34600.75,27602.35,3132.42,1250.22,55978.62,25129.61,4557.91,4076.37,5755.14,33342.59,13781.88,4460.3,8770.9,22636.03,1511.74,1842.89,2356.92,13231.2,1.8233804096393235,1.5276029104882643,0.58451945857997184135,0.23636166807970614495,4.2239546420978030,2.0720626562768730,0.09053040757787042188,0.03613274278736732585,0.13928366285748836084,1.0218841781942919,0.40436920381388465811,0.25354362943734863155,real_estate,13826.1,0.25000000000000000000,10369.575,0.68202385343661625476,1.4662243775802701,1.0996682831852025,0,0
F0000680,C000437,2025-01-30,0,term_loan,192942.32,177642.61,15299.71,0.1062,12,0,senior_unsecured,KZT,bullet,construction,Karaganda,small,LLP,private,12.4,38,0,0,0,637038.15,509053.8,65895.66,21339.21,515085.31,283630.97,42489.03,14341.75,91039.92,277844.51,150242.13,44897.2,38373.32,237240.8,4958.81,44828.82,39726.13,83270.52,1.8878258049190330,1.7923682258764569,0.35099578150132692184,0.16166355045147763969,1.2636722964759743,13.2886035157628544,0.10344068090741504257,0.03349753856970732444,0.53835162792306328818,0.94636257940361537022,0.46058545136921105360,0.25141615679914382331,none,0.0,1.00000000000000000000,0.00,,0.000000000000000000000000,0.000000000000000000000000,0,0
F0000257,C000155,2025-02-02,0,credit_line,3811807.15,2188174.96,1623632.19,0.1546,48,1,senior_secured,KZT,annuity,transport,Shymkent,large,LLP,private,15.6,735,0,0,0,12359683.25,8899837.11,1095191.21,162016.52,20908787.15,12264413.18,1857150.21,3515585.34,5202864.63,14085474.24,5843208.09,1824652.83,7402060.01,6823312.91,1404787.89,1042227.18,379585.48,9226712.84,2.0989177505057842,1.4972644658971918,1.3522335794504843,0.44128398140970123176,8.4247506332706962,0.77961321975803763513,0.08860997388424173411,0.01310846861710634858,0.11295758284377256072,1.0178101715930257,0.32633709746287220682,0.38875387237283941706,none,0.0,1.00000000000000000000,0.00,,0.000000000000000000000000,0.000000000000000000000000,0,0
F0000163,C000101,2025-02-10,0,working_capital,5126.49,4954.65,171.84,0.0955,12,0,senior_secured,KZT,bullet,transport,Karaganda,micro,JSC,private,6.0,7,1,0,0,66236.31,48934.97,16227.86,13885.53,51752.75,22641.59,2095.54,7150.53,6362.17,15644.82,6735.22,2073.08,3628.32,36107.93,473.63,6997.88,1537.04,5701.40,3.3616704428363142,2.3000080175554770,0.15789883274948190051,0.11016612643772553149,0.35133406376441502453,34.2627367354263877,0.24499945724633512948,0.20963622520638604415,1.2273967797383099,1.0108341212109518,0.69770070189506837801,0.35355779312830885561,inventory,10052.08,0.55000000000000000000,4523.4360,0.49289798728223412468,2.0288173735783557,0.91296781811026005873,0,0
F0000686,C000443,2025-02-13,0,leasing,128401.92,105863.61,22538.31,0.1429,18,0,senior_secured,KZT,annuity,energy,Other,medium,LLP,private,22.8,177,1,0,0,2169499.66,1196337.07,252284.12,159761.46,1908964.19,508612.1,116431.19,162164.59,125052.23,1097748.0,645789.84,219691.01,313056.25,811216.19,69835.97,155941.65,165358.47,532747.26,0.78758145219503608171,0.53647098257228698426,0.65672661192819635417,0.27907661274672732337,2.1116955756073747,3.6125240331021392,0.11628677554160114503,0.07363977185412419009,0.29271225158436291160,0.52997703456322586891,0.42495097301956198560,0.81345183928806954047,real_estate,268291.42,0.25000000000000000000,201218.5650,0.39458440378003888458,2.5343120265783493,1.9007340199337619,0,0
F0000216,C000128,2025-02-14,0,credit_line,198141.98,72613.83,125528.15,0.1578,24,1,senior_unsecured,KZT,annuity,manufacturing,Atyrau,small,IE,private,7.6,29,1,0,0,1394461.04,856542.47,89665.31,10393.0,2246351.01,1211366.89,267957.54,356704.37,238301.96,2098813.81,1311337.55,572524.78,258548.68,147537.2,69298.76,87613.27,106761.23,831073.46,0.92376435800225502579,0.65174868209943351351,5.6329756834208593,0.36996598318799696402,9.2686174842868440,1.2938948691145412,0.06430105067689807956,0.00745305871005187782,0.10542181192983830816,0.46802784675975073079,0.06567860469855955415,0.62801155674160558554,none,0.0,1.00000000000000000000,0.00,,0.000000000000000000000000,0.000000000000000000000000,0,0
F0000429,C000268,2025-02-14,0,credit_line,491370.41,184177.96,307192.45,0.1076,36,1,senior_secured,KZT,amortizing,agriculture,Shymkent,medium,IE,private,17.7,98,1,0,0,1979647.53,1451572.11,320870.11,300103.34,2980608.05,1586602.67,93216.99,131310.66,647490.61,1512446.88,561820.22,323807.38,319823.07,1468161.17,99274.99,117841.72,137466.68,643630.45,2.8240398147293453,2.5903161869111795,0.43839223046608704411,0.21593931144351569473,2.0058909507027626,3.2321343975960108,0.16208446460163542345,0.15159432952188210999,0.18308910027485492646,0.28787790445047917067,0.49257102757942293016,0.36379551271483164553,real_estate,274992.2,0.25000000000000000000,206244.150,0.66975703310857544323,1.4930787592608801,1.1198090694456601,0,0
F0000635,C000405,2025-02-14,0,overdraft,50146.32,31540.24,18606.08,0.1073,18,1,senior_unsecured,KZT,amortizing,agriculture,Astana,small,IE,private,14.0,49,1,0,0,331285.46,362408.28,35945.21,24006.17,343157.69,89511.28,20686.44,12763.42,11925.8,163881.55,81056.65,43894.85,74290.23,179276.13,9661.28,13835.09,21386.72,118185.08,1.10430519889484699898,0.94684223934741936658,0.65923489089149793673,0.34440457971377532003,3.2879229249182297,3.7205432406472020,0.10850222644845324633,0.07246369943311125094,0.11706291521738615399,0.47127259803826644811,0.52243075187969705706,-0.08587778402855475598,real_estate,52321.79,0.25000000000000000000,39241.3425,0.60281270958046351243,1.6588900401518822,1.24416753011391162528,0,0
F0000307,C000187,2025-02-18,0,overdraft,993893.69,680899.13,312994.56,0.1498,12,1,senior_unsecured,KZT,annuity,agriculture,Astana,large,LLP,private,22.0,625,0,0,0,18551470.98,17085269.46,1074031.19,157500.45,21370168.92,11603979.66,1218237.98,602194.02,3611408.22,19490665.35,9765249.66,3393444.76,7650425.99,1879503.57,1144380.82,990032.21,979082.5,11043870.75,1.1882931890140738,1.1266261512048223,5.8759509299575313,0.51678911810866490802,10.2826350415391568,0.93852603192003864588,0.05789466458793986158,0.00848991706209164444,0.08964539991560477109,0.35899743952219219269,0.08794986960730116681,0.08581670446770934334,none,0.0,1.00000000000000000000,0.00,,0.000000000000000000000000,0.000000000000000000000000,0,0
F0000150,C000092,2025-02-21,0,working_capital,1106396.86,1050092.68,56304.18,0.1206,24,0,senior_secured,KZT,amortizing,energy,Karaganda,medium,JSC,private,6.7,98,1,0,0,2664755.88,2421098.85,611227.37,399204.22,2924341.55,922396.62,143744.09,181546.78,366658.43,1358659.21,815814.79,492822.79,372013.98,1565682.34,90824.71,666644.27,205563.37,864836.77,1.1306446405562223,0.90811033224832807947,0.55237052108539462737,0.29573726434246369067,1.4149182651948325,6.7297475543825023,0.22937462098779570007,0.14980892733783929206,0.77083247743964447765,0.29167500553292188456,0.53539653738462937067,0.10063902595302955102,inventory,1749176.51,0.55000000000000000000,787129.4295,0.60033545728326754171,1.6657353615682760,0.74958091270572422236,0,0
F0000376,C000235,2025-02-21,0,credit_line,20998.51,15690.32,5308.19,0.1046,48,1,senior_unsecured,EUR,amortizing,construction,Atyrau,micro,LLP,private,14.2,5,0,0,0,83859.32,73556.32,11302.06,8031.15,62523.83,22828.02,2240.9,2354.05,8010.01,34699.03,21502.78,13258.99,7149.39,27824.81,2948.66,9195.53,4185.93,20408.38,1.06163110072279026247,0.95215455861986217596,0.73345981517933096399,0.32640962653759374626,1.8057221426890319,3.8329478474968291,0.13477404777429628573,0.09576931937916978101,0.45057618488091656467,0.16900985670854265672,0.44502727999868210249,0.14006954127123270985,none,0.0,1.00000000000000000000,0.00,,0.000000000000000000000000,0.000000000000000000000000,0,0
F0000748,C000489,2025-02-21,0,term_loan,14226.98,11650.43,2576.54,0.1499,36,0,senior_secured,USD,annuity,construction,Almaty,micro,LLP,private,7.6,11,0,0,0,58278.43,73985.84,4987.48,377.36,63152.01,29258.53,5728.23,9766.22,5415.62,54403.75,21188.03,11300.01,17268.46,8748.26,1733.15,4043.83,727.86,28568.47,1.38089902647862967912,0.91996801967903575745,3.2656173913441073,0.45237625849121825259,5.7280370046596678,2.8776966794564810,0.08558020523202152151,0.00647512295715584651,0.14154870736864802350,0.50692256024552190662,0.13852702392212061025,-0.21230292174826966890,real_estate,21126.08,0.25000000000000000000,15844.5600,0.55147145140035444342,1.8133304950976058,1.35999787132320437958,0,0
F0000200,C000119,2025-02-22,0,credit_line,38590.87,21801.88,16788.99,0.1087,24,1,senior_secured,KZT,bullet,trade,Atyrau,micro,LLP,private,20.1,15,0,0,0,114682.5,112820.05,21085.15,19306.98,173437.71,105055.58,20358.94,28463.53,40071.18,93044.14,31189.47,7688.15,34108.28,80393.57,2511.36,10057.15,1338.21,41796.43,3.3683028278454235,2.4557021969273604,0.51989767340845791523,0.24098813343418798599,1.9822685634202270,8.3959089895514781,0.18385673489852418634,0.16835157936040808319,0.24062222539102023785,2.6480934945337955,0.46352993244664035290,0.01650814726637685411,receivables,14230.59,0.45000000000000000000,7826.8245,1.5320432954642077,0.65272306791891341481,0.35899768735540237814,0,0
F0000090,C000056,2025-02-24,0,credit_line,8883.62,3302.32,5581.3,0.1489,12,1,senior_unsecured,KZT,bullet,transport,Other,micro,IE,private,25.0,4,0,0,0,88112.39,67222.03,7068.24,1704.07,123908.83,32861.61,2673.19,10833.94,11788.52,96604.97,28455.31,20542.05,25032.23,27303.86,3567.45,3442.06,927.16,45574.28,1.1548498329485780,0.77411456772040086718,1.6691515412106567,0.36780494174628232709,6.4477550281258135,1.9813143842240256,0.08021845735883455210,0.01933973190376517990,0.07552637145337238460,0.13013258170435764688,0.22035443317477858519,0.31076657458871741898,guarantee,4187.07,0.30000000000000000000,2930.949,0.78869471969658973936,1.2679177063397854,0.88754239443784975411,0,0
F0000218,C000129,2025-02-24,0,credit_line,100920.24,58091.73,42828.5,0.1299,18,1,senior_unsecured,EUR,annuity,transport,Aktobe,small,LLP,private,12.2,21,1,0,0,748796.84,575599.82,116536.26,50909.0,543377.94,284409.36,27694.8,54843.46,56468.19,175895.89,82444.37,45549.8,80758.16,367482.05,10930.96,91905.52,54752.44,126307.96,3.4497123332981985,2.7844945628185406,0.34371191735759610571,0.23244955435621843610,1.0838511549967366,10.6611185110914320,0.15563134588014554121,0.06798773349524284851,0.72763046762848517227,0.60801145120285928808,0.67629180897553551769,0.30089832203213684118,receivables,49044.21,0.45000000000000000000,26974.3155,1.1844768220346500,0.84425459527543765696,0.46434002740149071133,0,0
F0000168,C000104,2025-02-25,0,credit_line,1033532.25,569547.56,463984.69,0.1049,36,1,senior_secured,KZT,amortizing,construction,Astana,medium,LLP,private,25.8,135,0,0,0,8067084.2,7769334.44,742438.16,484331.79,10258995.55,5163790.89,652911.35,765352.61,1115890.68,7776248.95,4421878.89,1019032.81,2364197.4,2482746.6,490874.97,536835.69,120312.94,3383230.21,1.1677820714804787,0.99469894798498201293,1.3626965434168755,0.32978181864987747265,4.5569185317737440,1.5124791553335873,0.09203302476996583226,0.06003802340379687620,0.15867548368811710274,0.64071671058363665445,0.24200679178577087890,0.03832371515210510104,none,0.0,1.00000000000000000000,0.00,,0.000000000000000000000000,0.000000000000000000000000,0,0
F0000430,C000268,2025-02-25,0,credit_line,480834.82,208802.05,272032.77,0.0935,12,1,senior_secured,USD,amortizing,agriculture,Shymkent,medium,IE,private,17.7,98,1,0,0,1979647.53,1451572.11,320870.11,300103.34,2980608.05,1586602.67,93216.99,131310.66,647490.61,1512446.88,561820.22,323807.38,319823.07,1468161.17,99274.99,117841.72,137466.68,643630.45,2.8240398147293453,2.5903161869111795,0.43839223046608704411,0.21593931144351569473,2.0058909507027626,3.2321343975960108,0.16208446460163542345,0.15159432952188210999,0.18308910027485492646,0.28787790445047917067,0.49257102757942293016,0.36379551271483164553,inventory,248741.17,0.55000000000000000000,111933.5265,0.83943502396487079320,1.1912774323815307,0.53607484457168883160,0,0
F0000021,C000013,2025-02-26,1,credit_line,14048.6,11749.73,2298.86,0.1182,48,1,senior_secured,KZT,annuity,real_estate,Astana,micro,LLP,private,8.3,11,0,0,0,60015.26,51299.77,6403.83,3715.24,68809.82,28350.38,5375.83,6749.56,4662.19,42092.31,17891.11,9136.2,9274.49,26717.52,1514.46,3710.75,1697.88,18410.69,1.5846071037515280,1.2073493483635169,0.68908678649814803170,0.26755904898457807330,2.8749498347082918,4.2284576680797116,0.10670336177832104701,0.06190492218145851572,0.20155409710336766303,0.58840984216632735711,0.38828062622457085340,0.16989335429768983370,receivables,7964.22,0.45000000000000000000,4380.3210,1.4753145945240086,0.67782153292033093526,0.37280184310618201440,0,0
F0000413,C000259,2025-02-26,0,overdraft,336917.2,202301.25,134615.96,0.1076,12,1,senior_unsecured,USD,annuity,construction,Aktobe,medium,LLP,private,21.8,245,0,0,0,8111034.86,8089067.62,374065.14,164967.47,10665335.85,3529182.82,145842.46,957055.58,1093570.49,8693671.9,2916142.54,1805278.62,1979018.51,1971663.95,456754.31,324052.19,207869.68,3784297.13,1.2102230160532551,0.88203069799187525312,1.9193418482901206,0.35482212498727829560,10.1166794906363100,0.81896356927644536075,0.04611805354760859701,0.02033864640547235917,0.08563074697044203820,0.08078667657405702838,0.18486656001554793982,0.00271567021465942449,real_estate,177446.04,0.25000000000000000000,133084.5300,1.1400719339806062,0.87713763508628839416,0.65785322631471629562,0,0
F0000293,C000179,2025-02-27,0,working_capital,75902.05,61819.4,14082.65,0.125,36,0,senior_secured,USD,bullet,transport,Shymkent,small,JSC,private,4.4,42,0,0,0,545015.62,346859.16,58667.27,52411.92,909351.79,578423.09,114595.68,44345.39,146336.13,780950.23,266892.81,151797.8,443702.54,128401.56,80423.73,47323.66,24781.51,595500.34,2.1672486793480873,2.0010943719315631,4.6377967682012586,0.65486244877793664430,10.1504695889207048,0.72947710831119123672,0.10764328185676586664,0.09616590438270374710,0.07946873716310556599,0.75492319388028021486,0.14120119563409008080,0.57128795445390572935,real_estate,94279.66,0.25000000000000000000,70709.7450,0.65570240707274506505,1.5250820939705012,1.1438115704778759,0,0
F0000440,C000273,2025-02-27,0,term_loan,764828.27,662776.23,102052.04,0.1207,36,0,senior_secured,KZT,annuity,trade,Other,large,IE,private,22.4,385,0,0,0,17201808.24,11491419.48,2219107.58,1165064.56,17905753.92,8614880.44,1908065.57,1783576.88,3133620.6,9217609.02,5217245.04,3370739.65,2142105.97,8688144.91,496107.52,2113974.19,870062.77,5512845.62,1.6512317082963770,1.3093698892088074,0.63452505420975995208,0.30788123441383695728,2.4842624439145037,4.4730375786281167,0.12900432030394497643,0.06772919124228070107,0.38346333921101168075,0.56606732293904692402,0.48521525252816609690,0.49692631706104945009,real_estate,1556709.51,0.25000000000000000000,1167532.1325,0.42575459695110361342,2.3487708815387058,1.7615781611540293,0,0
F0000426,C000266,2025-02-28,1,term_loan,10195.89,8480.43,1715.45,0.108,36,0,senior_secured,KZT,annuity,real_estate,Almaty,micro,LLP,private,12.1,3,0,0,0,116443.85,103087.62,8429.92,-637.68,132976.52,49555.32,3018.9,10835.21,13151.06,87989.92,31439.49,19899.99,25637.84,44986.6,4409.39,3970.33,2548.87,45537.83,1.5762125912347815,1.23157563942672098052,1.01225320428749894413,0.34245015586210257269,5.4019290811775201,1.9118109307636657,0.07239472071732427260,-0.00547628749822339265,0.08718750981326953875,0.15170359382090141754,0.33830483757583669658,0.12956192023833705735,inventory,19229.15,0.55000000000000000000,8653.1175,0.44101949384138144432,2.2674734653785244,1.0203630594203360,0,0
F0000684,C000441,2025-03-02,0,term_loan,23789.26,23126.29,662.96,0.1466,24,0,senior_secured,KZT,amortizing,services,Kostanay,small,JSC,private,2.6,27,0,0,0,270593.47,403898.44,11841.27,-952.24,255774.52,103665.79,15176.99,7892.5,43371.19,224566.62,68563.81,14029.92,139141.55,31207.89,14577.56,5885.34,4953.76,153171.47,1.5119607559731584,1.3968490082450202,4.9081008039953999,0.59885351363380527505,12.9353920652092216,0.81229437573914976169,0.04376036864452050524,-0.00351907974719419504,0.03842321288683852156,1.08175884110529496961,0.12201328732822956720,-0.33004576596037360283,none,0.0,1.00000000000000000000,0.00,,0.000000000000000000000000,0.000000000000000000000000,0,0
F0000373,C000232,2025-03-03,0,credit_line,377663.43,195648.74,182014.69,0.1068,24,1,senior_secured,USD,annuity,agriculture,Atyrau,medium,LLP,private,5.4,193,1,0,0,1473780.1,1525633.25,230963.69,128561.98,1648960.81,634247.95,88611.22,130248.23,156662.22,611512.6,235978.77,88988.56,118814.83,1037448.21,25746.44,187762.86,83736.39,207803.39,2.6877330956509350,2.1357841639737337,0.20030242280720692554,0.12602081792350177200,0.89972319891494632771,8.9707039109096248,0.15671516395152845394,0.08723281037652767872,0.90356013922583264883,0.99575967967118470060,0.62915273893016293092,-0.03398795221590772225,receivables,465295.01,0.45000000000000000000,255912.2555,0.42048321128567443696,2.3782162358929580,1.3080189297411269,0,0
F0000157,C000095,2025-03-04,0,leasing,17097.61,14253.0,2844.61,0.1441,36,0,senior_unsecured,KZT,bullet,manufacturing,Shymkent,micro,IE,private,4.4,10,0,0,0,80907.56,82946.21,8117.47,3211.86,107340.39,44213.92,2278.86,13630.09,4664.15,73206.93,41489.55,10028.14,23285.84,34133.46,4490.84,6508.03,4080.73,33313.98,1.06566400455054345010,0.73714537757097871633,0.97599188596761066707,0.31035829104030644942,4.1039856014250746,1.8075616143082363,0.10033017928114504998,0.03969789720515610655,0.19535432271977109910,0.22724652826944976835,0.31799269594604603169,-0.02457797649826315151,none,0.0,1.00000000000000000000,0.00,,0.000000000000000000000000,0.000000000000000000000000,0,0
F0000470,C000297,2025-03-04,0,overdraft,9127.49,6728.84,2398.64,0.1523,24,1,senior_unsecured,KZT,amortizing,energy,Shymkent,micro,LLP,private,5.6,5,0,0,0,99955.94,96751.29,8894.61,2020.61,142158.03,57976.98,7158.92,5973.6,5803.53,116651.17,67930.23,42225.27,43671.7,25506.87,10619.84,4673.54,5738.91,85896.97,0.85347834093893101790,0.76554105587453479842,3.3676013560268273,0.60423579308182590881,9.6571935138246646,0.83754651670834965499,0.08898530692623169769,0.02021500673196610427,0.05440867122553915464,0.16954113022841535412,0.17942616396695986854,0.03312255578194357925,none,0.0,1.00000000000000000000,0.00,,0.00000000000000000000,0.00000000000000000000,0,0
F0000751,C000492,2025-03-05,0,overdraft,25752.99,16488.35,9264.65,0.1081,24,1,senior_unsecured,KZT,amortizing,transport,Karaganda,small,LLP,private,5.2,40,0,0,0,276367.06,167577.19,36849.32,12930.04,466125.4,246690.63,33503.23,29741.9,76305.27,347702.86,160766.71,97391.2,83315.19,118422.53,19192.61,21420.68,6741.16,180706.39,1.5344633848636947,1.3494630200493622,1.5259460340865881,0.38767762923882714823,4.9039273994744001,1.9199744068159568,0.13333470349179819042,0.04678574935811814910,0.11853858626692725144,0.34400674804294433173,0.25405723438370876163,0.64919258999390072121,inventory,24198.76,0.55000000000000000000,10889.4420,0.68137169011965902385,1.4676277492896500,0.66043248718034248424,0,0
F0000081,C000048,2025-03-06,0,leasing,14351.32,12993.25,1358.06,0.1062,12,0,senior_unsecured,KZT,bullet,transport,Aktobe,micro,LLP,private,4.6,7,1,0,0,53116.98,59827.19,10582.33,10121.43,89795.79,57662.62,13021.26,3764.63,24530.73,23639.43,12071.42,5031.99,9117.91,66156.36,1603.91,10414.69,1251.65,14149.90,4.7767884805598679,4.4649254188819542,0.21388570955233933669,0.15757865708403478604,1.33712518887617377269,6.5978327961045196,0.19922687622677343478,0.19054980158887045160,0.73602569629467346059,2.5876959214942796,0.73674233502483802414,-0.11215987245932827532,real_estate,20307.58,0.25000000000000000000,15230.6850,0.63982266720111406677,1.5629330613972640,1.17219979604794797299,0,0
F0000690,C000447,2025-03-10,0,trade_finance,41260.26,20767.12,20493.14,0.1078,24,1,senior_unsecured,KZT,amortizing,energy,Other,micro,LLP,private,18.5,7,0,0,0,168891.05,236945.58,15233.05,3582.03,223823.3,61309.02,7858.08,6605.13,23257.14,121397.86,45629.95,9861.79,63538.42,102425.43,10488.7,14435.39,5902.15,73400.21,1.3436135695962849,1.1988593018401291,0.71662096024395504124,0.32793819946359471958,4.8184841512369486,1.45232965000429033150,0.09019453665543556038,0.02120911676492034362,0.19666687602119939439,0.79682086112156109591,0.45761737048823781974,-0.28721586619172216675,real_estate,22369.6,0.25000000000000000000,16777.200,0.92836349331235247836,1.07716428662231450485,0.80787321496673587864,0,0
F0000188,C000112,2025-03-15,0,overdraft,855903.95,496069.65,359834.3,0.1146,60,1,senior_unsecured,USD,annuity,agriculture,Astana,medium,LLP,foreign_owned,7.3,112,1,0,0,3682000.48,3418031.23,639418.45,402518.5,4079249.53,2574909.95,560239.49,355408.07,735165.21,1389938.06,383624.71,212310.8,698534.89,2689311.47,129554.3,641761.19,78073.72,910845.69,6.7120544711522884,5.7856071888591327,0.33869103678050352420,0.22328756387697616527,1.4244907853378332,4.9355247182069603,0.17366061016917629516,0.10932059954538626242,0.70457729234026457325,2.6387705665467795,0.65926623272786158782,0.07722844884597499713,real_estate,578491.28,0.25000000000000000000,433868.4600,0.85752312463551741005,1.1661493098801751,0.87461198241013131926,0,0
F0000108,C000068,2025-03-17,0,leasing,45837.11,38568.65,7268.46,0.134,12,0,senior_secured,KZT,annuity,construction,Atyrau,small,LLP,private,17.1,23,0,0,0,561096.31,928006.44,25414.62,-7493.4,717785.45,250475.79,28317.55,83321.88,47016.68,549287.92,283953.42,139973.71,101492.81,168497.53,17506.99,12306.6,28658.33,241466.52,0.88210168414242026034,0.58866665525634450890,1.4330567338286799,0.33640486861359477264,9.5010871695110924,1.4516841558714548,0.04529457696843524065,-0.01335492653658691856,0.05096607181815516288,0.20230620450083090603,0.23474637163514529307,-0.39537455149556936264,none,0.0,1.00000000000000000000,0.00,,0.000000000000000000000000,0.000000000000000000000000,0,0
F0000062,C000038,2025-03-18,1,term_loan,34066.7,28587.75,5478.95,0.1043,24,0,senior_secured,KZT,amortizing,trade,Almaty,small,LLP,private,6.1,31,0,0,1,343820.7,238469.97,6566.21,-8640.19,518541.39,336898.39,54407.73,98581.65,121450.46,297312.74,187845.15,57517.39,43707.76,221228.65,11590.15,4510.8,17174.05,101225.15,1.7934899570204501,1.2686872139099679,0.45755895540654431512,0.19521132151090195519,15.4160695439225977,0.56653365141952433748,0.01909777392693342780,-0.02512992964065281701,0.04456204806809374943,0.94593530756524244233,0.42663643494302354533,0.44177776346430537983,none,0.0,1.00000000000000000000,0.00,,0.000000000000000000000000,0.000000000000000000000000,0,0
F0000224,C000133,2025-03-18,0,term_loan,7100884.72,6060113.48,1040771.24,0.1278,24,0,senior_unsecured,KZT,amortizing,agriculture,Kostanay,large,LLP,private,23.8,350,0,0,0,35485271.48,26793985.45,4145794.13,2606585.9,61611780.56,20701995.56,2750864.47,1709854.67,2975044.27,26440335.4,14009785.64,5413264.46,8872414.08,35171445.15,1979580.07,4179720.97,465934.58,14285678.54,1.4776811074748179,1.3556339388787393,0.40617263462090069961,0.23186602318834201860,3.4458243926357241,2.0942795862760934,0.11683140517430247373,0.07345543069803224174,0.29258119999667863169,0.50817108425550670399,0.57085584656571723659,0.32437451480365717673,none,0.0,1.00000000000000000000,0.00,,0.000000000000000000000000,0.000000000000000000000000,0,0
F0000692,C000449,2025-03-22,0,credit_line,11676.28,9683.67,1992.61,0.0975,24,1,senior_secured,KZT,amortizing,energy,Atyrau,small,IE,private,13.5,55,0,0,0,225156.46,294022.48,23284.08,15183.73,216881.66,117354.35,24638.08,28399.39,48828.62,139538.07,37341.19,9208.21,71127.1,77343.59,10395.9,25052.0,2304.09,80335.31,3.1427587069399770,2.3822208129949795,1.0386809042611030,0.37041080375353084258,3.4502247887827219,2.2397368193230023,0.10341288897507093512,0.06743635070474993256,0.31184294925855143896,2.6756644342385762,0.35661655300867763554,-0.23422025417920425676,guarantee,17324.02,0.30000000000000000000,12126.814,0.55897361005124676605,1.7889932226108490,1.2522952558275943,0,0
F0000576,C000366,2025-03-25,0,credit_line,14000.71,5528.62,8472.09,0.1335,18,1,senior_secured,KZT,amortizing,services,Almaty,micro,LLP,foreign_owned,13.5,8,0,0,0,30315.89,43245.12,3132.26,1765.33,41408.8,22399.98,5346.13,1674.24,2515.64,20737.17,7982.27,3902.92,3859.27,20671.63,979.28,3344.19,833.22,7762.19,2.8062167779340964,2.5964719309168946,0.37549965822724187691,0.18745266706593767508,2.4781435768422800,3.1985336165345968,0.10332073378020569411,0.05823117843480762069,0.43083073204855846095,1.3697769874862923,0.49920862232182531249,-0.29897546821467948291,equipment,3506.72,0.40000000000000000000,2104.032,1.5765786832139435,0.63428486674794071577,0.38057092004876442946,0,0
F0000735,C000479,2025-03-27,0,overdraft,1059143.38,829547.84,229595.54,0.1226,36,1,senior_secured,KZT,amortizing,manufacturing,Astana,large,LLP,private,10.1,442,1,0,0,16144362.52,17702861.95,1616910.55,851602.14,27399553.12,7636009.59,1019903.69,2446105.6,1965273.21,18224432.56,7186817.17,4715023.48,7492865.67,9175120.57,1700613.2,1216507.39,882015.11,12207889.15,1.0625022745639152,0.72214220387632318188,1.3305426404876116,0.44555066633875085624,7.5501326588536391,0.95078090067747327846,0.10015326080524609032,0.05274919582269142455,0.09964928212016079782,0.21630935547324146093,0.33486387642222976518,-0.08803658043551539981,real_estate,651034.5,0.25000000000000000000,488275.875,1.2741995086281910,0.78480645552642268347,0.58860484164481701260,0,0
F0000719,C000465,2025-03-28,0,overdraft,53650.96,23025.6,30625.36,0.1235,48,1,senior_secured,KZT,annuity,energy,Kostanay,micro,LLP,foreign_owned,25.8,9,1,0,0,293649.25,363277.86,23778.8,11029.71,498528.99,281784.96,13047.56,90710.24,46792.52,348402.93,212942.6,53719.9,51456.21,150126.06,11923.43,16663.86,10946.47,105176.11,1.3232906896036772,0.89730622242801581271,0.70058529478492941199,0.21097290651041176161,4.4231041936514879,1.9942919109685720,0.08097687972981371483,0.03756083150220884269,0.15843769084062911245,0.24288131586246437540,0.30113807423716723074,-0.19166763975101593034,real_estate,55636.64,0.25000000000000000000,41727.4800,0.41385676777030388607,2.4162949065388090,1.8122211799041067,0,0
F0000515,C000326,2025-03-31,0,credit_line,7395.73,3899.18,3496.55,0.1379,12,1,senior_secured,KZT,amortizing,trade,Astana,small,LLP,private,20.5,36,0,0,0,348150.38,272759.33,30337.91,16524.36,528231.54,139256.91,23244.69,32736.52,24088.91,387357.05,97798.65,34818.63,194470.53,140874.49,18631.72,11702.04,19913.67,229289.16,1.4239144405367559,1.0891805766235014,1.6276130618112619,0.43406942341988893734,7.5578429759993355,1.6282935767604923,0.08714024669454619007,0.04746328296410304076,0.05103616760600457518,0.66759346935821426633,0.26669079623681690798,0.27640136086270632796,none,0.0,1.00000000000000000000,0.00,,0.00000000000000000000,0.00000000000000000000,1,0
F0000446,C000278,2025-04-03,0,term_loan,159666.12,150185.89,9480.23,0.1151,12,0,senior_secured,USD,amortizing,trade,Kostanay,small,LLP,private,7.2,20,0,0,0,575177.77,566528.43,123026.44,109418.76,835751.82,320305.28,25909.48,46137.13,130142.37,552935.25,196605.38,57202.31,122096.3,282816.57,23832.4,91777.75,28141.73,179298.61,1.6291786114906927,1.3945099060870054,0.63397491172458530276,0.21453570989531318041,1.4573989948827260,5.1621506856212551,0.21389289784269652841,0.19023468170544908229,0.51187095092371324016,0.45294464506765548454,0.33839779134432516103,0.01526726558100535219,real_estate,392415.96,0.25000000000000000000,294311.9700,0.38272115639741054365,2.6128683593378845,1.9596512695034134,0,0
F0000626,C000399,2025-04-09,0,working_capital,245012.57,206027.96,38984.61,0.1264,24,0,senior_secured,KZT,amortizing,trade,Almaty,small,IE,private,19.3,23,0,0,0,1122199.24,852230.54,80359.56,13212.17,1177662.91,396851.67,20407.2,76805.42,144532.8,864394.43,225650.16,110085.82,318205.46,313268.47,51650.54,52544.69,88246.5,428291.28,1.7587032510856629,1.4183293732209186,1.3671700825812441,0.36367900896191084085,5.3296867230233715,1.5558319428993385,0.07160899520837315841,0.01177346190325347217,0.12268447305301195952,0.18537537350405347392,0.26600860682620971735,0.31677895514047173198,equipment,453365.24,0.40000000000000000000,272019.144,0.45444145651748687217,2.2005034656461191,1.3203020793876715,0,0
F0000670,C000430,2025-04-11,0,term_loan,52025.66,48917.99,3107.67,0.1046,24,0,senior_secured,KZT,amortizing,transport,Kostanay,micro,LLP,foreign_owned,8.8,8,0,0,0,343269.61,250409.82,23705.33,-3548.04,346373.48,186915.85,34979.4,60516.19,26367.61,223381.39,135107.5,49130.5,64415.1,122992.09,8971.0,12476.63,18848.06,113545.6,1.3834602076124567,0.93554880373036285920,0.92319432900115771673,0.32781262583959949821,4.7898763695759561,2.6424400847174228,0.06905746768553149811,-0.01033601547192016211,0.10988210903813093594,0.71196914340379194187,0.35508518146366170990,0.37083126372599924396,none,0.0,1.00000000000000000000,0.00,,0.000000000000000000000000,0.000000000000000000000000,0,0
F0000739,C000482,2025-04-12,0,term_loan,51255.68,46335.86,4919.82,0.1003,36,0,senior_secured,KZT,annuity,services,Almaty,small,LLP,private,6.1,23,0,0,0,578821.69,425079.22,63954.36,61937.12,642854.74,236990.97,32045.98,45638.27,82759.89,444093.22,114281.56,65889.95,112718.03,198761.52,25558.16,56357.03,30011.22,178607.98,2.0737463681804834,1.6743969893305622,0.89860441799801088259,0.27783567404356386950,2.7927412611118304,2.5023068953320583,0.11049060721964306486,0.10700552703890553929,0.31553478181657952797,0.48635611348923470119,0.30918574233426356940,0.36167957116322929171,equipment,43096.16,0.40000000000000000000,25857.696,1.07517375097920557191,0.93008223004817435136,0.55804933802890461081,0,0
F0000303,C000184,2025-04-14,0,overdraft,119401.97,63578.88,55823.08,0.1114,24,1,senior_secured,KZT,amortizing,energy,Karaganda,medium,LLP,private,9.3,110,0,0,0,1945126.08,2260633.17,217266.29,61890.04,1537446.79,864888.84,97956.16,296224.21,165120.76,1073620.14,399615.24,232439.79,529107.02,463826.65,78874.3,135833.94,120855.73,761546.81,2.1643039439636987,1.4230303879301500,1.6418780809597724,0.49533214089314921917,3.5051310076680556,2.7545891373996346,0.11169779287520529260,0.03181800945263147158,0.17836584464190717311,0.42142595293172481355,0.30168631071778425581,-0.13956580580475159532,inventory,38601.92,0.55000000000000000000,17370.8640,1.6470393182515274,0.60715004731130840933,0.27321752129008878420,1,0
F0000609,C000390,2025-04-20,0,term_loan,219658.34,194432.64,25225.7,0.1037,48,0,senior_secured,KZT,amortizing,manufacturing,Other,small,LLP,state_related,22.3,19,0,1,0,1096211.96,922014.6,113980.18,50251.42,1382457.88,525967.67,92955.4,169655.44,118003.53,501658.48,194307.29,63164.89,196712.86,880799.4,16011.92,111255.81,21532.56,259877.75,2.7068859331011204,1.8337563660117950,0.29504760107693079718,0.18798239986884808382,2.2800257904488307,7.1184579987909008,0.10397640616874860588,0.04584097039043434629,0.42810825474670301709,1.4716308379544396,0.63712566779973072308,0.18893123818212856933,none,0.0,1.00000000000000000000,0.00,,0.000000000000000000000000,0.000000000000000000000000,0,0
F0000316,C000195,2025-04-22,0,credit_line,143331.56,135502.16,7829.4,0.092,12,1,senior_secured,KZT,annuity,trade,Aktobe,small,LLP,state_related,3.0,46,0,1,0,405326.46,364023.57,54189.76,40207.9,661046.06,299542.44,61216.5,79745.25,57850.3,285307.45,173945.73,56889.63,80013.43,375738.61,9030.57,49657.8,10388.63,136903.06,1.7220453758767174,1.2635963527244963,0.36435717905061712982,0.20710063683005689498,2.5263640215420773,6.0007020597813870,0.13369410918793705202,0.09919880384813762220,0.36272235259021967807,1.0760572708945374,0.56840004462018879592,0.11346213103728420662,real_estate,119748.93,0.25000000000000000000,89811.6975,1.1315521566664521,0.88374185326639811498,0.66280638994979858624,0,0
F0000366,C000227,2025-04-22,0,term_loan,100485.86,100228.28,257.58,0.1091,36,0,senior_unsecured,USD,amortizing,services,Almaty,small,LLP,private,6.6,40,0,0,0,633277.95,494629.82,78965.01,57880.7,759263.36,275860.78,12240.16,53112.26,89984.27,277288.56,155450.96,43577.51,43224.94,481974.8,13266.24,82221.72,24354.66,86802.45,1.7745839588253427,1.4329182656704082,0.18009748642460145219,0.11432456058461717420,1.0992520611344189,5.9523278638106954,0.12469249876772118783,0.09139857151192458225,0.94722810243259262843,0.28088250108829072611,0.63479264954916302033,0.28030685654981335335,none,0.0,1.00000000000000000000,0.00,,0.000000000000000000000000,0.000000000000000000000000,0,0
F0000192,C000114,2025-04-28,0,overdraft,12254.71,4967.39,7287.32,0.1432,12,1,senior_unsecured,KZT,annuity,agriculture,Shymkent,small,LLP,private,15.0,49,1,0,1,542134.97,562333.13,112880.99,91317.93,599845.05,164822.78,20265.43,49226.58,65187.9,363200.25,100902.18,57355.52,157378.64,236644.79,14264.67,107705.08,13637.26,214734.16,1.6334907729446480,1.1456263878540583,0.90741131465433910461,0.35798271570299696563,1.9023057823996760,7.9133264211509975,0.20821565891608135885,0.16844132006463261354,0.50157403926790222850,0.35333007180477136290,0.39450986550610028373,-0.03591849550105646452,real_estate,12973.45,0.25000000000000000000,9730.0875,0.38288890002273874721,2.6117236617217492,1.9587927462913119,0,0
F0000625,C000399,2025-04-28,0,term_loan,425819.53,365106.07,60713.45,0.132,24,0,senior_secured,KZT,bullet,trade,Almaty,small,IE,private,19.3,23,0,0,0,1122199.24,852230.54,80359.56,13212.17,1177662.91,396851.67,20407.2,76805.42,144532.8,864394.43,225650.16,110085.82,318205.46,313268.47,51650.54,52544.69,88246.5,428291.28,1.7587032510856629,1.4183293732209186,1.3671700825812441,0.36367900896191084085,5.3296867230233715,1.5558319428993385,0.07160899520837315841,0.01177346190325347217,0.12268447305301195952,0.18537537350405347392,0.26600860682620971735,0.31677895514047173198,receivables,243304.04,0.45000000000000000000,133817.2220,1.5006165536749821,0.66639275539845174308,0.36651601546914845869,0,0
F0000591,C000378,2025-04-30,0,leasing,51888.88,44896.38,6992.49,0.1168,60,0,senior_secured,EUR,bullet,services,Kostanay,small,LLP,private,8.1,35,0,0,0,702779.67,614912.81,68504.62,53142.02,1034745.15,291398.27,21348.47,43097.39,77056.68,554488.55,163470.09,83566.56,213962.47,480256.6,28487.86,39798.45,25291.16,297529.03,1.7825785132925540,1.5189376845635798,0.61952096025333124001,0.28753846297322582280,4.3431965610494591,2.4046951929699177,0.09747666718930557567,0.07561689995955631443,0.13376324992556188551,0.25546666034834986626,0.46413032233105900521,0.14289320139549540365,real_estate,36947.95,0.25000000000000000000,27710.9625,1.2151250610656342,0.82296055940367575292,0.61722041955275681469,0,0
F0000604,C000387,2025-04-30,0,overdraft,14080.97,8330.79,5750.18,0.129,48,1,senior_secured,USD,annuity,trade,Aktobe,small,LLP,private,24.4,55,0,0,0,766723.55,433493.89,100024.96,50921.3,1012505.55,496448.19,76960.71,74862.6,163845.0,499663.21,168798.81,126108.98,181761.25,512842.33,20398.59,51289.7,46531.88,307870.23,2.9410645134287380,2.4975625716792672,0.60032140872614785913,0.30406769622151700798,3.0779340476617036,4.9035232337137028,0.13045765973928934360,0.06641415931465780593,0.16659519174686035737,0.61027144934484443534,0.50650816679474003871,0.76870670541630932791,equipment,15038.51,0.40000000000000000000,9023.106,0.55396379029571413657,1.8051721385366814,1.0831032831220088,0,1
F0000240,C000145,2025-05-02,0,overdraft,122592.25,56708.82,65883.43,0.1186,48,1,senior_secured,KZT,amortizing,real_estate,Shymkent,medium,IE,private,2.2,197,0,0,0,1682182.94,2538031.01,65482.38,7859.28,2188664.2,692031.26,102850.28,233771.42,171951.48,1795012.54,779844.44,276109.34,403092.97,393651.66,77213.11,66834.6,103456.07,679202.31,0.88739654282846461020,0.58762980986310551884,1.7253891676717431,0.31032732659491574815,10.3722911415253997,0.84807333884103360168,0.03892702656941699813,0.00467207211125325049,0.09840160879311497041,0.37249837328936427866,0.17985932241227320299,-0.33720946143995301302,real_estate,45141.4,0.25000000000000000000,33856.050,1.2562485877708711,0.79602079535423237514,0.59701559651567428136,0,0
F0000497,C000313,2025-05-02,0,credit_line,4639.61,2312.23,2327.38,0.1441,12,1,senior_unsecured,KZT,annuity,services,Kostanay,micro,IE,private,23.1,12,0,0,0,66318.66,91927.27,4962.78,-487.13,84658.65,28125.35,5801.15,8108.28,10695.93,50061.4,26413.29,9951.79,19564.85,34597.24,1943.9,2684.19,5271.54,29516.64,1.06481812754109768227,0.75784084451425778462,0.85315013567556255933,0.34865474467169037068,5.9476019489076687,2.5530016976181902,0.07483233225761799168,-0.00734529316484983261,0.09093819621745564536,0.58292528278832250279,0.40866751359725202327,-0.27857468191973937657,none,0.0,1.00000000000000000000,0.00,,0.00000000000000000000,0.00000000000000000000,0,0
F0000400,C000250,2025-05-03,0,credit_line,80636.47,66673.09,13963.37,0.1032,24,1,senior_unsecured,USD,annuity,construction,Other,small,LLP,private,25.0,58,0,0,0,693403.33,501985.08,56879.36,11106.67,895121.86,416544.17,92813.79,64053.6,87759.33,324779.46,165439.66,108597.21,77370.13,570342.39,9429.17,60181.08,9080.66,185967.34,2.5178011729472848,2.1306291973762519,0.32606263055425355987,0.20775645005474450149,3.2695047904899071,6.0322764357838495,0.08202925705591866713,0.01601761849052556468,0.32361101685919688909,0.85466090703435198750,0.63716731261596046822,0.38132258831278411701,equipment,105734.16,0.40000000000000000000,63440.496,0.63057284419718282152,1.5858596024273061,0.95151576145638367743,0,0
F0000280,C000170,2025-05-04,0,term_loan,133147.55,131097.52,2050.03,0.1581,24,0,senior_unsecured,KZT,amortizing,construction,Other,small,IE,foreign_owned,25.5,37,0,0,0,719751.35,300785.53,48084.39,-10756.31,1039256.28,517883.4,55354.36,44317.5,156599.89,987293.47,467432.82,94425.11,244017.03,51962.81,45907.55,43608.27,7722.01,338442.14,1.1079311889139492,1.0131207731626547,6.5131608548498436,0.32565801767394660343,7.0385033479680204,1.04741790838326157680,0.06680694659343118981,-0.01494448047926551301,0.12885000077118056280,0.58622499883770323381,0.04999999615109374177,1.3929055031337445,none,0.0,1.00000000000000000000,0.00,,0.000000000000000000000000,0.000000000000000000000000,1,0
F0000361,C000224,2025-05-04,1,credit_line,835212.38,302340.47,532871.91,0.139,36,1,senior_secured,USD,bullet,trade,Atyrau,medium,LLP,private,21.1,271,0,0,0,2636492.79,2140886.11,362453.78,279695.76,4190239.91,2255528.09,485821.82,228540.69,470253.42,2142313.89,675727.29,189259.58,777049.39,2047926.03,68132.57,148307.75,84088.87,966308.97,3.3379265916580045,2.9997122063843241,0.47184759402662604957,0.23060946169070305094,2.6660198439646567,5.3198313229634520,0.13747573343449196385,0.10608629807783392421,0.15347860219076720358,2.5669602563843796,0.48873717829679112574,0.23149605095060381330,receivables,274042.52,0.45000000000000000000,150723.3860,1.1032611654570977,0.90640369779143361125,0.49852203378528848619,0,0
F0000387,C000243,2025-05-05,0,credit_line,533283.04,212779.46,320503.57,0.1043,12,1,senior_unsecured,KZT,bullet,services,Other,medium,LLP,private,23.7,108,1,0,0,3715633.9,2838667.7,678254.53,471006.04,3578778.33,2153313.99,390877.35,551392.88,722755.84,1447372.86,794384.72,451558.63,522759.56,2131405.47,108532.65,415780.99,158580.66,974318.19,2.7106689438840163,2.0165557942755999,0.45712474876964634983,0.27224882352520559718,1.4365081940551138,6.2493132711677085,0.18254073147518650855,0.12676330679403048831,0.42674045734484337196,0.86561815904171735130,0.59556789313631503966,0.30893584338878411165,real_estate,378248.49,0.25000000000000000000,283686.3675,0.56253882203204565337,1.7776550894527132,1.3332413170895349,0,0
F0000463,C000291,2025-05-07,0,term_loan,12690.94,10636.32,2054.62,0.1548,36,0,senior_secured,KZT,amortizing,trade,Astana,micro,JSC,private,6.6,6,0,0,0,70019.35,59263.8,7768.05,4576.13,102400.97,42154.23,7147.2,12388.57,15491.01,30795.11,12153.93,5083.69,15747.05,71605.86,1430.74,7746.57,1657.35,20830.74,3.4683620853501707,2.4490563957501812,0.29090831392849691352,0.20342326835380563290,2.6815919053044200,5.4293931811510128,0.11094147546356828505,0.06535521966427851730,0.37188165182801955187,1.4059079133464078,0.69926935262429643000,0.18148599988525879205,receivables,21169.0,0.45000000000000000000,11642.950,0.50244791912702536728,1.9902560284008003,1.09464081562044015223,0,0
F0000607,C000388,2025-05-08,0,term_loan,269486.57,248674.76,20811.81,0.1081,36,0,senior_unsecured,USD,amortizing,construction,Shymkent,small,IE,private,6.1,26,0,0,0,977509.56,759075.69,164921.41,107747.76,1254737.74,344351.72,77077.91,79303.56,106826.51,580392.26,185486.68,86695.71,245668.43,674345.48,30648.69,76165.2,61931.67,332364.14,1.8564768100868483,1.4289336571229805,0.49286923373461330237,0.26488733813011793205,2.0152880089977402,5.3810263994970095,0.16871590493703202248,0.11022680944419612633,0.22916190657632318577,0.88906256145776994040,0.53743938554043970974,0.28776296340092250879,none,0.0,1.00000000000000000000,0.00,,0.000000000000000000000000,0.000000000000000000000000,0,0
F0000238,C000144,2025-05-10,0,credit_line,34344.46,21758.05,12586.41,0.0871,36,1,senior_secured,KZT,annuity,agriculture,Kostanay,micro,LLP,private,16.2,11,1,0,0,87496.31,86650.34,14341.11,10372.56,96376.48,28337.06,1294.22,2292.3,5992.79,33849.6,9369.38,5371.19,16458.67,62526.88,3209.4,6998.32,5739.65,21829.86,3.0244327799704996,2.7797741152562923,0.34912760719869598483,0.22650609360292054659,1.5221876130927104,4.4684707421948028,0.16390531212116259531,0.11854854221852327258,0.32058474035106042824,0.24095591479727956002,0.64877737804908417489,0.00976303151262880215,guarantee,30340.09,0.30000000000000000000,21238.063,0.71713861099291399597,1.3944305670774725,0.97610139695423073299,0,0
F0000274,C000167,2025-05-12,0,leasing,16214.87,16207.34,7.53,0.1405,36,0,senior_unsecured,KZT,annuity,transport,Almaty,micro,LLP,private,18.3,6,0,0,0,97934.87,75003.24,16274.19,11865.96,131293.48,76881.1,15117.94,4919.49,22782.33,53302.31,20789.61,12774.38,28559.27,77991.17,2735.9,7468.52,6016.29,41333.65,3.6980539798485878,3.4614218352340424,0.52997858603736807641,0.31481875566098179437,2.5398284031340423,5.9483862714280493,0.16617360088393439436,0.12116174759817417433,0.18068861569205719795,1.18345782730747010814,0.59402165286501660250,0.30574185861837435289,real_estate,31017.77,0.25000000000000000000,23263.3275,0.52251789861102200448,1.9138100391550989,1.4353575293663241,0,0
F0000351,C000220,2025-05-19,0,term_loan,3346.12,2710.02,636.1,0.1356,48,0,senior_unsecured,KZT,amortizing,transport,Karaganda,micro,LLP,private,4.3,8,0,0,0,33484.58,45092.02,2824.4,1266.08,42005.61,17403.17,3345.57,2399.35,7048.91,24127.91,9376.16,4659.29,6721.92,17877.7,1802.19,1911.28,2436.81,11381.21,1.8561084708452074,1.6002094674152318,0.63661488893985244187,0.27094499996548080125,4.0296027474861918,1.5672043458236923,0.08434927360594040600,0.03781083710770748804,0.16793293507456588535,0.71804287777751545836,0.42560267545215984246,-0.25741672251542512400,none,0.0,1.00000000000000000000,0.00,,0.00000000000000000000,0.00000000000000000000,0,0
F0000504,C000320,2025-05-22,0,credit_line,126028.24,52637.64,73390.59,0.1357,36,1,senior_secured,KZT,bullet,energy,Karaganda,small,LLP,private,7.6,51,0,0,0,337478.27,486038.14,-15958.21,-44289.92,593104.84,175250.1,27912.66,9729.41,37482.65,515523.23,245834.73,60136.78,154018.79,77581.61,12570.58,-10056.02,21540.16,214155.57,0.71287771259984299208,0.67330067643412303868,2.7603908967601987,0.36107540447655089107,-13.4197738969470887,-1.26948875867302861125,-0.04728662974359801003,-0.13123784236537659151,-0.04695661196204236014,0.46415288613723581475,0.13080589596942085315,-0.30565475787558564848,none,0.0,1.00000000000000000000,0.00,,0.000000000000000000000000,0.000000000000000000000000,0,0
F0000049,C000031,2025-05-24,0,term_loan,44510.42,42968.64,1541.78,0.1112,36,0,senior_secured,KZT,bullet,transport,Karaganda,micro,LLP,private,15.2,12,0,0,0,172762.39,186429.06,28224.37,19900.32,217758.09,64161.64,15842.29,5621.55,15666.61,130013.31,45238.75,15690.36,66556.48,87744.78,6585.29,9939.31,6902.54,82246.84,1.4182894089690807,1.2940253654223426,0.93734168573902629877,0.37769820629855818445,2.9140363451868013,4.2859722199022367,0.16337103231785575553,0.11518895981932178641,0.12084731765986389264,1.00968301555859776321,0.40294613164544196728,-0.07330761631260705815,guarantee,93343.93,0.30000000000000000000,65340.751,0.46032602227054292657,2.1723733867304155,1.5206613707112908,0,0
F0000683,C000440,2025-05-25,0,credit_line,41656.48,26142.71,15513.77,0.1183,36,1,senior_unsecured,KZT,annuity,transport,Other,small,LLP,foreign_owned,16.5,40,0,0,0,316873.19,277921.52,32519.77,16419.91,342467.28,96441.26,23582.96,24875.69,13015.56,229834.77,64819.65,32269.99,118825.39,112632.51,8494.69,33873.45,11467.47,151095.38,1.4878398757167001,1.1040721447894273,1.3414899481508492,0.44119654292229026960,4.6462622583124050,3.8282468224267160,0.10262707930576266171,0.05181855239946301547,0.22418587517368168372,0.73080158996020761085,0.32888546316015941727,0.14015348649503644050,real_estate,53264.0,0.25000000000000000000,39948.000,0.49081387053169119856,2.0374322325420739,1.5280741744065554,0,0
F0000541,C000341,2025-05-26,0,overdraft,4032.08,3217.95,814.13,0.1461,18,1,senior_secured,KZT,amortizing,manufacturing,Aktobe,micro,LLP,private,10.8,6,1,0,0,70818.78,54880.91,5511.67,1617.0,70183.41,37450.7,5685.3,6659.24,14003.04,53556.8,15219.93,6365.3,29130.15,16626.6,3625.84,5968.37,4952.28,35495.45,2.4606354956954467,2.0231012889021172,2.1348592015204552,0.50575271278497297296,6.4400535590846332,1.5201084438364627,0.07782780217337830446,0.02283292652033824926,0.16814464952550256441,0.89317078535182945030,0.23690213969369684374,0.29040826764716547156,guarantee,6227.35,0.30000000000000000000,4359.145,0.51674468273021429661,1.9351916592861915,1.3546341615003341,0,0
F0000674,C000433,2025-05-28,0,term_loan,17339.33,14165.87,3173.46,0.1032,24,0,senior_secured,KZT,annuity,manufacturing,Astana,micro,LLP,state_related,6.2,9,0,1,0,88204.64,71261.13,15789.44,10219.15,101992.54,60732.81,9486.72,15971.25,21162.21,34037.8,12532.6,6617.04,7910.36,67954.74,1680.98,6742.95,6450.04,14527.40,4.8459864672932991,3.5716100410130380,0.21378052509655691420,0.14243590756735737731,0.92007062948400956589,9.3929969422598722,0.17900917684149042499,0.11585728369845395888,0.46415394358247174305,1.4336803162743462,0.66627167045746679120,0.23776650749153149831,none,0.0,1.00000000000000000000,0.00,,0.000000000000000000000000,0.000000000000000000000000,0,0
F0000575,C000365,2025-05-29,0,working_capital,3930229.11,3218972.46,711256.65,0.1439,36,0,senior_secured,KZT,annuity,real_estate,Aktobe,large,IE,private,23.2,437,0,0,0,17449866.6,10958450.75,3239342.31,2063628.51,23960732.12,6800384.03,449538.41,2320982.27,1103967.7,9987994.47,3599009.53,1503906.6,4046103.11,13972737.64,659593.74,2343127.46,600112.03,5550009.71,1.8895154273181377,1.2446206998512727,0.39720274243981296138,0.23162938770837524809,1.7133137467031078,4.9111174250986676,0.18563708160382154440,0.11826041753236096372,0.42218438929541980927,0.29891378227876651382,0.58315153184893584128,0.59236620194693123022,guarantee,4337071.99,0.30000000000000000000,3035950.393,0.74219945332288570105,1.3473467213198836,0.94314270492391848547,0,0
F0000069,C000043,2025-05-30,0,term_loan,31414.98,29723.63,1691.34,0.1262,60,0,senior_secured,KZT,annuity,construction,Karaganda,small,LLP,private,9.2,23,0,0,0,212232.55,337080.56,28659.21,19529.36,159194.93,61043.94,14767.87,12346.22,23680.51,124899.6,44618.07,32151.81,42559.74,34295.33,9064.35,31011.99,10304.98,74711.55,1.3681438932701482,1.09143492759771993724,2.1784759032789596,0.46930860172494186844,2.6068949562810699,3.1617501530722004,0.13503682634920986437,0.09201868422162387438,0.41508963473519154669,0.45931690937461996696,0.21542978787075693931,-0.37038033282014246090,real_estate,66111.99,0.25000000000000000000,49583.9925,0.44959514907961475672,2.2242232863213544,1.6681674647410158,0,0
F0000052,C000032,2025-06-01,0,overdraft,895929.44,721457.48,174471.97,0.1138,24,1,senior_secured,KZT,annuity,construction,Astana,medium,LLP,private,20.5,96,0,0,0,4353395.74,5978550.28,716154.57,479422.23,5719266.17,2517594.29,339180.76,170282.27,1038084.65,3076668.6,1330660.58,470643.98,883047.68,2642597.58,86023.94,638338.86,213172.25,1353691.66,1.8919883310889092,1.7640201079677283,0.51225796551285723950,0.23668974650990932985,1.8902227489800142,8.3250612562037963,0.16450481710628953756,0.11012603921921419439,0.47155410560777186143,0.72067374578975810973,0.46205186145410679496,-0.27183087268440602627,guarantee,1326333.84,0.30000000000000000000,928433.688,0.54394863362605601618,1.8384088830848354,1.2868862181593848,0,0
F0000275,C000168,2025-06-01,0,trade_finance,42077.11,24662.23,17414.89,0.1537,36,1,senior_secured,KZT,bullet,real_estate,Karaganda,micro,LLP,private,22.0,14,0,0,0,193226.62,217177.83,8714.19,-9551.16,150289.8,67848.15,15162.01,3456.69,17167.77,130898.61,60291.39,36357.22,23957.96,19391.19,8226.74,4900.67,13080.68,60315.18,1.12533729940543749282,1.06800423742096508307,3.1104424225640613,0.40132583848005653078,6.9214901212849387,1.0592519029408976,0.04509828925227797288,-0.04942983528874023672,0.08125102171625783095,0.41702885974230152910,0.12902532307581752055,-0.11028386276812877263,real_estate,38548.27,0.25000000000000000000,28911.2025,0.63977527396171086277,1.5630488402711353,1.17228663020335144064,0,0
F0000517,C000328,2025-06-07,0,credit_line,75647.59,31734.55,43913.05,0.1182,36,1,subordinated,USD,annuity,energy,Almaty,small,IE,private,25.1,29,0,0,0,444470.61,383916.59,44412.15,34701.36,671362.45,315220.52,65930.93,25590.03,79966.11,376972.05,112459.37,42996.48,222430.78,294390.4,24370.76,24653.19,25314.91,265427.26,2.8029724868634779,2.5754233729034762,0.90161656086611519941,0.39535612991164459675,5.9764559923354307,1.8223539192048176,0.09992145487414792173,0.07807346362001303078,0.09288115320182260104,1.5334029669405496,0.43849696985585059158,0.15772702086148452194,receivables,47871.27,0.45000000000000000000,26329.1985,0.66291431165289744768,1.5084905883335355,0.82966982358344454230,0,0
F0000552,C000350,2025-06-07,0,term_loan,7535.4,7508.15,27.25,0.1464,36,0,senior_unsecured,EUR,bullet,transport,Aktobe,micro,LLP,private,22.1,8,0,0,0,67507.96,59802.17,3557.75,-40.06,52467.83,16939.04,2663.42,921.08,2627.04,49844.44,24908.2,7249.6,16081.84,2623.39,2868.51,3282.9,3796.21,23331.44,0.68005877582482877125,0.64307978898515348359,8.8936223741037360,0.44468086444588998630,6.5579200337291828,1.2402780537631035,0.05270119257047613348,-0.00059341150288054920,0.14070713166439791114,0.36738854557492827190,0.04999997141105321108,0.12885468871781743037,real_estate,11380.13,0.25000000000000000000,8535.0975,0.65975959852831206673,1.5157036020857335,1.1367777015643001,0,0
F0000399,C000249,2025-06-08,0,credit_line,1944197.47,1686148.92,258048.56,0.1131,36,1,senior_secured,KZT,amortizing,manufacturing,Shymkent,large,LLP,state_related,7.1,323,0,1,0,8040580.87,7052358.27,963831.08,559105.96,9791498.35,6246444.37,738669.32,2110273.29,1178136.91,6605756.57,2066753.11,1292919.32,2825837.72,3185741.78,469585.45,1036871.45,364548.81,4118757.04,3.0223466652966595,2.0012893944550542,1.2928722176597753,0.42064624767056208512,4.2733183495182579,2.0525147872447922,0.11987082719311048979,0.06953551852031804762,0.25174377607862006835,0.57131895902058297033,0.32535794483384659918,0.14012654521591683118,real_estate,1639595.94,0.25000000000000000000,1229696.9550,1.0283929588164264,0.97239094397427245038,0.72929320798070433779,0,0
F0000467,C000294,2025-06-08,0,trade_finance,135953.68,94405.61,41548.08,0.1389,12,1,senior_secured,KZT,amortizing,real_estate,Almaty,small,LLP,foreign_owned,18.0,60,0,0,0,1350931.0,999748.28,206405.98,196109.64,1998815.54,1069157.02,194336.45,315655.89,479224.07,969912.88,435353.79,281758.58,160382.87,1028902.66,48620.91,174381.82,31641.49,442141.45,2.4558348739768637,1.7307788454075477,0.42972135964737422294,0.22120172729895826205,2.1420961253157491,4.2452101369554786,0.15278795142016875769,0.14516628902586438538,0.39440278670999970711,0.68972682216101458206,0.51475618405488282325,0.35127114197185715588,receivables,74173.28,0.45000000000000000000,40795.3040,1.2727711380702053,0.78568720651240959091,0.43212796358182527500,0,0
F0000657,C000421,2025-06-08,0,term_loan,43717.82,39341.52,4376.31,0.0967,48,0,senior_secured,KZT,annuity,real_estate,Other,small,LLP,private,3.7,22,0,0,0,208746.53,379823.57,20365.01,12685.5,174829.4,56615.17,4832.72,13478.2,11053.4,148893.74,81181.01,34181.43,42103.52,25935.67,4922.68,18623.38,8211.73,76284.95,0.69739425513429803349,0.53136774228357099770,2.9413140281319125,0.43633936855014088020,3.7458832576070427,4.1369761999561215,0.09755855582365848189,0.06076987243811909113,0.24412914998305694636,0.14138437157251759215,0.14834844711473013120,-0.45041185832674891661,none,0.0,1.00000000000000000000,0.00,,0.000000000000000000000000,0.000000000000000000000000,0,0
F0000215,C000127,2025-06-11,0,leasing,97679.22,90356.97,7322.24,0.1448,36,0,senior_secured,KZT,amortizing,manufacturing,Kostanay,small,LLP,private,24.1,35,0,0,0,378005.32,331995.16,36962.34,21526.33,663068.68,277732.27,51737.9,32776.65,105614.64,348433.45,128257.75,27354.48,123017.26,314635.23,10330.55,35628.49,10688.78,150371.74,2.1654229081673427,1.9098699298872778,0.47792403921201068297,0.22678154546524501806,4.0682418916118406,3.5779643871817086,0.09778259205452452362,0.05694716148439392334,0.23693607588766346655,1.8913867125238718,0.47451378641500605940,0.13858683963946944287,none,0.0,1.00000000000000000000,0.00,,0.000000000000000000000000,0.000000000000000000000000,0,0
F0000294,C000180,2025-06-14,0,overdraft,97003.45,34965.25,62038.21,0.1253,18,1,senior_secured,EUR,amortizing,energy,Almaty,medium,LLP,private,14.0,239,1,0,0,3506064.56,4996253.12,458234.69,261615.29,4729400.09,1515131.87,238222.27,378397.67,296013.09,3724207.38,1272675.25,892455.74,1360866.21,1005192.71,112803.46,347097.57,189257.4,2253321.95,1.1905094170724228,0.89318480892906497553,2.2416815478098722,0.47644984715175577374,4.9173971311512884,4.0622396688895890,0.13069773307311831132,0.07461793287685495443,0.15403816130224977394,0.26692894596655291836,0.21254127180430615672,-0.29826122180134860741,none,0.0,1.00000000000000000000,0.00,,0.000000000000000000000000,0.000000000000000000000000,0,0
F0000708,C000459,2025-06-14,0,term_loan,6048.1,5742.65,305.45,0.1361,36,0,senior_unsecured,USD,bullet,energy,Shymkent,micro,IE,private,5.8,11,0,0,1,57098.19,47632.76,10977.56,10090.1,56352.51,35809.9,2693.04,10397.3,14564.19,22139.76,9974.79,2148.83,8334.63,34212.74,1154.36,10249.79,2574.53,10483.46,3.5900404920805350,2.5476827081071381,0.30641977228365807591,0.18603359459942423150,0.95498999777728384085,9.5096503690356561,0.19225758294614943136,0.17671488360664322284,0.97771060317872152896,1.2532587501105253,0.60712007326736644029,0.19871680750810996465,none,0.0,1.00000000000000000000,0.00,,0.00000000000000000000,0.00000000000000000000,0,0
F0000061,C000037,2025-06-17,0,credit_line,1420895.74,552083.93,868811.81,0.1132,18,1,senior_secured,EUR,annuity,agriculture,Other,medium,LLP,private,5.4,114,1,0,0,4766356.69,4200509.9,635018.35,511436.27,5757730.33,1963942.32,488290.65,166294.15,853452.97,3554235.47,2081208.91,1326156.04,625892.76,2203494.86,233433.92,582668.93,296457.88,1952048.80,0.94365458006808168047,0.86375190946112180540,0.88588761219075410051,0.33903095284422603377,3.0740037669777574,2.7203345169373842,0.13322929677761904974,0.10730130018867723473,0.29849096497997386131,0.36819999703805594400,0.38270199083811554613,0.13470907186767968336,equipment,1660411.69,0.40000000000000000000,996247.014,0.33249821916153818455,3.0075349050641630,1.8045209430384978,0,0
F0000199,C000119,2025-06-18,0,term_loan,38630.0,35454.74,3175.26,0.1295,12,0,senior_unsecured,KZT,annuity,trade,Atyrau,micro,LLP,private,20.1,15,0,0,0,114682.5,112820.05,21085.15,19306.98,173437.71,105055.58,20358.94,28463.53,40071.18,93044.14,31189.47,7688.15,34108.28,80393.57,2511.36,10057.15,1338.21,41796.43,3.3683028278454235,2.4557021969273604,0.51989767340845791523,0.24098813343418798599,1.9822685634202270,8.3959089895514781,0.18385673489852418634,0.16835157936040808319,0.24062222539102023785,2.6480934945337955,0.46352993244664035290,0.01650814726637685411,guarantee,54254.86,0.30000000000000000000,37978.402,0.65348505184604660301,1.5302568852570912,1.07117981967996380738,0,0
F0000289,C000178,2025-06-18,0,credit_line,206376.39,176330.29,30046.11,0.1923,60,1,senior_secured,KZT,annuity,trade,Astana,medium,LLP,private,22.1,90,0,0,0,3714093.92,2384496.4,203337.08,32076.29,6300173.84,2430053.07,405367.25,195511.76,323347.46,4518220.11,2805171.74,796213.87,1009663.38,1781953.73,176322.17,120696.48,176943.69,1805877.25,0.86627604126655004731,0.79657914634488653447,1.0134254439928696,0.28663927311567643981,8.8811998775629118,1.1532133480435274,0.05474742545013508974,0.00863637018635220727,0.06683537322373378368,0.50911854876378880463,0.28284199376949255737,0.55760097603837858594,none,0.0,1.00000000000000000000,0.00,,0.000000000000000000000000,0.000000000000000000000000,0,0
F0000184,C000110,2025-06-20,0,term_loan,92993.55,92347.82,645.73,0.1035,24,0,subordinated,KZT,bullet,real_estate,Almaty,small,LLP,private,9.1,32,0,0,0,1346752.36,899641.5,135780.81,93456.56,1769136.84,938767.66,76834.76,172197.38,116162.75,898307.0,374276.42,258402.12,243357.25,870829.84,76064.79,61886.16,70687.87,501759.37,2.5082201545050581,2.0481393938736509,0.57618531997020221539,0.28361817958637953636,3.6953629161587709,1.7850678349338768,0.10082091855402428996,0.06939401984786572047,0.12333832450403467303,0.29734570289129206835,0.49223430336796332838,0.49698781125592805579,none,0.0,1.00000000000000000000,0.00,,0.000000000000000000000000,0.000000000000000000000000,0,0
F0000710,C000461,2025-06-21,0,credit_line,330495.14,244543.88,85951.26,0.126,36,1,senior_unsecured,KZT,annuity,construction,Kostanay,medium,JSC,foreign_owned,8.6,261,0,0,0,1014286.89,2620933.54,38659.4,-36017.12,1307124.34,731973.92,61384.2,170630.54,271939.5,1184879.98,416466.87,89078.8,233480.58,122244.36,33074.56,33846.54,37338.7,322559.38,1.7575801887914878,1.3478704320466115,2.6386442695597572,0.24677023457462355877,8.3436209563521420,1.16885606339131949148,0.03811485722742605891,-0.03550979545836385601,0.10493119127399116405,0.68909998787590313296,0.09352160024806821362,-0.61300549040247697391,equipment,312487.32,0.40000000000000000000,187492.392,0.78257216964835565168,1.2778374171539275,0.76670245029235652922,0,0
F0000226,C000134,2025-06-22,0,trade_finance,151676.13,67638.94,84037.19,0.0855,36,1,senior_unsecured,KZT,bullet,agriculture,Kostanay,small,IE,private,12.6,39,1,0,0,471072.33,610115.66,38116.48,23753.18,801380.24,233387.46,54830.29,45848.19,96287.33,406004.83,210543.64,131619.7,66511.86,395375.42,23588.46,39753.69,36238.96,198131.56,1.1084992165994660,0.89073823365075287955,0.50112260392919721717,0.24723789046757629063,5.1980550145239015,1.6158952301252392,0.08091428337554871881,0.05042363664195687316,0.20064289606360541450,0.41658118047678273085,0.49336806707387743925,-0.22789667454200405215,none,0.0,1.00000000000000000000,0.00,,0.000000000000000000000000,0.000000000000000000000000,0,0
F0000588,C000375,2025-06-22,0,trade_finance,102467.84,67862.07,34605.78,0.1181,24,1,senior_unsecured,KZT,annuity,services,Other,small,LLP,private,4.7,83,0,0,0,389550.13,720119.91,44616.97,16322.24,662513.99,350976.61,32865.11,36883.28,98139.69,468160.47,248056.85,164583.31,104568.94,194353.52,40502.62,40609.37,30840.63,269152.25,1.4149039222258930,1.2662151035135696,1.3848591473928540,0.40625896820684496036,6.0325084827589144,1.10158231739082558116,0.11453460431395569038,0.04190022988825597363,0.15087880558308540984,0.19968677261382092753,0.29335760894649183182,-0.45904824378484411020,real_estate,119889.27,0.25000000000000000000,89916.9525,0.56603956300676449193,1.7666609639228512,1.3249957229421384,1,0
F0000117,C000072,2025-06-23,0,leasing,69883.09,60803.6,9079.49,0.1159,12,0,senior_secured,KZT,amortizing,agriculture,Astana,small,LLP,private,21.5,47,1,0,0,1094036.54,858077.17,193902.55,150233.57,1838984.1,695818.02,30782.1,160868.1,176352.4,346657.12,97270.66,32544.63,206869.62,1492326.98,12963.29,174997.49,33298.15,239414.25,7.1534213914041500,5.4996020382713554,0.16043015586302674766,0.13018831973588026128,1.2347142933396183,14.9578193498718304,0.17723589926895860352,0.13732043172890733613,0.73094015915928145463,0.94584267819299220793,0.81149531417917098903,0.27498618801383563206,inventory,132155.69,0.55000000000000000000,59470.0605,0.46009067032982083480,2.1734846291995869,0.97806808313981408996,0,0
F0000059,C000036,2025-06-24,0,credit_line,56336.79,31412.08,24924.7,0.1146,36,1,senior_unsecured,KZT,annuity,construction,Atyrau,small,IE,state_related,24.5,37,1,1,0,266837.55,309664.06,46828.24,38852.74,432848.64,235459.81,28771.04,72794.24,84698.99,62929.97,38426.91,20338.01,15121.93,369918.67,5245.16,32351.12,17827.4,35459.94,6.1274718680216546,4.2331160637168068,0.09585874646445933643,0.08192226271058631488,0.75723409634869899018,8.9278954312165882,0.17549344160894896539,0.14560446983567342752,0.91232867286295464685,1.41464381225105111070,0.85461437513122369981,-0.13829990474193227332,guarantee,67532.89,0.30000000000000000000,47273.023,0.46513750559171982718,2.1499018848799570,1.5049313194159699,0,0
F0000151,C000092,2025-06-25,0,term_loan,304924.26,244557.36,60366.9,0.1072,48,0,senior_unsecured,KZT,amortizing,energy,Karaganda,medium,JSC,private,6.7,98,1,0,0,2664755.88,2421098.85,611227.37,399204.22,2924341.55,922396.62,143744.09,181546.78,366658.43,1358659.21,815814.79,492822.79,372013.98,1565682.34,90824.71,666644.27,205563.37,864836.77,1.1306446405562223,0.90811033224832807947,0.55237052108539462737,0.29573726434246369067,1.4149182651948325,6.7297475543825023,0.22937462098779570007,0.14980892733783929206,0.77083247743964447765,0.29167500553292188456,0.53539653738462937067,0.10063902595302955102,none,0.0,1.00000000000000000000,0.00,,0.000000000000000000000000,0.000000000000000000000000,0,0
